namespace AddNsw_MulNsw_arg0_arg1_arg2 {
namespace {
static const unsigned char kBlob_bw32_0[] =
    "\xe0\xff\xff\xff\x00\x00\x00\x00\x1d\x00\x00\x00\xe2\xff\xff\xff\x7f\xf8\xff\xff\x80\x07\x00\x00\x01\xf8\xff\xff\x00\x00\x00\x00"
    "\xfc\xff\xff\xff\x00\x00\x00\x00\x02\x00\x00\x00\xfd\xff\xff\xff\xe6\xff\xff\xff\x19\x00\x00\x00\xe0\xff\xff\xff\x10\x00\x00\x00"
    "\x00\xff\xff\xff\x00\x00\x00\x00\x46\x00\x00\x00\xb9\xff\xff\xff\xff\x0b\xfe\xff\x00\xf4\x01\x00\x00\x00\xfe\xff\x00\x80\x01\x00"
    "\x03\xfc\xff\xff\x00\x00\x00\x00\xf6\x25\x00\x00\x09\xda\xff\xff\xff\xff\xfd\xfd\x00\x00\x02\x02\x03\x00\x00\xfc\x00\x00\x00\x00"
    "\x01\xfc\xff\xff\x00\x00\x00\x00\xf6\x25\x00\x00\x09\xda\xff\xff\xff\xff\xfd\xfd\x00\x00\x02\x02\x01\x00\x00\xfc\x00\x00\x00\x00"
    "\xfc\xff\xff\xff\x03\x00\x00\x00\x00\xff\xff\xff\x00\x00\x00\x00\x00\xff\xff\xff\x00\x00\x00\x00\x00\xfc\xff\xff\x00\x00\x00\x00"
    "\xf0\xff\xff\xff\x00\x00\x00\x00\xf5\xff\xff\xff\x0a\x00\x00\x00\xf0\xff\xff\xff\x00\x00\x00\x00\x00\xff\xff\xff\x00\x00\x00\x00"
    "\x00\xff\xff\xff\x00\x00\x00\x00\x2f\x49\x00\x00\xd0\xb6\xff\xff\xff\xff\xfd\xfd\x00\x00\x02\x02\x0f\x00\x00\xfc\x00\x00\x00\x00"
    "\x00\xff\xff\xff\x00\x00\x00\x00\x93\x00\x00\x00\x6c\xff\xff\xff\xff\x0b\xfe\xff\x00\xf4\x01\x00\x03\x00\xfe\xff\x00\x00\x01\x00"
    "\x00\xff\xff\xff\x00\x00\x00\x00\x02\x00\x00\x00\xfd\xff\xff\xff\x00\x00\x00\x00\xff\xff\xff\xff\x00\x00\x00\x00\x00\xfc\xff\xff"
    "\x00\xfc\xff\xff\x00\x00\x00\x00\xf6\x25\x00\x00\x09\xda\xff\xff\xff\xff\xfd\xfd\x00\x00\x02\x02\x00\x00\x00\xfc\x00\x00\x00\x00"
    "\xe0\xff\xff\xff\x00\x00\x00\x00\xf0\xfd\xff\xff\x0f\x02\x00\x00\xe8\xff\xff\xff\x17\x00\x00\x00\x00\xc0\xff\xff\x00\x00\x00\x00"
    "\x00\xf8\xff\xff\x00\x00\x00\x00\x9f\x86\x01\x00\x60\x79\xfe\xff\xf5\x7a\x00\x20\x0a\x85\xff\xdf\x15\x00\x00\x20\x0a\x00\x00\xd0"
    "\x00\xff\xff\xff\x00\x00\x00\x00\xfc\xff\xff\xff\x03\x00\x00\x00\x00\xff\xff\xff\x00\x00\x00\x00\x00\xfc\xff\xff\x00\x00\x00\x00"
    "\x00\xf8\xff\xff\x00\x00\x00\x00\x9f\x86\x01\x00\x60\x79\xfe\xff\x58\x78\x00\x60\xa7\x87\xff\x9f\x18\x00\x00\x60\x07\x00\x00\x90"
    "\x00\xf8\xff\xff\x00\x00\x00\x00\x9f\x86\x01\x00\x60\x79\xfe\xff\x4d\x78\x00\x60\xb2\x87\xff\x9f\x0d\x00\x00\x60\x12\x00\x00\x90"
    "\x00\xf8\xff\xff\x00\x00\x00\x00\x9f\x86\x01\x00\x60\x79\xfe\xff\xef\x78\x00\x20\x10\x87\xff\xdf\x0f\x00\x00\x20\x10\x00\x00\xd0"
    "\x00\xf8\xff\xff\x00\x00\x00\x00\x9f\x86\x01\x00\x60\x79\xfe\xff\xec\x78\x00\x20\x13\x87\xff\xdf\x0c\x00\x00\x20\x13\x00\x00\xd0"
    "\x00\xf8\xff\xff\x00\x00\x00\x00\x9f\x86\x01\x00\x60\x79\xfe\xff\xe9\x78\x00\x20\x16\x87\xff\xdf\x09\x00\x00\x20\x16\x00\x00\xd0"
    "\x00\xf8\xff\xff\x00\x00\x00\x00\x9f\x86\x01\x00\x60\x79\xfe\xff\x48\x78\x00\x20\xb7\x87\xff\xdf\x08\x00\x00\x20\x17\x00\x00\xd0"
    "\x00\xf8\xff\xff\x00\x00\x00\x00\x9f\x86\x01\x00\x60\x79\xfe\xff\x43\x78\x00\x20\xbc\x87\xff\xdf\x03\x00\x00\x20\x1c\x00\x00\xd0"
    "\x00\xf8\xff\xff\x00\x00\x00\x00\x9f\x86\x01\x00\x60\x79\xfe\xff\x3c\x78\x00\x20\xc3\x87\xff\xdf\x1c\x00\x00\x20\x03\x00\x00\xd0"
    "\xc0\xff\xff\xff\x00\x00\x00\x00\xfc\xfe\xff\xff\x03\x01\x00\x00\xde\xff\xff\xff\x21\x00\x00\x00\x00\xc0\xff\xff\x00\x00\x00\x00"
    "\x00\xf8\xff\xff\x00\x00\x00\x00\x9f\x86\x01\x00\x60\x79\xfe\xff\x55\x56\x00\x20\xaa\xa9\xff\xdf\x15\x00\x00\x20\x0a\x00\x00\xd0"
    "\x00\xff\xff\xff\x00\x00\x00\x00\xdb\x97\x00\x00\x24\x68\xff\xff\xff\xff\xfd\xfd\x00\x00\x02\x02\x03\x00\x00\xfc\x00\x00\x00\x00"
    "\xfc\xff\xff\xff\x00\x00\x00\x00\xfc\xff\xff\xff\x00\x00\x00\x00\xfd\xff\xff\xff\x02\x00\x00\x00\xf0\xff\xff\xff\x00\x00\x00\x00"
    "\xfc\xff\xff\xff\x00\x00\x00\x00\x05\x00\x00\x00\xfa\xff\xff\xff\xed\xff\xff\xff\x12\x00\x00\x00\xe1\xff\xff\xff\x00\x00\x00\x00"
    "\xfa\xff\xff\xff\x05\x00\x00\x00\xfe\xff\xff\xff\x00\x00\x00\x00\xfc\xff\xff\xff\x03\x00\x00\x00\xf4\xff\xff\xff\x00\x00\x00\x00"
    "\xfc\xff\xff\xff\x00\x00\x00\x00\x04\x00\x00\x00\xfb\xff\xff\xff\xe8\xff\xff\xff\x17\x00\x00\x00\xe0\xff\xff\xff\x00\x00\x00\x00"
    "\x00\xf8\xff\xff\x00\x00\x00\x00\x9f\x86\x01\x00\x60\x79\xfe\xff\x72\x78\x00\x60\x8d\x87\xff\x9f\x12\x00\x00\x60\x0d\x00\x00\x90"
    "\x00\xf8\xff\xff\x00\x00\x00\x00\x9f\x86\x01\x00\x60\x79\xfe\xff\x5d\x7b\x00\x20\xa2\x84\xff\xdf\x1d\x00\x00\x20\x02\x00\x00\xd0"
    "\x00\xf8\xff\xff\x00\x00\x00\x00\x9f\x86\x01\x00\x60\x79\xfe\xff\x5a\x7b\x00\x20\xa5\x84\xff\xdf\x1a\x00\x00\x20\x05\x00\x00\xd0"
    "\x00\xf8\xff\xff\x00\x00\x00\x00\x9f\x86\x01\x00\x60\x79\xfe\xff\x54\x7b\x00\x20\xab\x84\xff\xdf\x14\x00\x00\x20\x0b\x00\x00\xd0"
    "\x00\xf8\xff\xff\x00\x00\x00\x00\x9f\x86\x01\x00\x60\x79\xfe\xff\x4f\x7b\x00\x20\xb0\x84\xff\xdf\x0f\x00\x00\x20\x10\x00\x00\xd0"
    "\x00\xf8\xff\xff\x00\x00\x00\x00\x9f\x86\x01\x00\x60\x79\xfe\xff\x43\x7b\x00\x20\xbc\x84\xff\xdf\x03\x00\x00\x20\x1c\x00\x00\xd0"
    "\x00\xf8\xff\xff\x00\x00\x00\x00\x9f\x86\x01\x00\x60\x79\xfe\xff\x3e\x7b\x00\x20\xc1\x84\xff\xdf\x1e\x00\x00\x20\x01\x00\x00\xd0"
    "\x00\xf8\xff\xff\x00\x00\x00\x00\x9f\x86\x01\x00\x60\x79\xfe\xff\x37\x7b\x00\x20\xc8\x84\xff\xdf\x17\x00\x00\x20\x08\x00\x00\xd0"
    "\x00\xf8\xff\xff\x00\x00\x00\x00\x9f\x86\x01\x00\x60\x79\xfe\xff\x32\x7b\x00\x20\xcd\x84\xff\xdf\x12\x00\x00\x20\x0d\x00\x00\xd0"
    "\x00\xf8\xff\xff\x00\x00\x00\x00\x9f\x86\x01\x00\x60\x79\xfe\xff\x2d\x7b\x00\x20\xd2\x84\xff\xdf\x0d\x00\x00\x20\x12\x00\x00\xd0"
    "\x00\xf8\xff\xff\x00\x00\x00\x00\x9f\x86\x01\x00\x60\x79\xfe\xff\x28\x7b\x00\x20\xd7\x84\xff\xdf\x08\x00\x00\x20\x17\x00\x00\xd0"
    "\x00\xf8\xff\xff\x00\x00\x00\x00\x9f\x86\x01\x00\x60\x79\xfe\xff\x23\x7b\x00\x20\xdc\x84\xff\xdf\x03\x00\x00\x20\x1c\x00\x00\xd0"
    "\x00\xf8\xff\xff\x00\x00\x00\x00\x9f\x86\x01\x00\x60\x79\xfe\xff\x1e\x7b\x00\x20\xe1\x84\xff\xdf\x1e\x00\x00\x20\x01\x00\x00\xd0"
    "\x00\xf8\xff\xff\x00\x00\x00\x00\x9f\x86\x01\x00\x60\x79\xfe\xff\x19\x7b\x00\x20\xe6\x84\xff\xdf\x19\x00\x00\x20\x06\x00\x00\xd0"
    "\x00\xf8\xff\xff\x00\x00\x00\x00\x9f\x86\x01\x00\x60\x79\xfe\xff\x13\x7b\x00\x20\xec\x84\xff\xdf\x13\x00\x00\x20\x0c\x00\x00\xd0"
    "\x00\xf8\xff\xff\x00\x00\x00\x00\x9f\x86\x01\x00\x60\x79\xfe\xff\x0e\x7b\x00\x20\xf1\x84\xff\xdf\x0e\x00\x00\x20\x11\x00\x00\xd0"
    "\x00\xf8\xff\xff\x00\x00\x00\x00\x9f\x86\x01\x00\x60\x79\xfe\xff\x09\x7b\x00\x20\xf6\x84\xff\xdf\x09\x00\x00\x20\x16\x00\x00\xd0"
    "\x00\xf8\xff\xff\x00\x00\x00\x00\x9f\x86\x01\x00\x60\x79\xfe\xff\x04\x7b\x00\x20\xfb\x84\xff\xdf\x04\x00\x00\x20\x1b\x00\x00\xd0"
    "\x00\xf8\xff\xff\x00\x00\x00\x00\x9f\x86\x01\x00\x60\x79\xfe\xff\xff\x7a\x00\x20\x00\x85\xff\xdf\x1f\x00\x00\x20\x00\x00\x00\xd0"
    "\x00\xf8\xff\xff\x00\x00\x00\x00\x9f\x86\x01\x00\x60\x79\xfe\xff\xfa\x7a\x00\x20\x05\x85\xff\xdf\x1a\x00\x00\x20\x05\x00\x00\xd0"
    "\x00\xf8\xff\xff\x00\x00\x00\x00\x9f\x86\x01\x00\x60\x79\xfe\xff\x26\x7a\x00\x20\xd9\x85\xff\xdf\x06\x00\x00\x20\x19\x00\x00\xd0"
    "\x00\xf8\xff\xff\x00\x00\x00\x00\x9f\x86\x01\x00\x60\x79\xfe\xff\x16\x7a\x00\x20\xe9\x85\xff\xdf\x16\x00\x00\x20\x09\x00\x00\xd0"
    "\x00\xf8\xff\xff\x00\x00\x00\x00\x9f\x86\x01\x00\x60\x79\xfe\xff\x08\x7a\x00\x20\xf7\x85\xff\xdf\x08\x00\x00\x20\x17\x00\x00\xd0"
    "\x00\xf8\xff\xff\x00\x00\x00\x00\x9f\x86\x01\x00\x60\x79\xfe\xff\xf2\x79\x00\x20\x0d\x86\xff\xdf\x12\x00\x00\x20\x0d\x00\x00\xd0"
    "\x00\xf8\xff\xff\x00\x00\x00\x00\x9f\x86\x01\x00\x60\x79\xfe\xff\xe3\x79\x00\x20\x1c\x86\xff\xdf\x03\x00\x00\x20\x1c\x00\x00\xd0"
    "\x00\xf8\xff\xff\x00\x00\x00\x00\x9f\x86\x01\x00\x60\x79\xfe\xff\x99\x79\x00\x20\x66\x86\xff\xdf\x19\x00\x00\x20\x06\x00\x00\xd0"
    "\x00\xf8\xff\xff\x00\x00\x00\x00\x9f\x86\x01\x00\x60\x79\xfe\xff\x8c\x79\x00\x20\x73\x86\xff\xdf\x0c\x00\x00\x20\x13\x00\x00\xd0"
    "\x00\xf8\xff\xff\x00\x00\x00\x00\x9f\x86\x01\x00\x60\x79\xfe\xff\x80\x79\x00\x20\x7f\x86\xff\xdf\x00\x00\x00\x20\x1f\x00\x00\xd0"
    "\x00\xf8\xff\xff\x00\x00\x00\x00\x9f\x86\x01\x00\x60\x79\xfe\xff\x49\x79\x00\x20\xb6\x86\xff\xdf\x09\x00\x00\x20\x16\x00\x00\xd0"
    "\x00\xf8\xff\xff\x00\x00\x00\x00\x9f\x86\x01\x00\x60\x79\xfe\xff\x3d\x79\x00\x20\xc2\x86\xff\xdf\x1d\x00\x00\x20\x02\x00\x00\xd0"
    "\x00\xf8\xff\xff\x00\x00\x00\x00\x9f\x86\x01\x00\x60\x79\xfe\xff\x31\x79\x00\x20\xce\x86\xff\xdf\x11\x00\x00\x20\x0e\x00\x00\xd0"
    "\x00\xf8\xff\xff\x00\x00\x00\x00\x9f\x86\x01\x00\x60\x79\xfe\xff\x2e\x79\x00\x20\xd1\x86\xff\xdf\x0e\x00\x00\x20\x11\x00\x00\xd0"
    "\x00\xf8\xff\xff\x00\x00\x00\x00\x9f\x86\x01\x00\x60\x79\xfe\xff\x20\x79\x00\x20\xdf\x86\xff\xdf\x00\x00\x00\x20\x1f\x00\x00\xd0"
    "\x00\xf8\xff\xff\x00\x00\x00\x00\x9f\x86\x01\x00\x60\x79\xfe\xff\x15\x79\x00\x20\xea\x86\xff\xdf\x15\x00\x00\x20\x0a\x00\x00\xd0"
    "\x00\xf8\xff\xff\x00\x00\x00\x00\x9f\x86\x01\x00\x60\x79\xfe\xff\x0a\x79\x00\x20\xf5\x86\xff\xdf\x0a\x00\x00\x20\x15\x00\x00\xd0"
    "\x00\xf8\xff\xff\x00\x00\x00\x00\x9f\x86\x01\x00\x60\x79\xfe\xff\x6b\x78\x00\x20\x94\x87\xff\xdf\x0b\x00\x00\x20\x14\x00\x00\xd0"
    "\x00\xf8\xff\xff\x00\x00\x00\x00\x9f\x86\x01\x00\x60\x79\xfe\xff\xa4\x72\x00\x20\x5b\x8d\xff\xdf\x04\x00\x00\x20\x1b\x00\x00\xd0"
    "\x00\x00\xff\xff\x00\x00\x00\x00\xfa\xff\xff\xff\x05\x00\x00\x00\xfe\xff\xff\xff\x01\x00\x00\x00\x00\x00\xf8\xff\x00\x00\x00\x00"
    "\xf9\xff\xff\xff\x06\x00\x00\x00\x00\xff\xff\xff\x00\x00\x00\x00\xe5\xff\xff\xff\x1a\x00\x00\x00\x01\xf8\xff\xff\x00\x00\x00\x00"
    "\x00\xfe\xff\xff\x00\x00\x00\x00\x1f\xff\xff\xff\xe0\x00\x00\x00\x00\xff\xff\xff\x00\x00\x00\x00\x00\x00\xfe\xff\x00\x00\x00\x00"
    "\x01\x00\xfe\xff\x00\x00\x00\x00\xf5\xff\xff\xff\x0a\x00\x00\x00\xe0\xff\xff\xff\x1f\x00\x00\x00\x00\x00\xe0\xff\x03\x00\x00\x00"
    "\x00\xff\xff\xff\x00\x00\x00\x00\x06\x00\x00\x00\xf9\xff\xff\xff\x00\x00\x00\x00\xff\xff\xff\xff\x00\x00\x00\x00\x00\xf8\xff\xff"
    "\x00\x00\x00\x00\x00\xff\xff\xff\xf6\xff\xff\xff\x09\x00\x00\x00\x00\x00\x00\x00\xff\xff\xff\xff\x00\x00\x00\x00\x00\xf0\xff\xff"
    "\xfc\xff\xff\xff\x00\x00\x00\x00\xb7\x0b\x00\x00\x48\xf4\xff\xff\x7f\xc1\xff\xff\x80\x3e\x00\x00\x27\xc0\xff\xff\x00\x02\x00\x00"
    "\xfc\xff\xff\xff\x00\x00\x00\x00\xfc\xff\xff\xff\x03\x00\x00\x00\xfc\xff\xff\xff\x00\x00\x00\x00\xf0\xff\xff\xff\x00\x00\x00\x00"
    "\x00\x00\x00\x80\x00\x00\x00\x00\x00\x00\x00\x00\xff\xff\xff\xff\x01\x00\x00\x00\xfe\xff\xff\xff\x00\x00\x00\x00\x00\x00\x00\x80"
    "\xf8\xff\xff\xff\x00\x00\x00\x00\xf4\xff\xff\xff\x00\x00\x00\x00\xf4\xff\xff\xff\x0b\x00\x00\x00\x80\xff\xff\xff\x00\x00\x00\x00"
    "\xfc\xff\xff\xff\x00\x00\x00\x00\xf3\xff\xff\xff\x0c\x00\x00\x00\xef\xff\xff\xff\x10\x00\x00\x00\xc3\xff\xff\xff\x00\x00\x00\x00"
    "\x00\xf8\xff\xff\x00\x00\x00\x00\x9f\x86\x01\x00\x60\x79\xfe\xff\xd1\x7c\x00\x20\x2e\x83\xff\xdf\x11\x00\x00\x20\x0e\x00\x00\xd0"
    "\x00\xf8\xff\xff\x00\x00\x00\x00\x9f\x86\x01\x00\x60\x79\xfe\xff\x93\x7c\x00\x20\x6c\x83\xff\xdf\x13\x00\x00\x20\x0c\x00\x00\xd0"
    "\x00\xf8\xff\xff\x00\x00\x00\x00\x9f\x86\x01\x00\x60\x79\xfe\xff\xb9\x7b\x00\x20\x46\x84\xff\xdf\x19\x00\x00\x20\x06\x00\x00\xd0"
    "\x00\xf8\xff\xff\x00\x00\x00\x00\x9f\x86\x01\x00\x60\x79\xfe\xff\xa6\x7b\x00\x20\x59\x84\xff\xdf\x06\x00\x00\x20\x19\x00\x00\xd0"
    "\xe0\xff\xff\xff\x00\x00\x00\x00\x5d\x00\x00\x00\xa2\xff\xff\xff\x00\x18\xff\xff\x00\xe0\x00\x00\x00\x00\xff\xff\x00\xc0\x00\x00"
    "\xfc\xff\xff\xff\x00\x00\x00\x00\x00\xff\xff\xff\x00\x00\x00\x00\xf3\xff\xff\xff\x0c\x00\x00\x00\x00\xfc\xff\xff\x00\x00\x00\x00"
    "\x00\xff\xff\xff\x00\x00\x00\x00\xfc\xff\xff\xff\x00\x00\x00\x00\xf1\xff\xff\xff\x0e\x00\x00\x00\x00\xfc\xff\xff\x00\x00\x00\x00"
    "\xf8\xff\xff\xff\x00\x00\x00\x00\xf0\xff\xff\xff\x00\x00\x00\x00\xfd\xff\xff\xff\x02\x00\x00\x00\x80\xff\xff\xff\x00\x00\x00\x00"
    "\x00\x00\xff\xff\x00\x00\x00\x00\xf6\xfd\xff\xff\x09\x02\x00\x00\xfc\xfe\xff\xff\x03\x01\x00\x00\x00\x00\x00\xfc\x00\x00\x00\x00"
    "\xf0\xff\xff\xff\x00\x00\x00\x00\xf8\xff\xff\xff\x00\x00\x00\x00\xfd\xff\xff\xff\x02\x00\x00\x00\x80\xff\xff\xff\x00\x00\x00\x00"
    "\xf9\xff\xff\xff\x06\x00\x00\x00\xfe\xff\xff\xff\x00\x00\x00\x00\xfc\xff\xff\xff\x03\x00\x00\x00\xf4\xff\xff\xff\x01\x00\x00\x00"
    "\xf8\xff\xff\xff\x00\x00\x00\x00\xf4\xff\xff\xff\x00\x00\x00\x00\xfd\xff\xff\xff\x00\x00\x00\x00\x80\xff\xff\xff\x00\x00\x00\x00"
    "\xfc\xff\xff\xff\x03\x00\x00\x00\xfe\xff\xff\xff\x00\x00\x00\x00\xfe\xff\xff\xff\x01\x00\x00\x00\xfa\xff\xff\xff\x00\x00\x00\x00"
    "\x00\xf8\xff\xff\x00\x00\x00\x00\x9f\x86\x01\x00\x60\x79\xfe\xff\x9a\x47\x00\x60\x65\xb8\xff\x9f\x1a\x00\x00\x60\x05\x00\x00\x90"
    "\x00\xf8\xff\xff\x00\x00\x00\x00\x9f\x86\x01\x00\x60\x79\xfe\xff\x00\x7d\x00\x40\xf4\x82\xff\xbf\x00\x00\x00\x40\x14\x00\x00\xb0"
    "\x00\xf8\xff\xff\x00\x00\x00\x00\x9f\x86\x01\x00\x60\x79\xfe\xff\xdb\x7a\x00\x40\x24\x85\xff\xbf\x1b\x00\x00\x40\x04\x00\x00\xb0"
    "\x00\xf8\xff\xff\x00\x00\x00\x00\x9f\x86\x01\x00\x60\x79\xfe\xff\xd6\x7c\x00\x20\x29\x83\xff\xdf\x16\x00\x00\x20\x09\x00\x00\xd0"
    "\x00\xf8\xff\xff\x00\x00\x00\x00\x9f\x86\x01\x00\x60\x79\xfe\xff\xb2\x7c\x00\x20\x4d\x83\xff\xdf\x12\x00\x00\x20\x0d\x00\x00\xd0"
    "\x00\xf8\xff\xff\x00\x00\x00\x00\x9f\x86\x01\x00\x60\x79\xfe\xff\xa3\x7c\x00\x20\x5c\x83\xff\xdf\x03\x00\x00\x20\x1c\x00\x00\xd0"
    "\x00\xf8\xff\xff\x00\x00\x00\x00\x9f\x86\x01\x00\x60\x79\xfe\xff\x9c\x7c\x00\x20\x63\x83\xff\xdf\x1c\x00\x00\x20\x03\x00\x00\xd0"
    "\x00\xf8\xff\xff\x00\x00\x00\x00\x9f\x86\x01\x00\x60\x79\xfe\xff\x99\x7c\x00\x20\x66\x83\xff\xdf\x19\x00\x00\x20\x06\x00\x00\xd0"
    "\x00\xf8\xff\xff\x00\x00\x00\x00\x9f\x86\x01\x00\x60\x79\xfe\xff\x96\x7c\x00\x20\x69\x83\xff\xdf\x16\x00\x00\x20\x09\x00\x00\xd0"
    "\x00\xf8\xff\xff\x00\x00\x00\x00\x9f\x86\x01\x00\x60\x79\xfe\xff\x80\x7c\x00\x20\x40\x83\xff\xdf\x00\x00\x00\x20\x00\x00\x00\xd0"
    "\x00\xf8\xff\xff\x00\x00\x00\x00\x9f\x86\x01\x00\x60\x79\xfe\xff\xb3\x7b\x00\x20\x4c\x84\xff\xdf\x13\x00\x00\x20\x0c\x00\x00\xd0"
    "\x00\xf8\xff\xff\x00\x00\x00\x00\x9f\x86\x01\x00\x60\x79\xfe\xff\xac\x7b\x00\x20\x53\x84\xff\xdf\x0c\x00\x00\x20\x13\x00\x00\xd0"
    "\x00\xf8\xff\xff\x00\x00\x00\x00\x9f\x86\x01\x00\x60\x79\xfe\xff\xdc\x72\x00\x20\x23\x8d\xff\xdf\x1c\x00\x00\x20\x03\x00\x00\xd0"
    "\x00\xf8\xff\xff\x00\x00\x00\x00\x9f\x86\x01\x00\x60\x79\xfe\xff\xc0\x72\x00\x20\x3f\x8d\xff\xdf\x00\x00\x00\x20\x1f\x00\x00\xd0"
    "\x00\xf8\xff\xff\x00\x00\x00\x00\x9f\x86\x01\x00\x60\x79\xfe\xff\xb8\x72\x00\x20\x47\x8d\xff\xdf\x18\x00\x00\x20\x07\x00\x00\xd0"
    "\x00\xf8\xff\xff\x00\x00\x00\x00\x9f\x86\x01\x00\x60\x79\xfe\xff\xa9\x72\x00\x20\x56\x8d\xff\xdf\x09\x00\x00\x20\x16\x00\x00\xd0"
    "\x00\xf8\xff\xff\x00\x00\x00\x00\x9f\x86\x01\x00\x60\x79\xfe\xff\xcd\x55\x00\x20\x32\xaa\xff\xdf\x0d\x00\x00\x20\x12\x00\x00\xd0"
    "\x00\xf8\xff\xff\x00\x00\x00\x00\x9f\x86\x01\x00\x60\x79\xfe\xff\x54\x54\x00\x20\xab\xab\xff\xdf\x14\x00\x00\x20\x0b\x00\x00\xd0";
static const unsigned char kBlob_bw64_0[] =
    "\x00\x00\x00\x00\x00\x00\x00\x00\x00\x00\x00\x00\x00\x00\x00\x00\xd2\x80\x6a\xb3\xd2\x0b\xae\xa7\x2d\x7f\x95\x4c\x2d\xf4\x51\x58\x91\x7e\x98\x08\x81\x84\xfa\xeb\x6e\x81\x67\xf7\x7e\x7b\x05\x14\x00\x7c\x00\x00\x00\x00\x08\x00\x00\x00\x40\x02\x00\x03\x01\x00"
    "\x00\x00\xe0\xff\xff\xff\xff\xff\x00\x00\x00\x00\x00\x00\x00\x00\x00\x00\xe0\xff\xff\xff\xff\xff\x00\x00\x00\x00\x00\x00\x00\x00\x00\x00\xe0\xff\xff\xff\xff\xff\x00\x00\x00\x00\x00\x00\x00\x00\x00\x00\x00\x00\x00\xfc\xff\xff\x00\x00\x00\x00\x00\x00\x00\x00"
    "\x00\x00\x00\x00\x00\x00\x00\x80\x00\x00\x00\x00\x00\x00\x00\x00\x00\x00\x00\x00\x00\x00\x00\x00\xff\xff\xff\xff\xff\xff\xff\xff\x00\x00\x00\x00\x00\x00\x00\x00\xff\xff\xff\xff\xff\xff\xff\xff\x00\x00\x00\x00\x00\x00\x00\x00\x00\x00\x00\x00\x00\x00\x00\x80"
    "\xfc\xff\xff\xff\xff\xff\xff\xff\x00\x00\x00\x00\x00\x00\x00\x00\x0d\x00\x00\x00\x00\x00\x00\x00\xf2\xff\xff\xff\xff\xff\xff\xff\xd5\xff\xff\xff\xff\xff\xff\xff\x2a\x00\x00\x00\x00\x00\x00\x00\xc1\xff\xff\xff\xff\xff\xff\xff\x00\x00\x00\x00\x00\x00\x00\x00"
    "\xfc\xff\xff\xff\xff\xff\xff\xff\x00\x00\x00\x00\x00\x00\x00\x00\x09\x00\x00\x00\x00\x00\x00\x00\xf6\xff\xff\xff\xff\xff\xff\xff\xe1\xff\xff\xff\xff\xff\xff\xff\x1e\x00\x00\x00\x00\x00\x00\x00\xe1\xff\xff\xff\xff\xff\xff\xff\x00\x00\x00\x00\x00\x00\x00\x00"
    "\xfc\xff\xff\xff\xff\xff\xff\xff\x03\x00\x00\x00\x00\x00\x00\x00\x00\x00\x00\x00\x00\x00\x00\xf8\x00\x00\x00\x00\x00\x00\x00\x00\x00\x00\x00\x00\x00\x00\xc0\xff\x00\x00\x00\x00\x00\x00\x00\x00\x00\x00\x00\x00\x00\x00\x00\xe0\x00\x00\x00\x00\x00\x00\x00\x00"
    "\x00\xff\xff\xff\xff\xff\xff\xff\x00\x00\x00\x00\x00\x00\x00\x00\x27\x00\x00\x00\x00\x00\x00\x00\xd8\xff\xff\xff\xff\xff\xff\xff\x6f\x00\x00\x00\x00\x00\x00\x00\x90\xff\xff\xff\xff\xff\xff\xff\x07\x00\x00\x00\x00\x00\x00\x00\x00\xc0\xff\xff\xff\xff\xff\xff"
    "\x00\x00\x00\x00\x00\x00\x00\x00\x00\x00\x00\x00\x00\x00\x00\x00\xd2\x80\x6a\xb3\xd2\x0b\xae\xa7\x2d\x7f\x95\x4c\x2d\xf4\x51\x58\xb0\x7e\x98\x08\x81\x84\xfa\xeb\x4f\x81\x67\xf7\x7e\x7b\x05\x14\x80\x7c\x00\x00\x00\x00\x08\x00\x00\x00\x40\x02\x00\x03\x01\x00"
    "\xc0\xff\xff\xff\xff\xff\xff\xff\x00\x00\x00\x00\x00\x00\x00\x00\x10\x00\x00\x00\x00\x00\x00\x00\xef\xff\xff\xff\xff\xff\xff\xff\xbf\xfb\xff\xff\xff\xff\xff\xff\x40\x04\x00\x00\x00\x00\x00\x00\x00\xf8\xff\xff\xff\xff\xff\xff\x00\x00\x00\x00\x00\x00\x00\x00"
    "\x00\xf8\xff\xff\xff\xff\xff\xff\x00\x00\x00\x00\x00\x00\x00\x00\x5f\x79\xfe\xff\xff\xff\xff\xff\xa0\x86\x01\x00\x00\x00\x00\x00\xc0\xf5\xff\xff\xff\xff\xff\xff\x3f\x0a\x00\x00\x00\x00\x00\x00\x00\x00\x00\xf0\xff\xff\xff\xff\x1f\x00\x00\x00\x00\x00\x00\x00"
    "\x00\xf8\xff\xff\xff\xff\xff\xff\x00\x00\x00\x00\x00\x00\x00\x00\x5f\x79\xfe\xff\xff\xff\xff\xff\xa0\x86\x01\x00\x00\x00\x00\x00\xb1\xf5\xff\xff\xff\xff\xff\xff\x4e\x0a\x00\x00\x00\x00\x00\x00\x11\x00\x00\xf0\xff\xff\xff\xff\x0e\x00\x00\x00\x00\x00\x00\x00"
    "\x00\xf8\xff\xff\xff\xff\xff\xff\x00\x00\x00\x00\x00\x00\x00\x00\x5f\x79\xfe\xff\xff\xff\xff\xff\xa0\x86\x01\x00\x00\x00\x00\x00\xf4\xf4\xff\xff\xff\xff\xff\xff\x0b\x0b\x00\x00\x00\x00\x00\x00\x14\x00\x00\xf0\xff\xff\xff\xff\x0b\x00\x00\x00\x00\x00\x00\x00"
    "\x00\xf8\xff\xff\xff\xff\xff\xff\x00\x00\x00\x00\x00\x00\x00\x00\x5f\x79\xfe\xff\xff\xff\xff\xff\xa0\x86\x01\x00\x00\x00\x00\x00\xf0\xf4\xff\xff\xff\xff\xff\xff\x0f\x0b\x00\x00\x00\x00\x00\x00\x10\x00\x00\xf0\xff\xff\xff\xff\x0f\x00\x00\x00\x00\x00\x00\x00"
    "\x00\xf8\xff\xff\xff\xff\xff\xff\x00\x00\x00\x00\x00\x00\x00\x00\x5f\x79\xfe\xff\xff\xff\xff\xff\xa0\x86\x01\x00\x00\x00\x00\x00\xec\xf4\xff\xff\xff\xff\xff\xff\x13\x0b\x00\x00\x00\x00\x00\x00\x0c\x00\x00\xf0\xff\xff\xff\xff\x13\x00\x00\x00\x00\x00\x00\x00"
    "\x00\xf8\xff\xff\xff\xff\xff\xff\x00\x00\x00\x00\x00\x00\x00\x00\x5f\x79\xfe\xff\xff\xff\xff\xff\xa0\x86\x01\x00\x00\x00\x00\x00\xe8\xf4\xff\xff\xff\xff\xff\xff\x17\x0b\x00\x00\x00\x00\x00\x00\x08\x00\x00\xf0\xff\xff\xff\xff\x17\x00\x00\x00\x00\x00\x00\x00"
    "\x00\xf8\xff\xff\xff\xff\xff\xff\x00\x00\x00\x00\x00\x00\x00\x00\x5f\x79\xfe\xff\xff\xff\xff\xff\xa0\x86\x01\x00\x00\x00\x00\x00\xe2\xf4\xff\xff\xff\xff\xff\xff\x1d\x0b\x00\x00\x00\x00\x00\x00\x02\x00\x00\xf0\xff\xff\xff\xff\x1d\x00\x00\x00\x00\x00\x00\x00"
    "\x00\xf8\xff\xff\xff\xff\xff\xff\x00\x00\x00\x00\x00\x00\x00\x00\x5f\x79\xfe\xff\xff\xff\xff\xff\xa0\x86\x01\x00\x00\x00\x00\x00\xe0\xf4\xff\xff\xff\xff\xff\xff\x1f\x0b\x00\x00\x00\x00\x00\x00\x00\x00\x00\xf0\xff\xff\xff\xff\x1f\x00\x00\x00\x00\x00\x00\x00"
    "\x00\xf8\xff\xff\xff\xff\xff\xff\x00\x00\x00\x00\x00\x00\x00\x00\x5f\x79\xfe\xff\xff\xff\xff\xff\xa0\x86\x01\x00\x00\x00\x00\x00\xaf\xf4\xff\xff\xff\xff\xff\xff\x50\x0b\x00\x00\x00\x00\x00\x00\x0f\x00\x00\xf0\xff\xff\xff\xff\x10\x00\x00\x00\x00\x00\x00\x00"
    "\x00\xf8\xff\xff\xff\xff\xff\xff\x00\x00\x00\x00\x00\x00\x00\x00\x5f\x79\xfe\xff\xff\xff\xff\xff\xa0\x86\x01\x00\x00\x00\x00\x00\xab\xf4\xff\xff\xff\xff\xff\xff\x54\x0b\x00\x00\x00\x00\x00\x00\x0b\x00\x00\xf0\xff\xff\xff\xff\x14\x00\x00\x00\x00\x00\x00\x00"
    "\x00\xf8\xff\xff\xff\xff\xff\xff\x00\x00\x00\x00\x00\x00\x00\x00\x5f\x79\xfe\xff\xff\xff\xff\xff\xa0\x86\x01\x00\x00\x00\x00\x00\xa7\xf4\xff\xff\xff\xff\xff\xff\x58\x0b\x00\x00\x00\x00\x00\x00\x07\x00\x00\xf0\xff\xff\xff\xff\x18\x00\x00\x00\x00\x00\x00\x00"
    "\x00\xf8\xff\xff\xff\xff\xff\xff\x00\x00\x00\x00\x00\x00\x00\x00\x5f\x79\xfe\xff\xff\xff\xff\xff\xa0\x86\x01\x00\x00\x00\x00\x00\xa1\xf4\xff\xff\xff\xff\xff\xff\x5e\x0b\x00\x00\x00\x00\x00\x00\x01\x00\x00\xf0\xff\xff\xff\xff\x1e\x00\x00\x00\x00\x00\x00\x00"
    "\x00\xf8\xff\xff\xff\xff\xff\xff\x00\x00\x00\x00\x00\x00\x00\x00\x5f\x79\xfe\xff\xff\xff\xff\xff\xa0\x86\x01\x00\x00\x00\x00\x00\x9b\xf4\xff\xff\xff\xff\xff\xff\x64\x0b\x00\x00\x00\x00\x00\x00\x1b\x00\x00\xf0\xff\xff\xff\xff\x04\x00\x00\x00\x00\x00\x00\x00"
    "\x00\xf8\xff\xff\xff\xff\xff\xff\x00\x00\x00\x00\x00\x00\x00\x00\x5f\x79\xfe\xff\xff\xff\xff\xff\xa0\x86\x01\x00\x00\x00\x00\x00\x96\xf4\xff\xff\xff\xff\xff\xff\x69\x0b\x00\x00\x00\x00\x00\x00\x16\x00\x00\xf0\xff\xff\xff\xff\x09\x00\x00\x00\x00\x00\x00\x00"
    "\x00\xf8\xff\xff\xff\xff\xff\xff\x00\x00\x00\x00\x00\x00\x00\x00\x5f\x79\xfe\xff\xff\xff\xff\xff\xa0\x86\x01\x00\x00\x00\x00\x00\x92\xf4\xff\xff\xff\xff\xff\xff\x6d\x0b\x00\x00\x00\x00\x00\x00\x12\x00\x00\xf0\xff\xff\xff\xff\x0d\x00\x00\x00\x00\x00\x00\x00"
    "\x00\xf8\xff\xff\xff\xff\xff\xff\x00\x00\x00\x00\x00\x00\x00\x00\x5f\x79\xfe\xff\xff\xff\xff\xff\xa0\x86\x01\x00\x00\x00\x00\x00\x8c\xf4\xff\xff\xff\xff\xff\xff\x73\x0b\x00\x00\x00\x00\x00\x00\x0c\x00\x00\xf0\xff\xff\xff\xff\x13\x00\x00\x00\x00\x00\x00\x00"
    "\x00\xf8\xff\xff\xff\xff\xff\xff\x00\x00\x00\x00\x00\x00\x00\x00\x5f\x79\xfe\xff\xff\xff\xff\xff\xa0\x86\x01\x00\x00\x00\x00\x00\x89\xf4\xff\xff\xff\xff\xff\xff\x76\x0b\x00\x00\x00\x00\x00\x00\x09\x00\x00\xf0\xff\xff\xff\xff\x16\x00\x00\x00\x00\x00\x00\x00"
    "\x00\xf8\xff\xff\xff\xff\xff\xff\x00\x00\x00\x00\x00\x00\x00\x00\x5f\x79\xfe\xff\xff\xff\xff\xff\xa0\x86\x01\x00\x00\x00\x00\x00\x81\xf4\xff\xff\xff\xff\xff\xff\x7e\x0b\x00\x00\x00\x00\x00\x00\x01\x00\x00\xf0\xff\xff\xff\xff\x1e\x00\x00\x00\x00\x00\x00\x00"
    "\x00\xf8\xff\xff\xff\xff\xff\xff\x00\x00\x00\x00\x00\x00\x00\x00\x5f\x79\xfe\xff\xff\xff\xff\xff\xa0\x86\x01\x00\x00\x00\x00\x00\x79\xf4\xff\xff\xff\xff\xff\xff\x86\x0b\x00\x00\x00\x00\x00\x00\x19\x00\x00\xf0\xff\xff\xff\xff\x06\x00\x00\x00\x00\x00\x00\x00"
    "\x00\xf8\xff\xff\xff\xff\xff\xff\x00\x00\x00\x00\x00\x00\x00\x00\x5f\x79\xfe\xff\xff\xff\xff\xff\xa0\x86\x01\x00\x00\x00\x00\x00\x71\xf4\xff\xff\xff\xff\xff\xff\x8e\x0b\x00\x00\x00\x00\x00\x00\x11\x00\x00\xf0\xff\xff\xff\xff\x0e\x00\x00\x00\x00\x00\x00\x00"
    "\x00\xf8\xff\xff\xff\xff\xff\xff\x00\x00\x00\x00\x00\x00\x00\x00\x5f\x79\xfe\xff\xff\xff\xff\xff\xa0\x86\x01\x00\x00\x00\x00\x00\x68\xf4\xff\xff\xff\xff\xff\xff\x97\x0b\x00\x00\x00\x00\x00\x00\x08\x00\x00\xf0\xff\xff\xff\xff\x17\x00\x00\x00\x00\x00\x00\x00"
    "\x00\xf8\xff\xff\xff\xff\xff\xff\x00\x00\x00\x00\x00\x00\x00\x00\x5f\x79\xfe\xff\xff\xff\xff\xff\xa0\x86\x01\x00\x00\x00\x00\x00\x64\xf4\xff\xff\xff\xff\xff\xff\x9b\x0b\x00\x00\x00\x00\x00\x00\x04\x00\x00\xf0\xff\xff\xff\xff\x1b\x00\x00\x00\x00\x00\x00\x00"
    "\x00\xf8\xff\xff\xff\xff\xff\xff\x00\x00\x00\x00\x00\x00\x00\x00\x5f\x79\xfe\xff\xff\xff\xff\xff\xa0\x86\x01\x00\x00\x00\x00\x00\x60\xf4\xff\xff\xff\xff\xff\xff\x9f\x0b\x00\x00\x00\x00\x00\x00\x00\x00\x00\xf0\xff\xff\xff\xff\x1f\x00\x00\x00\x00\x00\x00\x00"
    "\x00\xf8\xff\xff\xff\xff\xff\xff\x00\x00\x00\x00\x00\x00\x00\x00\x5f\x79\xfe\xff\xff\xff\xff\xff\xa0\x86\x01\x00\x00\x00\x00\x00\x5c\xf4\xff\xff\xff\xff\xff\xff\xa3\x0b\x00\x00\x00\x00\x00\x00\x1c\x00\x00\xf0\xff\xff\xff\xff\x03\x00\x00\x00\x00\x00\x00\x00"
    "\x00\xf8\xff\xff\xff\xff\xff\xff\x00\x00\x00\x00\x00\x00\x00\x00\x5f\x79\xfe\xff\xff\xff\xff\xff\xa0\x86\x01\x00\x00\x00\x00\x00\x58\xf4\xff\xff\xff\xff\xff\xff\xa7\x0b\x00\x00\x00\x00\x00\x00\x18\x00\x00\xf0\xff\xff\xff\xff\x07\x00\x00\x00\x00\x00\x00\x00"
    "\x00\xf8\xff\xff\xff\xff\xff\xff\x00\x00\x00\x00\x00\x00\x00\x00\x5f\x79\xfe\xff\xff\xff\xff\xff\xa0\x86\x01\x00\x00\x00\x00\x00\x54\xf4\xff\xff\xff\xff\xff\xff\xab\x0b\x00\x00\x00\x00\x00\x00\x14\x00\x00\xf0\xff\xff\xff\xff\x0b\x00\x00\x00\x00\x00\x00\x00"
    "\x00\xf8\xff\xff\xff\xff\xff\xff\x00\x00\x00\x00\x00\x00\x00\x00\x5f\x79\xfe\xff\xff\xff\xff\xff\xa0\x86\x01\x00\x00\x00\x00\x00\x50\xf4\xff\xff\xff\xff\xff\xff\xaf\x0b\x00\x00\x00\x00\x00\x00\x10\x00\x00\xf0\xff\xff\xff\xff\x0f\x00\x00\x00\x00\x00\x00\x00"
    "\x00\xf8\xff\xff\xff\xff\xff\xff\x00\x00\x00\x00\x00\x00\x00\x00\x5f\x79\xfe\xff\xff\xff\xff\xff\xa0\x86\x01\x00\x00\x00\x00\x00\x49\xf4\xff\xff\xff\xff\xff\xff\xb6\x0b\x00\x00\x00\x00\x00\x00\x09\x00\x00\xf0\xff\xff\xff\xff\x16\x00\x00\x00\x00\x00\x00\x00"
    "\x00\xf8\xff\xff\xff\xff\xff\xff\x00\x00\x00\x00\x00\x00\x00\x00\x5f\x79\xfe\xff\xff\xff\xff\xff\xa0\x86\x01\x00\x00\x00\x00\x00\x45\xf4\xff\xff\xff\xff\xff\xff\xba\x0b\x00\x00\x00\x00\x00\x00\x05\x00\x00\xf0\xff\xff\xff\xff\x1a\x00\x00\x00\x00\x00\x00\x00"
    "\x00\xf8\xff\xff\xff\xff\xff\xff\x00\x00\x00\x00\x00\x00\x00\x00\x5f\x79\xfe\xff\xff\xff\xff\xff\xa0\x86\x01\x00\x00\x00\x00\x00\x41\xf4\xff\xff\xff\xff\xff\xff\xbe\x0b\x00\x00\x00\x00\x00\x00\x01\x00\x00\xf0\xff\xff\xff\xff\x1e\x00\x00\x00\x00\x00\x00\x00"
    "\x00\xf8\xff\xff\xff\xff\xff\xff\x00\x00\x00\x00\x00\x00\x00\x00\x5f\x79\xfe\xff\xff\xff\xff\xff\xa0\x86\x01\x00\x00\x00\x00\x00\xfe\xf3\xff\xff\xff\xff\xff\xff\x01\x0c\x00\x00\x00\x00\x00\x00\x1e\x00\x00\xf0\xff\xff\xff\xff\x01\x00\x00\x00\x00\x00\x00\x00"
    "\x00\xf8\xff\xff\xff\xff\xff\xff\x00\x00\x00\x00\x00\x00\x00\x00\x5f\x79\xfe\xff\xff\xff\xff\xff\xa0\x86\x01\x00\x00\x00\x00\x00\xf9\xf3\xff\xff\xff\xff\xff\xff\x06\x0c\x00\x00\x00\x00\x00\x00\x19\x00\x00\xf0\xff\xff\xff\xff\x06\x00\x00\x00\x00\x00\x00\x00"
    "\x00\xf8\xff\xff\xff\xff\xff\xff\x00\x00\x00\x00\x00\x00\x00\x00\x5f\x79\xfe\xff\xff\xff\xff\xff\xa0\x86\x01\x00\x00\x00\x00\x00\xf7\xf3\xff\xff\xff\xff\xff\xff\x08\x0c\x00\x00\x00\x00\x00\x00\x17\x00\x00\xf0\xff\xff\xff\xff\x08\x00\x00\x00\x00\x00\x00\x00"
    "\x00\xf8\xff\xff\xff\xff\xff\xff\x00\x00\x00\x00\x00\x00\x00\x00\x5f\x79\xfe\xff\xff\xff\xff\xff\xa0\x86\x01\x00\x00\x00\x00\x00\xf3\xf3\xff\xff\xff\xff\xff\xff\x0c\x0c\x00\x00\x00\x00\x00\x00\x13\x00\x00\xf0\xff\xff\xff\xff\x0c\x00\x00\x00\x00\x00\x00\x00"
    "\x00\xf8\xff\xff\xff\xff\xff\xff\x00\x00\x00\x00\x00\x00\x00\x00\x5f\x79\xfe\xff\xff\xff\xff\xff\xa0\x86\x01\x00\x00\x00\x00\x00\xea\xf3\xff\xff\xff\xff\xff\xff\x15\x0c\x00\x00\x00\x00\x00\x00\x0a\x00\x00\xf0\xff\xff\xff\xff\x15\x00\x00\x00\x00\x00\x00\x00"
    "\x00\xf8\xff\xff\xff\xff\xff\xff\x00\x00\x00\x00\x00\x00\x00\x00\x5f\x79\xfe\xff\xff\xff\xff\xff\xa0\x86\x01\x00\x00\x00\x00\x00\x4f\xf3\xff\xff\xff\xff\xff\xff\xb0\x0c\x00\x00\x00\x00\x00\x00\x0f\x00\x00\xf0\xff\xff\xff\xff\x10\x00\x00\x00\x00\x00\x00\x00"
    "\x00\xf8\xff\xff\xff\xff\xff\xff\x00\x00\x00\x00\x00\x00\x00\x00\x5f\x79\xfe\xff\xff\xff\xff\xff\xa0\x86\x01\x00\x00\x00\x00\x00\x4b\xf3\xff\xff\xff\xff\xff\xff\xb4\x0c\x00\x00\x00\x00\x00\x00\x0b\x00\x00\xf0\xff\xff\xff\xff\x14\x00\x00\x00\x00\x00\x00\x00"
    "\x00\xf8\xff\xff\xff\xff\xff\xff\x00\x00\x00\x00\x00\x00\x00\x00\x5f\x79\xfe\xff\xff\xff\xff\xff\xa0\x86\x01\x00\x00\x00\x00\x00\x44\xf3\xff\xff\xff\xff\xff\xff\xbb\x0c\x00\x00\x00\x00\x00\x00\x04\x00\x00\xf0\xff\xff\xff\xff\x1b\x00\x00\x00\x00\x00\x00\x00"
    "\x00\xf8\xff\xff\xff\xff\xff\xff\x00\x00\x00\x00\x00\x00\x00\x00\x5f\x79\xfe\xff\xff\xff\xff\xff\xa0\x86\x01\x00\x00\x00\x00\x00\x40\xf3\xff\xff\xff\xff\xff\xff\xbf\x0c\x00\x00\x00\x00\x00\x00\x00\x00\x00\xf0\xff\xff\xff\xff\x1f\x00\x00\x00\x00\x00\x00\x00"
    "\x00\xf8\xff\xff\xff\xff\xff\xff\x00\x00\x00\x00\x00\x00\x00\x00\x5f\x79\xfe\xff\xff\xff\xff\xff\xa0\x86\x01\x00\x00\x00\x00\x00\x3c\xf3\xff\xff\xff\xff\xff\xff\xc3\x0c\x00\x00\x00\x00\x00\x00\x1c\x00\x00\xf0\xff\xff\xff\xff\x03\x00\x00\x00\x00\x00\x00\x00"
    "\x00\xf8\xff\xff\xff\xff\xff\xff\x00\x00\x00\x00\x00\x00\x00\x00\x5f\x79\xfe\xff\xff\xff\xff\xff\xa0\x86\x01\x00\x00\x00\x00\x00\x38\xf3\xff\xff\xff\xff\xff\xff\xc7\x0c\x00\x00\x00\x00\x00\x00\x18\x00\x00\xf0\xff\xff\xff\xff\x07\x00\x00\x00\x00\x00\x00\x00"
    "\x00\xf8\xff\xff\xff\xff\xff\xff\x00\x00\x00\x00\x00\x00\x00\x00\x5f\x79\xfe\xff\xff\xff\xff\xff\xa0\x86\x01\x00\x00\x00\x00\x00\x33\xf3\xff\xff\xff\xff\xff\xff\xcc\x0c\x00\x00\x00\x00\x00\x00\x13\x00\x00\xf0\xff\xff\xff\xff\x0c\x00\x00\x00\x00\x00\x00\x00"
    "\x00\xf8\xff\xff\xff\xff\xff\xff\x00\x00\x00\x00\x00\x00\x00\x00\x5f\x79\xfe\xff\xff\xff\xff\xff\xa0\x86\x01\x00\x00\x00\x00\x00\x30\xf3\xff\xff\xff\xff\xff\xff\xcf\x0c\x00\x00\x00\x00\x00\x00\x10\x00\x00\xf0\xff\xff\xff\xff\x0f\x00\x00\x00\x00\x00\x00\x00"
    "\x00\xf8\xff\xff\xff\xff\xff\xff\x00\x00\x00\x00\x00\x00\x00\x00\x5f\x79\xfe\xff\xff\xff\xff\xff\xa0\x86\x01\x00\x00\x00\x00\x00\x1c\xf3\xff\xff\xff\xff\xff\xff\xe3\x0c\x00\x00\x00\x00\x00\x00\x1c\x00\x00\xf0\xff\xff\xff\xff\x03\x00\x00\x00\x00\x00\x00\x00"
    "\x00\xf8\xff\xff\xff\xff\xff\xff\x00\x00\x00\x00\x00\x00\x00\x00\x5f\x79\xfe\xff\xff\xff\xff\xff\xa0\x86\x01\x00\x00\x00\x00\x00\x18\xf3\xff\xff\xff\xff\xff\xff\xe7\x0c\x00\x00\x00\x00\x00\x00\x18\x00\x00\xf0\xff\xff\xff\xff\x07\x00\x00\x00\x00\x00\x00\x00"
    "\x00\xf8\xff\xff\xff\xff\xff\xff\x00\x00\x00\x00\x00\x00\x00\x00\x5f\x79\xfe\xff\xff\xff\xff\xff\xa0\x86\x01\x00\x00\x00\x00\x00\x83\xf2\xff\xff\xff\xff\xff\xff\x7c\x0d\x00\x00\x00\x00\x00\x00\x03\x00\x00\xf0\xff\xff\xff\xff\x1c\x00\x00\x00\x00\x00\x00\x00"
    "\x00\xf8\xff\xff\xff\xff\xff\xff\x00\x00\x00\x00\x00\x00\x00\x00\x5f\x79\xfe\xff\xff\xff\xff\xff\xa0\x86\x01\x00\x00\x00\x00\x00\x7f\xf2\xff\xff\xff\xff\xff\xff\x80\x0d\x00\x00\x00\x00\x00\x00\x1f\x00\x00\xf0\xff\xff\xff\xff\x00\x00\x00\x00\x00\x00\x00\x00"
    "\x00\xf8\xff\xff\xff\xff\xff\xff\x00\x00\x00\x00\x00\x00\x00\x00\x5f\x79\xfe\xff\xff\xff\xff\xff\xa0\x86\x01\x00\x00\x00\x00\x00\x78\xf2\xff\xff\xff\xff\xff\xff\x87\x0d\x00\x00\x00\x00\x00\x00\x18\x00\x00\xf0\xff\xff\xff\xff\x07\x00\x00\x00\x00\x00\x00\x00"
    "\x00\xf8\xff\xff\xff\xff\xff\xff\x00\x00\x00\x00\x00\x00\x00\x00\x5f\x79\xfe\xff\xff\xff\xff\xff\xa0\x86\x01\x00\x00\x00\x00\x00\x75\xf2\xff\xff\xff\xff\xff\xff\x8a\x0d\x00\x00\x00\x00\x00\x00\x15\x00\x00\xf0\xff\xff\xff\xff\x0a\x00\x00\x00\x00\x00\x00\x00"
    "\x00\xf8\xff\xff\xff\xff\xff\xff\x00\x00\x00\x00\x00\x00\x00\x00\x5f\x79\xfe\xff\xff\xff\xff\xff\xa0\x86\x01\x00\x00\x00\x00\x00\x72\xf2\xff\xff\xff\xff\xff\xff\x8d\x0d\x00\x00\x00\x00\x00\x00\x12\x00\x00\xf0\xff\xff\xff\xff\x0d\x00\x00\x00\x00\x00\x00\x00"
    "\x00\xf8\xff\xff\xff\xff\xff\xff\x00\x00\x00\x00\x00\x00\x00\x00\x5f\x79\xfe\xff\xff\xff\xff\xff\xa0\x86\x01\x00\x00\x00\x00\x00\x6f\xf2\xff\xff\xff\xff\xff\xff\x90\x0d\x00\x00\x00\x00\x00\x00\x0f\x00\x00\xf0\xff\xff\xff\xff\x10\x00\x00\x00\x00\x00\x00\x00"
    "\x00\xf8\xff\xff\xff\xff\xff\xff\x00\x00\x00\x00\x00\x00\x00\x00\x5f\x79\xfe\xff\xff\xff\xff\xff\xa0\x86\x01\x00\x00\x00\x00\x00\x6b\xf2\xff\xff\xff\xff\xff\xff\x94\x0d\x00\x00\x00\x00\x00\x00\x0b\x00\x00\xf0\xff\xff\xff\xff\x14\x00\x00\x00\x00\x00\x00\x00"
    "\x00\xf8\xff\xff\xff\xff\xff\xff\x00\x00\x00\x00\x00\x00\x00\x00\x5f\x79\xfe\xff\xff\xff\xff\xff\xa0\x86\x01\x00\x00\x00\x00\x00\x69\xf2\xff\xff\xff\xff\xff\xff\x96\x0d\x00\x00\x00\x00\x00\x00\x09\x00\x00\xf0\xff\xff\xff\xff\x16\x00\x00\x00\x00\x00\x00\x00"
    "\x00\xf8\xff\xff\xff\xff\xff\xff\x00\x00\x00\x00\x00\x00\x00\x00\x5f\x79\xfe\xff\xff\xff\xff\xff\xa0\x86\x01\x00\x00\x00\x00\x00\x49\xf2\xff\xff\xff\xff\xff\xff\xb6\x0d\x00\x00\x00\x00\x00\x00\x09\x00\x00\xf0\xff\xff\xff\xff\x16\x00\x00\x00\x00\x00\x00\x00"
    "\x00\xf8\xff\xff\xff\xff\xff\xff\x00\x00\x00\x00\x00\x00\x00\x00\x5f\x79\xfe\xff\xff\xff\xff\xff\xa0\x86\x01\x00\x00\x00\x00\x00\x45\xf2\xff\xff\xff\xff\xff\xff\xba\x0d\x00\x00\x00\x00\x00\x00\x05\x00\x00\xf0\xff\xff\xff\xff\x1a\x00\x00\x00\x00\x00\x00\x00"
    "\x00\xf8\xff\xff\xff\xff\xff\xff\x00\x00\x00\x00\x00\x00\x00\x00\x5f\x79\xfe\xff\xff\xff\xff\xff\xa0\x86\x01\x00\x00\x00\x00\x00\x43\xf1\xff\xff\xff\xff\xff\xff\xbc\x0e\x00\x00\x00\x00\x00\x00\x03\x00\x00\xf0\xff\xff\xff\xff\x1c\x00\x00\x00\x00\x00\x00\x00"
    "\x00\xf8\xff\xff\xff\xff\xff\xff\x00\x00\x00\x00\x00\x00\x00\x00\x5f\x79\xfe\xff\xff\xff\xff\xff\xa0\x86\x01\x00\x00\x00\x00\x00\x3f\xf1\xff\xff\xff\xff\xff\xff\xc0\x0e\x00\x00\x00\x00\x00\x00\x1f\x00\x00\xf0\xff\xff\xff\xff\x00\x00\x00\x00\x00\x00\x00\x00"
    "\x00\xf8\xff\xff\xff\xff\xff\xff\x00\x00\x00\x00\x00\x00\x00\x00\x5f\x79\xfe\xff\xff\xff\xff\xff\xa0\x86\x01\x00\x00\x00\x00\x00\x38\xf1\xff\xff\xff\xff\xff\xff\xc7\x0e\x00\x00\x00\x00\x00\x00\x18\x00\x00\xf0\xff\xff\xff\xff\x07\x00\x00\x00\x00\x00\x00\x00"
    "\x00\xf8\xff\xff\xff\xff\xff\xff\x00\x00\x00\x00\x00\x00\x00\x00\x5f\x79\xfe\xff\xff\xff\xff\xff\xa0\x86\x01\x00\x00\x00\x00\x00\x35\xf1\xff\xff\xff\xff\xff\xff\xca\x0e\x00\x00\x00\x00\x00\x00\x15\x00\x00\xf0\xff\xff\xff\xff\x0a\x00\x00\x00\x00\x00\x00\x00"
    "\x00\xf8\xff\xff\xff\xff\xff\xff\x00\x00\x00\x00\x00\x00\x00\x00\x5f\x79\xfe\xff\xff\xff\xff\xff\xa0\x86\x01\x00\x00\x00\x00\x00\x32\xf1\xff\xff\xff\xff\xff\xff\xcd\x0e\x00\x00\x00\x00\x00\x00\x12\x00\x00\xf0\xff\xff\xff\xff\x0d\x00\x00\x00\x00\x00\x00\x00"
    "\x00\xf8\xff\xff\xff\xff\xff\xff\x00\x00\x00\x00\x00\x00\x00\x00\x5f\x79\xfe\xff\xff\xff\xff\xff\xa0\x86\x01\x00\x00\x00\x00\x00\x2f\xf1\xff\xff\xff\xff\xff\xff\xd0\x0e\x00\x00\x00\x00\x00\x00\x0f\x00\x00\xf0\xff\xff\xff\xff\x10\x00\x00\x00\x00\x00\x00\x00"
    "\x00\xf8\xff\xff\xff\xff\xff\xff\x00\x00\x00\x00\x00\x00\x00\x00\x5f\x79\xfe\xff\xff\xff\xff\xff\xa0\x86\x01\x00\x00\x00\x00\x00\x2b\xf1\xff\xff\xff\xff\xff\xff\xd4\x0e\x00\x00\x00\x00\x00\x00\x0b\x00\x00\xf0\xff\xff\xff\xff\x14\x00\x00\x00\x00\x00\x00\x00"
    "\x00\xf8\xff\xff\xff\xff\xff\xff\x00\x00\x00\x00\x00\x00\x00\x00\x5f\x79\xfe\xff\xff\xff\xff\xff\xa0\x86\x01\x00\x00\x00\x00\x00\x29\xf1\xff\xff\xff\xff\xff\xff\xd6\x0e\x00\x00\x00\x00\x00\x00\x09\x00\x00\xf0\xff\xff\xff\xff\x16\x00\x00\x00\x00\x00\x00\x00"
    "\x00\xf8\xff\xff\xff\xff\xff\xff\x00\x00\x00\x00\x00\x00\x00\x00\x5f\x79\xfe\xff\xff\xff\xff\xff\xa0\x86\x01\x00\x00\x00\x00\x00\xd6\xf0\xff\xff\xff\xff\xff\xff\x29\x0f\x00\x00\x00\x00\x00\x00\x16\x00\x00\xf0\xff\xff\xff\xff\x09\x00\x00\x00\x00\x00\x00\x00"
    "\x00\xf8\xff\xff\xff\xff\xff\xff\x00\x00\x00\x00\x00\x00\x00\x00\x5f\x79\xfe\xff\xff\xff\xff\xff\xa0\x86\x01\x00\x00\x00\x00\x00\xd1\xf0\xff\xff\xff\xff\xff\xff\x2e\x0f\x00\x00\x00\x00\x00\x00\x11\x00\x00\xf0\xff\xff\xff\xff\x0e\x00\x00\x00\x00\x00\x00\x00"
    "\x00\xf8\xff\xff\xff\xff\xff\xff\x00\x00\x00\x00\x00\x00\x00\x00\x5f\x79\xfe\xff\xff\xff\xff\xff\xa0\x86\x01\x00\x00\x00\x00\x00\xcb\xf0\xff\xff\xff\xff\xff\xff\x34\x0f\x00\x00\x00\x00\x00\x00\x0b\x00\x00\xf0\xff\xff\xff\xff\x14\x00\x00\x00\x00\x00\x00\x00"
    "\x00\xf8\xff\xff\xff\xff\xff\xff\x00\x00\x00\x00\x00\x00\x00\x00\x5f\x79\xfe\xff\xff\xff\xff\xff\xa0\x86\x01\x00\x00\x00\x00\x00\xc4\xf0\xff\xff\xff\xff\xff\xff\x3b\x0f\x00\x00\x00\x00\x00\x00\x04\x00\x00\xf0\xff\xff\xff\xff\x1b\x00\x00\x00\x00\x00\x00\x00"
    "\x00\xf8\xff\xff\xff\xff\xff\xff\x00\x00\x00\x00\x00\x00\x00\x00\x5f\x79\xfe\xff\xff\xff\xff\xff\xa0\x86\x01\x00\x00\x00\x00\x00\xbc\xf0\xff\xff\xff\xff\xff\xff\x43\x0f\x00\x00\x00\x00\x00\x00\x1c\x00\x00\xf0\xff\xff\xff\xff\x03\x00\x00\x00\x00\x00\x00\x00"
    "\x00\xf8\xff\xff\xff\xff\xff\xff\x00\x00\x00\x00\x00\x00\x00\x00\x5f\x79\xfe\xff\xff\xff\xff\xff\xa0\x86\x01\x00\x00\x00\x00\x00\xb6\xf0\xff\xff\xff\xff\xff\xff\x49\x0f\x00\x00\x00\x00\x00\x00\x16\x00\x00\xf0\xff\xff\xff\xff\x09\x00\x00\x00\x00\x00\x00\x00"
    "\x00\xf8\xff\xff\xff\xff\xff\xff\x00\x00\x00\x00\x00\x00\x00\x00\x5f\x79\xfe\xff\xff\xff\xff\xff\xa0\x86\x01\x00\x00\x00\x00\x00\xb0\xf0\xff\xff\xff\xff\xff\xff\x4f\x0f\x00\x00\x00\x00\x00\x00\x10\x00\x00\xf0\xff\xff\xff\xff\x0f\x00\x00\x00\x00\x00\x00\x00"
    "\x00\xf8\xff\xff\xff\xff\xff\xff\x00\x00\x00\x00\x00\x00\x00\x00\x5f\x79\xfe\xff\xff\xff\xff\xff\xa0\x86\x01\x00\x00\x00\x00\x00\xac\xf0\xff\xff\xff\xff\xff\xff\x53\x0f\x00\x00\x00\x00\x00\x00\x0c\x00\x00\xf0\xff\xff\xff\xff\x13\x00\x00\x00\x00\x00\x00\x00"
    "\x00\xf8\xff\xff\xff\xff\xff\xff\x00\x00\x00\x00\x00\x00\x00\x00\x5f\x79\xfe\xff\xff\xff\xff\xff\xa0\x86\x01\x00\x00\x00\x00\x00\xa7\xf0\xff\xff\xff\xff\xff\xff\x58\x0f\x00\x00\x00\x00\x00\x00\x07\x00\x00\xf0\xff\xff\xff\xff\x18\x00\x00\x00\x00\x00\x00\x00"
    "\x00\xf8\xff\xff\xff\xff\xff\xff\x00\x00\x00\x00\x00\x00\x00\x00\x5f\x79\xfe\xff\xff\xff\xff\xff\xa0\x86\x01\x00\x00\x00\x00\x00\xa3\xf0\xff\xff\xff\xff\xff\xff\x5c\x0f\x00\x00\x00\x00\x00\x00\x03\x00\x00\xf0\xff\xff\xff\xff\x1c\x00\x00\x00\x00\x00\x00\x00"
    "\x00\xf8\xff\xff\xff\xff\xff\xff\x00\x00\x00\x00\x00\x00\x00\x00\x5f\x79\xfe\xff\xff\xff\xff\xff\xa0\x86\x01\x00\x00\x00\x00\x00\x9e\xf0\xff\xff\xff\xff\xff\xff\x61\x0f\x00\x00\x00\x00\x00\x00\x1e\x00\x00\xf0\xff\xff\xff\xff\x01\x00\x00\x00\x00\x00\x00\x00"
    "\x00\xf8\xff\xff\xff\xff\xff\xff\x00\x00\x00\x00\x00\x00\x00\x00\x5f\x79\xfe\xff\xff\xff\xff\xff\xa0\x86\x01\x00\x00\x00\x00\x00\x9a\xf0\xff\xff\xff\xff\xff\xff\x65\x0f\x00\x00\x00\x00\x00\x00\x1a\x00\x00\xf0\xff\xff\xff\xff\x05\x00\x00\x00\x00\x00\x00\x00"
    "\x00\xf8\xff\xff\xff\xff\xff\xff\x00\x00\x00\x00\x00\x00\x00\x00\x5f\x79\xfe\xff\xff\xff\xff\xff\xa0\x86\x01\x00\x00\x00\x00\x00\x91\xf0\xff\xff\xff\xff\xff\xff\x6e\x0f\x00\x00\x00\x00\x00\x00\x11\x00\x00\xf0\xff\xff\xff\xff\x0e\x00\x00\x00\x00\x00\x00\x00"
    "\x00\xf8\xff\xff\xff\xff\xff\xff\x00\x00\x00\x00\x00\x00\x00\x00\x5f\x79\xfe\xff\xff\xff\xff\xff\xa0\x86\x01\x00\x00\x00\x00\x00\x8e\xf0\xff\xff\xff\xff\xff\xff\x71\x0f\x00\x00\x00\x00\x00\x00\x0e\x00\x00\xf0\xff\xff\xff\xff\x11\x00\x00\x00\x00\x00\x00\x00"
    "\x00\xf8\xff\xff\xff\xff\xff\xff\x00\x00\x00\x00\x00\x00\x00\x00\x5f\x79\xfe\xff\xff\xff\xff\xff\xa0\x86\x01\x00\x00\x00\x00\x00\x89\xf0\xff\xff\xff\xff\xff\xff\x76\x0f\x00\x00\x00\x00\x00\x00\x09\x00\x00\xf0\xff\xff\xff\xff\x16\x00\x00\x00\x00\x00\x00\x00"
    "\x00\xf8\xff\xff\xff\xff\xff\xff\x00\x00\x00\x00\x00\x00\x00\x00\x5f\x79\xfe\xff\xff\xff\xff\xff\xa0\x86\x01\x00\x00\x00\x00\x00\x86\xf0\xff\xff\xff\xff\xff\xff\x79\x0f\x00\x00\x00\x00\x00\x00\x06\x00\x00\xf0\xff\xff\xff\xff\x19\x00\x00\x00\x00\x00\x00\x00"
    "\x00\xf8\xff\xff\xff\xff\xff\xff\x00\x00\x00\x00\x00\x00\x00\x00\x5f\x79\xfe\xff\xff\xff\xff\xff\xa0\x86\x01\x00\x00\x00\x00\x00\x83\xf0\xff\xff\xff\xff\xff\xff\x7c\x0f\x00\x00\x00\x00\x00\x00\x03\x00\x00\xf0\xff\xff\xff\xff\x1c\x00\x00\x00\x00\x00\x00\x00"
    "\x00\xf8\xff\xff\xff\xff\xff\xff\x00\x00\x00\x00\x00\x00\x00\x00\x5f\x79\xfe\xff\xff\xff\xff\xff\xa0\x86\x01\x00\x00\x00\x00\x00\x80\xf0\xff\xff\xff\xff\xff\xff\x7f\x0f\x00\x00\x00\x00\x00\x00\x00\x00\x00\xf0\xff\xff\xff\xff\x1f\x00\x00\x00\x00\x00\x00\x00"
    "\x00\xf8\xff\xff\xff\xff\xff\xff\x00\x00\x00\x00\x00\x00\x00\x00\x5f\x79\xfe\xff\xff\xff\xff\xff\xa0\x86\x01\x00\x00\x00\x00\x00\x57\xf0\xff\xff\xff\xff\xff\xff\xa8\x0f\x00\x00\x00\x00\x00\x00\x17\x00\x00\xf0\xff\xff\xff\xff\x08\x00\x00\x00\x00\x00\x00\x00"
    "\x00\xf8\xff\xff\xff\xff\xff\xff\x00\x00\x00\x00\x00\x00\x00\x00\x5f\x79\xfe\xff\xff\xff\xff\xff\xa0\x86\x01\x00\x00\x00\x00\x00\x53\xf0\xff\xff\xff\xff\xff\xff\xac\x0f\x00\x00\x00\x00\x00\x00\x13\x00\x00\xf0\xff\xff\xff\xff\x0c\x00\x00\x00\x00\x00\x00\x00"
    "\x00\xf8\xff\xff\xff\xff\xff\xff\x00\x00\x00\x00\x00\x00\x00\x00\x5f\x79\xfe\xff\xff\xff\xff\xff\xa0\x86\x01\x00\x00\x00\x00\x00\xdd\xef\xff\xff\xff\xff\xff\xff\x22\x10\x00\x00\x00\x00\x00\x00\x1d\x00\x00\xf0\xff\xff\xff\xff\x02\x00\x00\x00\x00\x00\x00\x00"
    "\x00\xf8\xff\xff\xff\xff\xff\xff\x00\x00\x00\x00\x00\x00\x00\x00\x5f\x79\xfe\xff\xff\xff\xff\xff\xa0\x86\x01\x00\x00\x00\x00\x00\xd9\xef\xff\xff\xff\xff\xff\xff\x26\x10\x00\x00\x00\x00\x00\x00\x19\x00\x00\xf0\xff\xff\xff\xff\x06\x00\x00\x00\x00\x00\x00\x00"
    "\x00\xf8\xff\xff\xff\xff\xff\xff\x00\x00\x00\x00\x00\x00\x00\x00\x5f\x79\xfe\xff\xff\xff\xff\xff\xa0\x86\x01\x00\x00\x00\x00\x00\xd3\xef\xff\xff\xff\xff\xff\xff\x2c\x10\x00\x00\x00\x00\x00\x00\x13\x00\x00\xf0\xff\xff\xff\xff\x0c\x00\x00\x00\x00\x00\x00\x00"
    "\x00\xf8\xff\xff\xff\xff\xff\xff\x00\x00\x00\x00\x00\x00\x00\x00\x5f\x79\xfe\xff\xff\xff\xff\xff\xa0\x86\x01\x00\x00\x00\x00\x00\xcc\xef\xff\xff\xff\xff\xff\xff\x33\x10\x00\x00\x00\x00\x00\x00\x0c\x00\x00\xf0\xff\xff\xff\xff\x13\x00\x00\x00\x00\x00\x00\x00"
    "\x00\xf8\xff\xff\xff\xff\xff\xff\x00\x00\x00\x00\x00\x00\x00\x00\x5f\x79\xfe\xff\xff\xff\xff\xff\xa0\x86\x01\x00\x00\x00\x00\x00\xc4\xef\xff\xff\xff\xff\xff\xff\x3b\x10\x00\x00\x00\x00\x00\x00\x04\x00\x00\xf0\xff\xff\xff\xff\x1b\x00\x00\x00\x00\x00\x00\x00"
    "\x00\xf8\xff\xff\xff\xff\xff\xff\x00\x00\x00\x00\x00\x00\x00\x00\x5f\x79\xfe\xff\xff\xff\xff\xff\xa0\x86\x01\x00\x00\x00\x00\x00\xbf\xef\xff\xff\xff\xff\xff\xff\x40\x10\x00\x00\x00\x00\x00\x00\x1f\x00\x00\xf0\xff\xff\xff\xff\x00\x00\x00\x00\x00\x00\x00\x00"
    "\x00\xf8\xff\xff\xff\xff\xff\xff\x00\x00\x00\x00\x00\x00\x00\x00\x5f\x79\xfe\xff\xff\xff\xff\xff\xa0\x86\x01\x00\x00\x00\x00\x00\xba\xef\xff\xff\xff\xff\xff\xff\x45\x10\x00\x00\x00\x00\x00\x00\x1a\x00\x00\xf0\xff\xff\xff\xff\x05\x00\x00\x00\x00\x00\x00\x00"
    "\x00\xf8\xff\xff\xff\xff\xff\xff\x00\x00\x00\x00\x00\x00\x00\x00\x5f\x79\xfe\xff\xff\xff\xff\xff\xa0\x86\x01\x00\x00\x00\x00\x00\xb6\xef\xff\xff\xff\xff\xff\xff\x49\x10\x00\x00\x00\x00\x00\x00\x16\x00\x00\xf0\xff\xff\xff\xff\x09\x00\x00\x00\x00\x00\x00\x00"
    "\x00\xf8\xff\xff\xff\xff\xff\xff\x00\x00\x00\x00\x00\x00\x00\x00\x5f\x79\xfe\xff\xff\xff\xff\xff\xa0\x86\x01\x00\x00\x00\x00\x00\xb1\xef\xff\xff\xff\xff\xff\xff\x4e\x10\x00\x00\x00\x00\x00\x00\x11\x00\x00\xf0\xff\xff\xff\xff\x0e\x00\x00\x00\x00\x00\x00\x00"
    "\x00\xf8\xff\xff\xff\xff\xff\xff\x00\x00\x00\x00\x00\x00\x00\x00\x5f\x79\xfe\xff\xff\xff\xff\xff\xa0\x86\x01\x00\x00\x00\x00\x00\xad\xef\xff\xff\xff\xff\xff\xff\x52\x10\x00\x00\x00\x00\x00\x00\x0d\x00\x00\xf0\xff\xff\xff\xff\x12\x00\x00\x00\x00\x00\x00\x00"
    "\x00\xf8\xff\xff\xff\xff\xff\xff\x00\x00\x00\x00\x00\x00\x00\x00\x5f\x79\xfe\xff\xff\xff\xff\xff\xa0\x86\x01\x00\x00\x00\x00\x00\xa8\xef\xff\xff\xff\xff\xff\xff\x57\x10\x00\x00\x00\x00\x00\x00\x08\x00\x00\xf0\xff\xff\xff\xff\x17\x00\x00\x00\x00\x00\x00\x00"
    "\x00\xf8\xff\xff\xff\xff\xff\xff\x00\x00\x00\x00\x00\x00\x00\x00\x5f\x79\xfe\xff\xff\xff\xff\xff\xa0\x86\x01\x00\x00\x00\x00\x00\xa4\xef\xff\xff\xff\xff\xff\xff\x5b\x10\x00\x00\x00\x00\x00\x00\x04\x00\x00\xf0\xff\xff\xff\xff\x1b\x00\x00\x00\x00\x00\x00\x00"
    "\x00\xf8\xff\xff\xff\xff\xff\xff\x00\x00\x00\x00\x00\x00\x00\x00\x5f\x79\xfe\xff\xff\xff\xff\xff\xa0\x86\x01\x00\x00\x00\x00\x00\x9b\xef\xff\xff\xff\xff\xff\xff\x64\x10\x00\x00\x00\x00\x00\x00\x1b\x00\x00\xf0\xff\xff\xff\xff\x04\x00\x00\x00\x00\x00\x00\x00"
    "\x00\xf8\xff\xff\xff\xff\xff\xff\x00\x00\x00\x00\x00\x00\x00\x00\x5f\x79\xfe\xff\xff\xff\xff\xff\xa0\x86\x01\x00\x00\x00\x00\x00\x99\xef\xff\xff\xff\xff\xff\xff\x66\x10\x00\x00\x00\x00\x00\x00\x19\x00\x00\xf0\xff\xff\xff\xff\x06\x00\x00\x00\x00\x00\x00\x00"
    "\x00\xf8\xff\xff\xff\xff\xff\xff\x00\x00\x00\x00\x00\x00\x00\x00\x5f\x79\xfe\xff\xff\xff\xff\xff\xa0\x86\x01\x00\x00\x00\x00\x00\x95\xef\xff\xff\xff\xff\xff\xff\x6a\x10\x00\x00\x00\x00\x00\x00\x15\x00\x00\xf0\xff\xff\xff\xff\x0a\x00\x00\x00\x00\x00\x00\x00"
    "\x00\xf8\xff\xff\xff\xff\xff\xff\x00\x00\x00\x00\x00\x00\x00\x00\x5f\x79\xfe\xff\xff\xff\xff\xff\xa0\x86\x01\x00\x00\x00\x00\x00\x92\xef\xff\xff\xff\xff\xff\xff\x6d\x10\x00\x00\x00\x00\x00\x00\x12\x00\x00\xf0\xff\xff\xff\xff\x0d\x00\x00\x00\x00\x00\x00\x00"
    "\x00\xf8\xff\xff\xff\xff\xff\xff\x00\x00\x00\x00\x00\x00\x00\x00\x5f\x79\xfe\xff\xff\xff\xff\xff\xa0\x86\x01\x00\x00\x00\x00\x00\x8f\xef\xff\xff\xff\xff\xff\xff\x70\x10\x00\x00\x00\x00\x00\x00\x0f\x00\x00\xf0\xff\xff\xff\xff\x10\x00\x00\x00\x00\x00\x00\x00"
    "\x00\xf8\xff\xff\xff\xff\xff\xff\x00\x00\x00\x00\x00\x00\x00\x00\x5f\x79\xfe\xff\xff\xff\xff\xff\xa0\x86\x01\x00\x00\x00\x00\x00\x8c\xef\xff\xff\xff\xff\xff\xff\x73\x10\x00\x00\x00\x00\x00\x00\x0c\x00\x00\xf0\xff\xff\xff\xff\x13\x00\x00\x00\x00\x00\x00\x00"
    "\x00\xf8\xff\xff\xff\xff\xff\xff\x00\x00\x00\x00\x00\x00\x00\x00\x5f\x79\xfe\xff\xff\xff\xff\xff\xa0\x86\x01\x00\x00\x00\x00\x00\x61\xef\xff\xff\xff\xff\xff\xff\x9e\x10\x00\x00\x00\x00\x00\x00\x01\x00\x00\xf0\xff\xff\xff\xff\x1e\x00\x00\x00\x00\x00\x00\x00"
    "\x00\xf8\xff\xff\xff\xff\xff\xff\x00\x00\x00\x00\x00\x00\x00\x00\x5f\x79\xfe\xff\xff\xff\xff\xff\xa0\x86\x01\x00\x00\x00\x00\x00\x5d\xef\xff\xff\xff\xff\xff\xff\xa2\x10\x00\x00\x00\x00\x00\x00\x1d\x00\x00\xf0\xff\xff\xff\xff\x02\x00\x00\x00\x00\x00\x00\x00"
    "\x00\xf8\xff\xff\xff\xff\xff\xff\x00\x00\x00\x00\x00\x00\x00\x00\x5f\x79\xfe\xff\xff\xff\xff\xff\xa0\x86\x01\x00\x00\x00\x00\x00\x53\xef\xff\xff\xff\xff\xff\xff\xac\x10\x00\x00\x00\x00\x00\x00\x13\x00\x00\xf0\xff\xff\xff\xff\x0c\x00\x00\x00\x00\x00\x00\x00"
    "\x00\xf8\xff\xff\xff\xff\xff\xff\x00\x00\x00\x00\x00\x00\x00\x00\x5f\x79\xfe\xff\xff\xff\xff\xff\xa0\x86\x01\x00\x00\x00\x00\x00\xff\xee\xff\xff\xff\xff\xff\xff\x00\x11\x00\x00\x00\x00\x00\x00\x1f\x00\x00\xf0\xff\xff\xff\xff\x00\x00\x00\x00\x00\x00\x00\x00"
    "\x00\xf8\xff\xff\xff\xff\xff\xff\x00\x00\x00\x00\x00\x00\x00\x00\x5f\x79\xfe\xff\xff\xff\xff\xff\xa0\x86\x01\x00\x00\x00\x00\x00\xfb\xee\xff\xff\xff\xff\xff\xff\x04\x11\x00\x00\x00\x00\x00\x00\x1b\x00\x00\xf0\xff\xff\xff\xff\x04\x00\x00\x00\x00\x00\x00\x00"
    "\x00\xf8\xff\xff\xff\xff\xff\xff\x00\x00\x00\x00\x00\x00\x00\x00\x5f\x79\xfe\xff\xff\xff\xff\xff\xa0\x86\x01\x00\x00\x00\x00\x00\xf4\xee\xff\xff\xff\xff\xff\xff\x0b\x11\x00\x00\x00\x00\x00\x00\x14\x00\x00\xf0\xff\xff\xff\xff\x0b\x00\x00\x00\x00\x00\x00\x00"
    "\x00\xf8\xff\xff\xff\xff\xff\xff\x00\x00\x00\x00\x00\x00\x00\x00\x5f\x79\xfe\xff\xff\xff\xff\xff\xa0\x86\x01\x00\x00\x00\x00\x00\xf1\xee\xff\xff\xff\xff\xff\xff\x0e\x11\x00\x00\x00\x00\x00\x00\x11\x00\x00\xf0\xff\xff\xff\xff\x0e\x00\x00\x00\x00\x00\x00\x00"
    "\x00\xf8\xff\xff\xff\xff\xff\xff\x00\x00\x00\x00\x00\x00\x00\x00\x5f\x79\xfe\xff\xff\xff\xff\xff\xa0\x86\x01\x00\x00\x00\x00\x00\xee\xee\xff\xff\xff\xff\xff\xff\x11\x11\x00\x00\x00\x00\x00\x00\x0e\x00\x00\xf0\xff\xff\xff\xff\x11\x00\x00\x00\x00\x00\x00\x00"
    "\x00\xf8\xff\xff\xff\xff\xff\xff\x00\x00\x00\x00\x00\x00\x00\x00\x5f\x79\xfe\xff\xff\xff\xff\xff\xa0\x86\x01\x00\x00\x00\x00\x00\xeb\xee\xff\xff\xff\xff\xff\xff\x14\x11\x00\x00\x00\x00\x00\x00\x0b\x00\x00\xf0\xff\xff\xff\xff\x14\x00\x00\x00\x00\x00\x00\x00"
    "\x00\xf8\xff\xff\xff\xff\xff\xff\x00\x00\x00\x00\x00\x00\x00\x00\x5f\x79\xfe\xff\xff\xff\xff\xff\xa0\x86\x01\x00\x00\x00\x00\x00\xe7\xee\xff\xff\xff\xff\xff\xff\x18\x11\x00\x00\x00\x00\x00\x00\x07\x00\x00\xf0\xff\xff\xff\xff\x18\x00\x00\x00\x00\x00\x00\x00"
    "\x00\xf8\xff\xff\xff\xff\xff\xff\x00\x00\x00\x00\x00\x00\x00\x00\x5f\x79\xfe\xff\xff\xff\xff\xff\xa0\x86\x01\x00\x00\x00\x00\x00\xe3\xee\xff\xff\xff\xff\xff\xff\x1c\x11\x00\x00\x00\x00\x00\x00\x03\x00\x00\xf0\xff\xff\xff\xff\x1c\x00\x00\x00\x00\x00\x00\x00"
    "\x00\xf8\xff\xff\xff\xff\xff\xff\x00\x00\x00\x00\x00\x00\x00\x00\x5f\x79\xfe\xff\xff\xff\xff\xff\xa0\x86\x01\x00\x00\x00\x00\x00\xc3\xee\xff\xff\xff\xff\xff\xff\x3c\x11\x00\x00\x00\x00\x00\x00\x03\x00\x00\xf0\xff\xff\xff\xff\x1c\x00\x00\x00\x00\x00\x00\x00"
    "\x00\xf8\xff\xff\xff\xff\xff\xff\x00\x00\x00\x00\x00\x00\x00\x00\x5f\x79\xfe\xff\xff\xff\xff\xff\xa0\x86\x01\x00\x00\x00\x00\x00\xbf\xee\xff\xff\xff\xff\xff\xff\x40\x11\x00\x00\x00\x00\x00\x00\x1f\x00\x00\xf0\xff\xff\xff\xff\x00\x00\x00\x00\x00\x00\x00\x00"
    "\x00\xf8\xff\xff\xff\xff\xff\xff\x00\x00\x00\x00\x00\x00\x00\x00\x5f\x79\xfe\xff\xff\xff\xff\xff\xa0\x86\x01\x00\x00\x00\x00\x00\xb5\xee\xff\xff\xff\xff\xff\xff\x4a\x11\x00\x00\x00\x00\x00\x00\x15\x00\x00\xf0\xff\xff\xff\xff\x0a\x00\x00\x00\x00\x00\x00\x00"
    "\x00\xf8\xff\xff\xff\xff\xff\xff\x00\x00\x00\x00\x00\x00\x00\x00\x5f\x79\xfe\xff\xff\xff\xff\xff\xa0\x86\x01\x00\x00\x00\x00\x00\x66\xee\xff\xff\xff\xff\xff\xff\x99\x11\x00\x00\x00\x00\x00\x00\x06\x00\x00\xf0\xff\xff\xff\xff\x19\x00\x00\x00\x00\x00\x00\x00"
    "\x00\xf8\xff\xff\xff\xff\xff\xff\x00\x00\x00\x00\x00\x00\x00\x00\x5f\x79\xfe\xff\xff\xff\xff\xff\xa0\x86\x01\x00\x00\x00\x00\x00\x62\xee\xff\xff\xff\xff\xff\xff\x9d\x11\x00\x00\x00\x00\x00\x00\x02\x00\x00\xf0\xff\xff\xff\xff\x1d\x00\x00\x00\x00\x00\x00\x00"
    "\x00\xf8\xff\xff\xff\xff\xff\xff\x00\x00\x00\x00\x00\x00\x00\x00\x5f\x79\xfe\xff\xff\xff\xff\xff\xa0\x86\x01\x00\x00\x00\x00\x00\x5b\xee\xff\xff\xff\xff\xff\xff\xa4\x11\x00\x00\x00\x00\x00\x00\x1b\x00\x00\xf0\xff\xff\xff\xff\x04\x00\x00\x00\x00\x00\x00\x00"
    "\x00\xf8\xff\xff\xff\xff\xff\xff\x00\x00\x00\x00\x00\x00\x00\x00\x5f\x79\xfe\xff\xff\xff\xff\xff\xa0\x86\x01\x00\x00\x00\x00\x00\x58\xee\xff\xff\xff\xff\xff\xff\xa7\x11\x00\x00\x00\x00\x00\x00\x18\x00\x00\xf0\xff\xff\xff\xff\x07\x00\x00\x00\x00\x00\x00\x00"
    "\x00\xf8\xff\xff\xff\xff\xff\xff\x00\x00\x00\x00\x00\x00\x00\x00\x5f\x79\xfe\xff\xff\xff\xff\xff\xa0\x86\x01\x00\x00\x00\x00\x00\x55\xee\xff\xff\xff\xff\xff\xff\xaa\x11\x00\x00\x00\x00\x00\x00\x15\x00\x00\xf0\xff\xff\xff\xff\x0a\x00\x00\x00\x00\x00\x00\x00"
    "\x00\xf8\xff\xff\xff\xff\xff\xff\x00\x00\x00\x00\x00\x00\x00\x00\x5f\x79\xfe\xff\xff\xff\xff\xff\xa0\x86\x01\x00\x00\x00\x00\x00\x52\xee\xff\xff\xff\xff\xff\xff\xad\x11\x00\x00\x00\x00\x00\x00\x12\x00\x00\xf0\xff\xff\xff\xff\x0d\x00\x00\x00\x00\x00\x00\x00"
    "\x00\xf8\xff\xff\xff\xff\xff\xff\x00\x00\x00\x00\x00\x00\x00\x00\x5f\x79\xfe\xff\xff\xff\xff\xff\xa0\x86\x01\x00\x00\x00\x00\x00\x4e\xee\xff\xff\xff\xff\xff\xff\xb1\x11\x00\x00\x00\x00\x00\x00\x0e\x00\x00\xf0\xff\xff\xff\xff\x11\x00\x00\x00\x00\x00\x00\x00"
    "\x00\xf8\xff\xff\xff\xff\xff\xff\x00\x00\x00\x00\x00\x00\x00\x00\x5f\x79\xfe\xff\xff\xff\xff\xff\xa0\x86\x01\x00\x00\x00\x00\x00\x4a\xee\xff\xff\xff\xff\xff\xff\xb5\x11\x00\x00\x00\x00\x00\x00\x0a\x00\x00\xf0\xff\xff\xff\xff\x15\x00\x00\x00\x00\x00\x00\x00"
    "\x00\xf8\xff\xff\xff\xff\xff\xff\x00\x00\x00\x00\x00\x00\x00\x00\x5f\x79\xfe\xff\xff\xff\xff\xff\xa0\x86\x01\x00\x00\x00\x00\x00\x2a\xee\xff\xff\xff\xff\xff\xff\xd5\x11\x00\x00\x00\x00\x00\x00\x0a\x00\x00\xf0\xff\xff\xff\xff\x15\x00\x00\x00\x00\x00\x00\x00"
    "\x00\xf8\xff\xff\xff\xff\xff\xff\x00\x00\x00\x00\x00\x00\x00\x00\x5f\x79\xfe\xff\xff\xff\xff\xff\xa0\x86\x01\x00\x00\x00\x00\x00\x26\xee\xff\xff\xff\xff\xff\xff\xd9\x11\x00\x00\x00\x00\x00\x00\x06\x00\x00\xf0\xff\xff\xff\xff\x19\x00\x00\x00\x00\x00\x00\x00"
    "\x00\xf8\xff\xff\xff\xff\xff\xff\x00\x00\x00\x00\x00\x00\x00\x00\x5f\x79\xfe\xff\xff\xff\xff\xff\xa0\x86\x01\x00\x00\x00\x00\x00\x1c\xee\xff\xff\xff\xff\xff\xff\xe3\x11\x00\x00\x00\x00\x00\x00\x1c\x00\x00\xf0\xff\xff\xff\xff\x03\x00\x00\x00\x00\x00\x00\x00"
    "\x00\xf8\xff\xff\xff\xff\xff\xff\x00\x00\x00\x00\x00\x00\x00\x00\x5f\x79\xfe\xff\xff\xff\xff\xff\xa0\x86\x01\x00\x00\x00\x00\x00\xdd\xed\xff\xff\xff\xff\xff\xff\x22\x12\x00\x00\x00\x00\x00\x00\x1d\x00\x00\xf0\xff\xff\xff\xff\x02\x00\x00\x00\x00\x00\x00\x00"
    "\x00\xf8\xff\xff\xff\xff\xff\xff\x00\x00\x00\x00\x00\x00\x00\x00\x5f\x79\xfe\xff\xff\xff\xff\xff\xa0\x86\x01\x00\x00\x00\x00\x00\xd9\xed\xff\xff\xff\xff\xff\xff\x26\x12\x00\x00\x00\x00\x00\x00\x19\x00\x00\xf0\xff\xff\xff\xff\x06\x00\x00\x00\x00\x00\x00\x00"
    "\x00\xf8\xff\xff\xff\xff\xff\xff\x00\x00\x00\x00\x00\x00\x00\x00\x5f\x79\xfe\xff\xff\xff\xff\xff\xa0\x86\x01\x00\x00\x00\x00\x00\xd2\xed\xff\xff\xff\xff\xff\xff\x2d\x12\x00\x00\x00\x00\x00\x00\x12\x00\x00\xf0\xff\xff\xff\xff\x0d\x00\x00\x00\x00\x00\x00\x00"
    "\x00\xf8\xff\xff\xff\xff\xff\xff\x00\x00\x00\x00\x00\x00\x00\x00\x5f\x79\xfe\xff\xff\xff\xff\xff\xa0\x86\x01\x00\x00\x00\x00\x00\xcf\xed\xff\xff\xff\xff\xff\xff\x30\x12\x00\x00\x00\x00\x00\x00\x0f\x00\x00\xf0\xff\xff\xff\xff\x10\x00\x00\x00\x00\x00\x00\x00"
    "\x00\xf8\xff\xff\xff\xff\xff\xff\x00\x00\x00\x00\x00\x00\x00\x00\x5f\x79\xfe\xff\xff\xff\xff\xff\xa0\x86\x01\x00\x00\x00\x00\x00\xcc\xed\xff\xff\xff\xff\xff\xff\x33\x12\x00\x00\x00\x00\x00\x00\x0c\x00\x00\xf0\xff\xff\xff\xff\x13\x00\x00\x00\x00\x00\x00\x00"
    "\x00\xf8\xff\xff\xff\xff\xff\xff\x00\x00\x00\x00\x00\x00\x00\x00\x5f\x79\xfe\xff\xff\xff\xff\xff\xa0\x86\x01\x00\x00\x00\x00\x00\xc9\xed\xff\xff\xff\xff\xff\xff\x36\x12\x00\x00\x00\x00\x00\x00\x09\x00\x00\xf0\xff\xff\xff\xff\x16\x00\x00\x00\x00\x00\x00\x00"
    "\x00\xf8\xff\xff\xff\xff\xff\xff\x00\x00\x00\x00\x00\x00\x00\x00\x5f\x79\xfe\xff\xff\xff\xff\xff\xa0\x86\x01\x00\x00\x00\x00\x00\xc5\xed\xff\xff\xff\xff\xff\xff\x3a\x12\x00\x00\x00\x00\x00\x00\x05\x00\x00\xf0\xff\xff\xff\xff\x1a\x00\x00\x00\x00\x00\x00\x00"
    "\x00\xf8\xff\xff\xff\xff\xff\xff\x00\x00\x00\x00\x00\x00\x00\x00\x5f\x79\xfe\xff\xff\xff\xff\xff\xa0\x86\x01\x00\x00\x00\x00\x00\xc3\xed\xff\xff\xff\xff\xff\xff\x3c\x12\x00\x00\x00\x00\x00\x00\x03\x00\x00\xf0\xff\xff\xff\xff\x1c\x00\x00\x00\x00\x00\x00\x00"
    "\x00\xf8\xff\xff\xff\xff\xff\xff\x00\x00\x00\x00\x00\x00\x00\x00\x5f\x79\xfe\xff\xff\xff\xff\xff\xa0\x86\x01\x00\x00\x00\x00\x00\xa5\xed\xff\xff\xff\xff\xff\xff\x5a\x12\x00\x00\x00\x00\x00\x00\x05\x00\x00\xf0\xff\xff\xff\xff\x1a\x00\x00\x00\x00\x00\x00\x00"
    "\x00\xf8\xff\xff\xff\xff\xff\xff\x00\x00\x00\x00\x00\x00\x00\x00\x5f\x79\xfe\xff\xff\xff\xff\xff\xa0\x86\x01\x00\x00\x00\x00\x00\xa1\xed\xff\xff\xff\xff\xff\xff\x5e\x12\x00\x00\x00\x00\x00\x00\x01\x00\x00\xf0\xff\xff\xff\xff\x1e\x00\x00\x00\x00\x00\x00\x00"
    "\x00\xf8\xff\xff\xff\xff\xff\xff\x00\x00\x00\x00\x00\x00\x00\x00\x5f\x79\xfe\xff\xff\xff\xff\xff\xa0\x86\x01\x00\x00\x00\x00\x00\x6d\xed\xff\xff\xff\xff\xff\xff\x92\x12\x00\x00\x00\x00\x00\x00\x0d\x00\x00\xf0\xff\xff\xff\xff\x12\x00\x00\x00\x00\x00\x00\x00"
    "\x00\xf8\xff\xff\xff\xff\xff\xff\x00\x00\x00\x00\x00\x00\x00\x00\x5f\x79\xfe\xff\xff\xff\xff\xff\xa0\x86\x01\x00\x00\x00\x00\x00\x67\xed\xff\xff\xff\xff\xff\xff\x98\x12\x00\x00\x00\x00\x00\x00\x07\x00\x00\xf0\xff\xff\xff\xff\x18\x00\x00\x00\x00\x00\x00\x00"
    "\x00\xf8\xff\xff\xff\xff\xff\xff\x00\x00\x00\x00\x00\x00\x00\x00\x5f\x79\xfe\xff\xff\xff\xff\xff\xa0\x86\x01\x00\x00\x00\x00\x00\x64\xed\xff\xff\xff\xff\xff\xff\x9b\x12\x00\x00\x00\x00\x00\x00\x04\x00\x00\xf0\xff\xff\xff\xff\x1b\x00\x00\x00\x00\x00\x00\x00"
    "\x00\xf8\xff\xff\xff\xff\xff\xff\x00\x00\x00\x00\x00\x00\x00\x00\x5f\x79\xfe\xff\xff\xff\xff\xff\xa0\x86\x01\x00\x00\x00\x00\x00\x61\xed\xff\xff\xff\xff\xff\xff\x9e\x12\x00\x00\x00\x00\x00\x00\x01\x00\x00\xf0\xff\xff\xff\xff\x1e\x00\x00\x00\x00\x00\x00\x00"
    "\x00\xf8\xff\xff\xff\xff\xff\xff\x00\x00\x00\x00\x00\x00\x00\x00\x5f\x79\xfe\xff\xff\xff\xff\xff\xa0\x86\x01\x00\x00\x00\x00\x00\x5e\xed\xff\xff\xff\xff\xff\xff\xa1\x12\x00\x00\x00\x00\x00\x00\x1e\x00\x00\xf0\xff\xff\xff\xff\x01\x00\x00\x00\x00\x00\x00\x00"
    "\x00\xf8\xff\xff\xff\xff\xff\xff\x00\x00\x00\x00\x00\x00\x00\x00\x5f\x79\xfe\xff\xff\xff\xff\xff\xa0\x86\x01\x00\x00\x00\x00\x00\x5c\xed\xff\xff\xff\xff\xff\xff\xa3\x12\x00\x00\x00\x00\x00\x00\x1c\x00\x00\xf0\xff\xff\xff\xff\x03\x00\x00\x00\x00\x00\x00\x00"
    "\x00\xf8\xff\xff\xff\xff\xff\xff\x00\x00\x00\x00\x00\x00\x00\x00\x5f\x79\xfe\xff\xff\xff\xff\xff\xa0\x86\x01\x00\x00\x00\x00\x00\x4a\xed\xff\xff\xff\xff\xff\xff\xb5\x12\x00\x00\x00\x00\x00\x00\x0a\x00\x00\xf0\xff\xff\xff\xff\x15\x00\x00\x00\x00\x00\x00\x00"
    "\x00\xf8\xff\xff\xff\xff\xff\xff\x00\x00\x00\x00\x00\x00\x00\x00\x5f\x79\xfe\xff\xff\xff\xff\xff\xa0\x86\x01\x00\x00\x00\x00\x00\x46\xed\xff\xff\xff\xff\xff\xff\xb9\x12\x00\x00\x00\x00\x00\x00\x06\x00\x00\xf0\xff\xff\xff\xff\x19\x00\x00\x00\x00\x00\x00\x00"
    "\x00\xf8\xff\xff\xff\xff\xff\xff\x00\x00\x00\x00\x00\x00\x00\x00\x5f\x79\xfe\xff\xff\xff\xff\xff\xa0\x86\x01\x00\x00\x00\x00\x00\x03\xed\xff\xff\xff\xff\xff\xff\xfc\x12\x00\x00\x00\x00\x00\x00\x03\x00\x00\xf0\xff\xff\xff\xff\x1c\x00\x00\x00\x00\x00\x00\x00"
    "\x00\xf8\xff\xff\xff\xff\xff\xff\x00\x00\x00\x00\x00\x00\x00\x00\x5f\x79\xfe\xff\xff\xff\xff\xff\xa0\x86\x01\x00\x00\x00\x00\x00\xfd\xec\xff\xff\xff\xff\xff\xff\x02\x13\x00\x00\x00\x00\x00\x00\x1d\x00\x00\xf0\xff\xff\xff\xff\x02\x00\x00\x00\x00\x00\x00\x00"
    "\x00\xf8\xff\xff\xff\xff\xff\xff\x00\x00\x00\x00\x00\x00\x00\x00\x5f\x79\xfe\xff\xff\xff\xff\xff\xa0\x86\x01\x00\x00\x00\x00\x00\xfa\xec\xff\xff\xff\xff\xff\xff\x05\x13\x00\x00\x00\x00\x00\x00\x1a\x00\x00\xf0\xff\xff\xff\xff\x05\x00\x00\x00\x00\x00\x00\x00"
    "\x00\xf8\xff\xff\xff\xff\xff\xff\x00\x00\x00\x00\x00\x00\x00\x00\x5f\x79\xfe\xff\xff\xff\xff\xff\xa0\x86\x01\x00\x00\x00\x00\x00\xf7\xec\xff\xff\xff\xff\xff\xff\x08\x13\x00\x00\x00\x00\x00\x00\x17\x00\x00\xf0\xff\xff\xff\xff\x08\x00\x00\x00\x00\x00\x00\x00"
    "\x00\xf8\xff\xff\xff\xff\xff\xff\x00\x00\x00\x00\x00\x00\x00\x00\x5f\x79\xfe\xff\xff\xff\xff\xff\xa0\x86\x01\x00\x00\x00\x00\x00\xf4\xec\xff\xff\xff\xff\xff\xff\x0b\x13\x00\x00\x00\x00\x00\x00\x14\x00\x00\xf0\xff\xff\xff\xff\x0b\x00\x00\x00\x00\x00\x00\x00"
    "\x00\xf8\xff\xff\xff\xff\xff\xff\x00\x00\x00\x00\x00\x00\x00\x00\x5f\x79\xfe\xff\xff\xff\xff\xff\xa0\x86\x01\x00\x00\x00\x00\x00\xf2\xec\xff\xff\xff\xff\xff\xff\x0d\x13\x00\x00\x00\x00\x00\x00\x12\x00\x00\xf0\xff\xff\xff\xff\x0d\x00\x00\x00\x00\x00\x00\x00"
    "\x00\xf8\xff\xff\xff\xff\xff\xff\x00\x00\x00\x00\x00\x00\x00\x00\x5f\x79\xfe\xff\xff\xff\xff\xff\xa0\x86\x01\x00\x00\x00\x00\x00\xe5\xec\xff\xff\xff\xff\xff\xff\x1a\x13\x00\x00\x00\x00\x00\x00\x05\x00\x00\xf0\xff\xff\xff\xff\x1a\x00\x00\x00\x00\x00\x00\x00"
    "\x00\xf8\xff\xff\xff\xff\xff\xff\x00\x00\x00\x00\x00\x00\x00\x00\x5f\x79\xfe\xff\xff\xff\xff\xff\xa0\x86\x01\x00\x00\x00\x00\x00\xe1\xec\xff\xff\xff\xff\xff\xff\x1e\x13\x00\x00\x00\x00\x00\x00\x01\x00\x00\xf0\xff\xff\xff\xff\x1e\x00\x00\x00\x00\x00\x00\x00"
    "\x00\xf8\xff\xff\xff\xff\xff\xff\x00\x00\x00\x00\x00\x00\x00\x00\x5f\x79\xfe\xff\xff\xff\xff\xff\xa0\x86\x01\x00\x00\x00\x00\x00\x81\xec\xff\xff\xff\xff\xff\xff\x7e\x13\x00\x00\x00\x00\x00\x00\x01\x00\x00\xf0\xff\xff\xff\xff\x1e\x00\x00\x00\x00\x00\x00\x00"
    "\x00\xf8\xff\xff\xff\xff\xff\xff\x00\x00\x00\x00\x00\x00\x00\x00\x5f\x79\xfe\xff\xff\xff\xff\xff\xa0\x86\x01\x00\x00\x00\x00\x00\x7a\xec\xff\xff\xff\xff\xff\xff\x85\x13\x00\x00\x00\x00\x00\x00\x1a\x00\x00\xf0\xff\xff\xff\xff\x05\x00\x00\x00\x00\x00\x00\x00"
    "\x00\xf8\xff\xff\xff\xff\xff\xff\x00\x00\x00\x00\x00\x00\x00\x00\x5f\x79\xfe\xff\xff\xff\xff\xff\xa0\x86\x01\x00\x00\x00\x00\x00\x76\xec\xff\xff\xff\xff\xff\xff\x89\x13\x00\x00\x00\x00\x00\x00\x16\x00\x00\xf0\xff\xff\xff\xff\x09\x00\x00\x00\x00\x00\x00\x00"
    "\x00\xf8\xff\xff\xff\xff\xff\xff\x00\x00\x00\x00\x00\x00\x00\x00\x5f\x79\xfe\xff\xff\xff\xff\xff\xa0\x86\x01\x00\x00\x00\x00\x00\x72\xec\xff\xff\xff\xff\xff\xff\x8d\x13\x00\x00\x00\x00\x00\x00\x12\x00\x00\xf0\xff\xff\xff\xff\x0d\x00\x00\x00\x00\x00\x00\x00"
    "\x00\xf8\xff\xff\xff\xff\xff\xff\x00\x00\x00\x00\x00\x00\x00\x00\x5f\x79\xfe\xff\xff\xff\xff\xff\xa0\x86\x01\x00\x00\x00\x00\x00\x6f\xec\xff\xff\xff\xff\xff\xff\x90\x13\x00\x00\x00\x00\x00\x00\x0f\x00\x00\xf0\xff\xff\xff\xff\x10\x00\x00\x00\x00\x00\x00\x00"
    "\x00\xf8\xff\xff\xff\xff\xff\xff\x00\x00\x00\x00\x00\x00\x00\x00\x5f\x79\xfe\xff\xff\xff\xff\xff\xa0\x86\x01\x00\x00\x00\x00\x00\x6c\xec\xff\xff\xff\xff\xff\xff\x93\x13\x00\x00\x00\x00\x00\x00\x0c\x00\x00\xf0\xff\xff\xff\xff\x13\x00\x00\x00\x00\x00\x00\x00"
    "\x00\xf8\xff\xff\xff\xff\xff\xff\x00\x00\x00\x00\x00\x00\x00\x00\x5f\x79\xfe\xff\xff\xff\xff\xff\xa0\x86\x01\x00\x00\x00\x00\x00\x58\xec\xff\xff\xff\xff\xff\xff\xa7\x13\x00\x00\x00\x00\x00\x00\x18\x00\x00\xf0\xff\xff\xff\xff\x07\x00\x00\x00\x00\x00\x00\x00"
    "\x00\xf8\xff\xff\xff\xff\xff\xff\x00\x00\x00\x00\x00\x00\x00\x00\x5f\x79\xfe\xff\xff\xff\xff\xff\xa0\x86\x01\x00\x00\x00\x00\x00\x54\xec\xff\xff\xff\xff\xff\xff\xab\x13\x00\x00\x00\x00\x00\x00\x14\x00\x00\xf0\xff\xff\xff\xff\x0b\x00\x00\x00\x00\x00\x00\x00"
    "\x00\xf8\xff\xff\xff\xff\xff\xff\x00\x00\x00\x00\x00\x00\x00\x00\x5f\x79\xfe\xff\xff\xff\xff\xff\xa0\x86\x01\x00\x00\x00\x00\x00\x17\xec\xff\xff\xff\xff\xff\xff\xe8\x13\x00\x00\x00\x00\x00\x00\x17\x00\x00\xf0\xff\xff\xff\xff\x08\x00\x00\x00\x00\x00\x00\x00"
    "\x00\xf8\xff\xff\xff\xff\xff\xff\x00\x00\x00\x00\x00\x00\x00\x00\x5f\x79\xfe\xff\xff\xff\xff\xff\xa0\x86\x01\x00\x00\x00\x00\x00\x11\xec\xff\xff\xff\xff\xff\xff\xee\x13\x00\x00\x00\x00\x00\x00\x11\x00\x00\xf0\xff\xff\xff\xff\x0e\x00\x00\x00\x00\x00\x00\x00"
    "\x00\xf8\xff\xff\xff\xff\xff\xff\x00\x00\x00\x00\x00\x00\x00\x00\x5f\x79\xfe\xff\xff\xff\xff\xff\xa0\x86\x01\x00\x00\x00\x00\x00\x0e\xec\xff\xff\xff\xff\xff\xff\xf1\x13\x00\x00\x00\x00\x00\x00\x0e\x00\x00\xf0\xff\xff\xff\xff\x11\x00\x00\x00\x00\x00\x00\x00"
    "\x00\xf8\xff\xff\xff\xff\xff\xff\x00\x00\x00\x00\x00\x00\x00\x00\x5f\x79\xfe\xff\xff\xff\xff\xff\xa0\x86\x01\x00\x00\x00\x00\x00\x0b\xec\xff\xff\xff\xff\xff\xff\xf4\x13\x00\x00\x00\x00\x00\x00\x0b\x00\x00\xf0\xff\xff\xff\xff\x14\x00\x00\x00\x00\x00\x00\x00"
    "\x00\xf8\xff\xff\xff\xff\xff\xff\x00\x00\x00\x00\x00\x00\x00\x00\x5f\x79\xfe\xff\xff\xff\xff\xff\xa0\x86\x01\x00\x00\x00\x00\x00\x08\xec\xff\xff\xff\xff\xff\xff\xf7\x13\x00\x00\x00\x00\x00\x00\x08\x00\x00\xf0\xff\xff\xff\xff\x17\x00\x00\x00\x00\x00\x00\x00"
    "\x00\xf8\xff\xff\xff\xff\xff\xff\x00\x00\x00\x00\x00\x00\x00\x00\x5f\x79\xfe\xff\xff\xff\xff\xff\xa0\x86\x01\x00\x00\x00\x00\x00\x06\xec\xff\xff\xff\xff\xff\xff\xf9\x13\x00\x00\x00\x00\x00\x00\x06\x00\x00\xf0\xff\xff\xff\xff\x19\x00\x00\x00\x00\x00\x00\x00"
    "\x00\xf8\xff\xff\xff\xff\xff\xff\x00\x00\x00\x00\x00\x00\x00\x00\x5f\x79\xfe\xff\xff\xff\xff\xff\xa0\x86\x01\x00\x00\x00\x00\x00\xf2\xeb\xff\xff\xff\xff\xff\xff\x0d\x14\x00\x00\x00\x00\x00\x00\x12\x00\x00\xf0\xff\xff\xff\xff\x0d\x00\x00\x00\x00\x00\x00\x00"
    "\x00\xf8\xff\xff\xff\xff\xff\xff\x00\x00\x00\x00\x00\x00\x00\x00\x5f\x79\xfe\xff\xff\xff\xff\xff\xa0\x86\x01\x00\x00\x00\x00\x00\xee\xeb\xff\xff\xff\xff\xff\xff\x11\x14\x00\x00\x00\x00\x00\x00\x0e\x00\x00\xf0\xff\xff\xff\xff\x11\x00\x00\x00\x00\x00\x00\x00"
    "\x00\xf8\xff\xff\xff\xff\xff\xff\x00\x00\x00\x00\x00\x00\x00\x00\x5f\x79\xfe\xff\xff\xff\xff\xff\xa0\x86\x01\x00\x00\x00\x00\x00\x1f\xe8\xff\xff\xff\xff\xff\xff\xe0\x17\x00\x00\x00\x00\x00\x00\x1f\x00\x00\xf0\xff\xff\xff\xff\x00\x00\x00\x00\x00\x00\x00\x00"
    "\x00\xf8\xff\xff\xff\xff\xff\xff\x00\x00\x00\x00\x00\x00\x00\x00\x5f\x79\xfe\xff\xff\xff\xff\xff\xa0\x86\x01\x00\x00\x00\x00\x00\x1c\xe8\xff\xff\xff\xff\xff\xff\xe3\x17\x00\x00\x00\x00\x00\x00\x1c\x00\x00\xf0\xff\xff\xff\xff\x03\x00\x00\x00\x00\x00\x00\x00"
    "\x00\xf8\xff\xff\xff\xff\xff\xff\x00\x00\x00\x00\x00\x00\x00\x00\x5f\x79\xfe\xff\xff\xff\xff\xff\xa0\x86\x01\x00\x00\x00\x00\x00\x19\xe8\xff\xff\xff\xff\xff\xff\xe6\x17\x00\x00\x00\x00\x00\x00\x19\x00\x00\xf0\xff\xff\xff\xff\x06\x00\x00\x00\x00\x00\x00\x00"
    "\x00\xf8\xff\xff\xff\xff\xff\xff\x00\x00\x00\x00\x00\x00\x00\x00\x5f\x79\xfe\xff\xff\xff\xff\xff\xa0\x86\x01\x00\x00\x00\x00\x00\x16\xe8\xff\xff\xff\xff\xff\xff\xe9\x17\x00\x00\x00\x00\x00\x00\x16\x00\x00\xf0\xff\xff\xff\xff\x09\x00\x00\x00\x00\x00\x00\x00"
    "\x00\xf8\xff\xff\xff\xff\xff\xff\x00\x00\x00\x00\x00\x00\x00\x00\x5f\x79\xfe\xff\xff\xff\xff\xff\xa0\x86\x01\x00\x00\x00\x00\x00\x13\xe8\xff\xff\xff\xff\xff\xff\xec\x17\x00\x00\x00\x00\x00\x00\x13\x00\x00\xf0\xff\xff\xff\xff\x0c\x00\x00\x00\x00\x00\x00\x00"
    "\x00\xf8\xff\xff\xff\xff\xff\xff\x00\x00\x00\x00\x00\x00\x00\x00\x5f\x79\xfe\xff\xff\xff\xff\xff\xa0\x86\x01\x00\x00\x00\x00\x00\x10\xe8\xff\xff\xff\xff\xff\xff\xef\x17\x00\x00\x00\x00\x00\x00\x10\x00\x00\xf0\xff\xff\xff\xff\x0f\x00\x00\x00\x00\x00\x00\x00"
    "\x00\xf8\xff\xff\xff\xff\xff\xff\x00\x00\x00\x00\x00\x00\x00\x00\x5f\x79\xfe\xff\xff\xff\xff\xff\xa0\x86\x01\x00\x00\x00\x00\x00\x0d\xe8\xff\xff\xff\xff\xff\xff\xf2\x17\x00\x00\x00\x00\x00\x00\x0d\x00\x00\xf0\xff\xff\xff\xff\x12\x00\x00\x00\x00\x00\x00\x00"
    "\x00\xf8\xff\xff\xff\xff\xff\xff\x00\x00\x00\x00\x00\x00\x00\x00\x5f\x79\xfe\xff\xff\xff\xff\xff\xa0\x86\x01\x00\x00\x00\x00\x00\x07\xe8\xff\xff\xff\xff\xff\xff\xf8\x17\x00\x00\x00\x00\x00\x00\x07\x00\x00\xf0\xff\xff\xff\xff\x18\x00\x00\x00\x00\x00\x00\x00"
    "\x00\xf8\xff\xff\xff\xff\xff\xff\x00\x00\x00\x00\x00\x00\x00\x00\x5f\x79\xfe\xff\xff\xff\xff\xff\xa0\x86\x01\x00\x00\x00\x00\x00\x04\xe8\xff\xff\xff\xff\xff\xff\xfb\x17\x00\x00\x00\x00\x00\x00\x04\x00\x00\xf0\xff\xff\xff\xff\x1b\x00\x00\x00\x00\x00\x00\x00"
    "\x00\xf8\xff\xff\xff\xff\xff\xff\x00\x00\x00\x00\x00\x00\x00\x00\x5f\x79\xfe\xff\xff\xff\xff\xff\xa0\x86\x01\x00\x00\x00\x00\x00\x01\xe8\xff\xff\xff\xff\xff\xff\xfe\x17\x00\x00\x00\x00\x00\x00\x01\x00\x00\xf0\xff\xff\xff\xff\x1e\x00\x00\x00\x00\x00\x00\x00"
    "\x00\xf8\xff\xff\xff\xff\xff\xff\x00\x00\x00\x00\x00\x00\x00\x00\x5f\x79\xfe\xff\xff\xff\xff\xff\xa0\x86\x01\x00\x00\x00\x00\x00\xf3\xe7\xff\xff\xff\xff\xff\xff\x0c\x18\x00\x00\x00\x00\x00\x00\x13\x00\x00\xf0\xff\xff\xff\xff\x0c\x00\x00\x00\x00\x00\x00\x00"
    "\x00\xf8\xff\xff\xff\xff\xff\xff\x00\x00\x00\x00\x00\x00\x00\x00\x5f\x79\xfe\xff\xff\xff\xff\xff\xa0\x86\x01\x00\x00\x00\x00\x00\xf0\xe7\xff\xff\xff\xff\xff\xff\x0f\x18\x00\x00\x00\x00\x00\x00\x10\x00\x00\xf0\xff\xff\xff\xff\x0f\x00\x00\x00\x00\x00\x00\x00"
    "\x00\xf8\xff\xff\xff\xff\xff\xff\x00\x00\x00\x00\x00\x00\x00\x00\x5f\x79\xfe\xff\xff\xff\xff\xff\xa0\x86\x01\x00\x00\x00\x00\x00\xed\xe7\xff\xff\xff\xff\xff\xff\x12\x18\x00\x00\x00\x00\x00\x00\x0d\x00\x00\xf0\xff\xff\xff\xff\x12\x00\x00\x00\x00\x00\x00\x00"
    "\x00\xf8\xff\xff\xff\xff\xff\xff\x00\x00\x00\x00\x00\x00\x00\x00\x5f\x79\xfe\xff\xff\xff\xff\xff\xa0\x86\x01\x00\x00\x00\x00\x00\xe8\xe7\xff\xff\xff\xff\xff\xff\x17\x18\x00\x00\x00\x00\x00\x00\x08\x00\x00\xf0\xff\xff\xff\xff\x17\x00\x00\x00\x00\x00\x00\x00"
    "\x00\xf8\xff\xff\xff\xff\xff\xff\x00\x00\x00\x00\x00\x00\x00\x00\x5f\x79\xfe\xff\xff\xff\xff\xff\xa0\x86\x01\x00\x00\x00\x00\x00\xe6\xe7\xff\xff\xff\xff\xff\xff\x19\x18\x00\x00\x00\x00\x00\x00\x06\x00\x00\xf0\xff\xff\xff\xff\x19\x00\x00\x00\x00\x00\x00\x00"
    "\x00\xf8\xff\xff\xff\xff\xff\xff\x00\x00\x00\x00\x00\x00\x00\x00\x5f\x79\xfe\xff\xff\xff\xff\xff\xa0\x86\x01\x00\x00\x00\x00\x00\xe1\xe7\xff\xff\xff\xff\xff\xff\x1e\x18\x00\x00\x00\x00\x00\x00\x01\x00\x00\xf0\xff\xff\xff\xff\x1e\x00\x00\x00\x00\x00\x00\x00"
    "\x00\xf8\xff\xff\xff\xff\xff\xff\x00\x00\x00\x00\x00\x00\x00\x00\x5f\x79\xfe\xff\xff\xff\xff\xff\xa0\x86\x01\x00\x00\x00\x00\x00\xdd\xe7\xff\xff\xff\xff\xff\xff\x22\x18\x00\x00\x00\x00\x00\x00\x1d\x00\x00\xf0\xff\xff\xff\xff\x02\x00\x00\x00\x00\x00\x00\x00"
    "\x00\xf8\xff\xff\xff\xff\xff\xff\x00\x00\x00\x00\x00\x00\x00\x00\x5f\x79\xfe\xff\xff\xff\xff\xff\xa0\x86\x01\x00\x00\x00\x00\x00\xdb\xe7\xff\xff\xff\xff\xff\xff\x24\x18\x00\x00\x00\x00\x00\x00\x1b\x00\x00\xf0\xff\xff\xff\xff\x04\x00\x00\x00\x00\x00\x00\x00"
    "\x00\xf8\xff\xff\xff\xff\xff\xff\x00\x00\x00\x00\x00\x00\x00\x00\x5f\x79\xfe\xff\xff\xff\xff\xff\xa0\x86\x01\x00\x00\x00\x00\x00\xd7\xe7\xff\xff\xff\xff\xff\xff\x28\x18\x00\x00\x00\x00\x00\x00\x17\x00\x00\xf0\xff\xff\xff\xff\x08\x00\x00\x00\x00\x00\x00\x00"
    "\x00\xf8\xff\xff\xff\xff\xff\xff\x00\x00\x00\x00\x00\x00\x00\x00\x5f\x79\xfe\xff\xff\xff\xff\xff\xa0\x86\x01\x00\x00\x00\x00\x00\xd5\xe7\xff\xff\xff\xff\xff\xff\x2a\x18\x00\x00\x00\x00\x00\x00\x15\x00\x00\xf0\xff\xff\xff\xff\x0a\x00\x00\x00\x00\x00\x00\x00"
    "\x00\xf8\xff\xff\xff\xff\xff\xff\x00\x00\x00\x00\x00\x00\x00\x00\x5f\x79\xfe\xff\xff\xff\xff\xff\xa0\x86\x01\x00\x00\x00\x00\x00\xce\xe7\xff\xff\xff\xff\xff\xff\x31\x18\x00\x00\x00\x00\x00\x00\x0e\x00\x00\xf0\xff\xff\xff\xff\x11\x00\x00\x00\x00\x00\x00\x00"
    "\x00\xf8\xff\xff\xff\xff\xff\xff\x00\x00\x00\x00\x00\x00\x00\x00\x5f\x79\xfe\xff\xff\xff\xff\xff\xa0\x86\x01\x00\x00\x00\x00\x00\xc9\xe7\xff\xff\xff\xff\xff\xff\x36\x18\x00\x00\x00\x00\x00\x00\x09\x00\x00\xf0\xff\xff\xff\xff\x16\x00\x00\x00\x00\x00\x00\x00"
    "\x00\xf8\xff\xff\xff\xff\xff\xff\x00\x00\x00\x00\x00\x00\x00\x00\x5f\x79\xfe\xff\xff\xff\xff\xff\xa0\x86\x01\x00\x00\x00\x00\x00\xbf\xe7\xff\xff\xff\xff\xff\xff\x40\x18\x00\x00\x00\x00\x00\x00\x1f\x00\x00\xf0\xff\xff\xff\xff\x00\x00\x00\x00\x00\x00\x00\x00"
    "\x00\xf8\xff\xff\xff\xff\xff\xff\x00\x00\x00\x00\x00\x00\x00\x00\x5f\x79\xfe\xff\xff\xff\xff\xff\xa0\x86\x01\x00\x00\x00\x00\x00\xb1\xe7\xff\xff\xff\xff\xff\xff\x4e\x18\x00\x00\x00\x00\x00\x00\x11\x00\x00\xf0\xff\xff\xff\xff\x0e\x00\x00\x00\x00\x00\x00\x00"
    "\x00\xf8\xff\xff\xff\xff\xff\xff\x00\x00\x00\x00\x00\x00\x00\x00\x5f\x79\xfe\xff\xff\xff\xff\xff\xa0\x86\x01\x00\x00\x00\x00\x00\xa1\xe7\xff\xff\xff\xff\xff\xff\x5e\x18\x00\x00\x00\x00\x00\x00\x01\x00\x00\xf0\xff\xff\xff\xff\x1e\x00\x00\x00\x00\x00\x00\x00"
    "\x00\xf8\xff\xff\xff\xff\xff\xff\x00\x00\x00\x00\x00\x00\x00\x00\x5f\x79\xfe\xff\xff\xff\xff\xff\xa0\x86\x01\x00\x00\x00\x00\x00\x99\xe7\xff\xff\xff\xff\xff\xff\x66\x18\x00\x00\x00\x00\x00\x00\x19\x00\x00\xf0\xff\xff\xff\xff\x06\x00\x00\x00\x00\x00\x00\x00"
    "\x00\xf8\xff\xff\xff\xff\xff\xff\x00\x00\x00\x00\x00\x00\x00\x00\x5f\x79\xfe\xff\xff\xff\xff\xff\xa0\x86\x01\x00\x00\x00\x00\x00\x96\xe7\xff\xff\xff\xff\xff\xff\x69\x18\x00\x00\x00\x00\x00\x00\x16\x00\x00\xf0\xff\xff\xff\xff\x09\x00\x00\x00\x00\x00\x00\x00"
    "\x00\xf8\xff\xff\xff\xff\xff\xff\x00\x00\x00\x00\x00\x00\x00\x00\x5f\x79\xfe\xff\xff\xff\xff\xff\xa0\x86\x01\x00\x00\x00\x00\x00\x86\xe7\xff\xff\xff\xff\xff\xff\x79\x18\x00\x00\x00\x00\x00\x00\x06\x00\x00\xf0\xff\xff\xff\xff\x19\x00\x00\x00\x00\x00\x00\x00"
    "\x00\xf8\xff\xff\xff\xff\xff\xff\x00\x00\x00\x00\x00\x00\x00\x00\x5f\x79\xfe\xff\xff\xff\xff\xff\xa0\x86\x01\x00\x00\x00\x00\x00\x7b\xe7\xff\xff\xff\xff\xff\xff\x84\x18\x00\x00\x00\x00\x00\x00\x1b\x00\x00\xf0\xff\xff\xff\xff\x04\x00\x00\x00\x00\x00\x00\x00"
    "\x00\xf8\xff\xff\xff\xff\xff\xff\x00\x00\x00\x00\x00\x00\x00\x00\x5f\x79\xfe\xff\xff\xff\xff\xff\xa0\x86\x01\x00\x00\x00\x00\x00\x6f\xe7\xff\xff\xff\xff\xff\xff\x90\x18\x00\x00\x00\x00\x00\x00\x0f\x00\x00\xf0\xff\xff\xff\xff\x10\x00\x00\x00\x00\x00\x00\x00"
    "\x00\xf8\xff\xff\xff\xff\xff\xff\x00\x00\x00\x00\x00\x00\x00\x00\x5f\x79\xfe\xff\xff\xff\xff\xff\xa0\x86\x01\x00\x00\x00\x00\x00\x64\xe7\xff\xff\xff\xff\xff\xff\x9b\x18\x00\x00\x00\x00\x00\x00\x04\x00\x00\xf0\xff\xff\xff\xff\x1b\x00\x00\x00\x00\x00\x00\x00"
    "\x00\xf8\xff\xff\xff\xff\xff\xff\x00\x00\x00\x00\x00\x00\x00\x00\x5f\x79\xfe\xff\xff\xff\xff\xff\xa0\x86\x01\x00\x00\x00\x00\x00\x5d\xe7\xff\xff\xff\xff\xff\xff\xa2\x18\x00\x00\x00\x00\x00\x00\x1d\x00\x00\xf0\xff\xff\xff\xff\x02\x00\x00\x00\x00\x00\x00\x00"
    "\x00\xf8\xff\xff\xff\xff\xff\xff\x00\x00\x00\x00\x00\x00\x00\x00\x5f\x79\xfe\xff\xff\xff\xff\xff\xa0\x86\x01\x00\x00\x00\x00\x00\x4d\xe7\xff\xff\xff\xff\xff\xff\xb2\x18\x00\x00\x00\x00\x00\x00\x0d\x00\x00\xf0\xff\xff\xff\xff\x12\x00\x00\x00\x00\x00\x00\x00"
    "\x00\xf8\xff\xff\xff\xff\xff\xff\x00\x00\x00\x00\x00\x00\x00\x00\x5f\x79\xfe\xff\xff\xff\xff\xff\xa0\x86\x01\x00\x00\x00\x00\x00\x42\xe7\xff\xff\xff\xff\xff\xff\xbd\x18\x00\x00\x00\x00\x00\x00\x02\x00\x00\xf0\xff\xff\xff\xff\x1d\x00\x00\x00\x00\x00\x00\x00"
    "\x00\xf8\xff\xff\xff\xff\xff\xff\x00\x00\x00\x00\x00\x00\x00\x00\x5f\x79\xfe\xff\xff\xff\xff\xff\xa0\x86\x01\x00\x00\x00\x00\x00\x3d\xe7\xff\xff\xff\xff\xff\xff\xc2\x18\x00\x00\x00\x00\x00\x00\x1d\x00\x00\xf0\xff\xff\xff\xff\x02\x00\x00\x00\x00\x00\x00\x00"
    "\x00\xf8\xff\xff\xff\xff\xff\xff\x00\x00\x00\x00\x00\x00\x00\x00\x5f\x79\xfe\xff\xff\xff\xff\xff\xa0\x86\x01\x00\x00\x00\x00\x00\x3a\xe7\xff\xff\xff\xff\xff\xff\xc5\x18\x00\x00\x00\x00\x00\x00\x1a\x00\x00\xf0\xff\xff\xff\xff\x05\x00\x00\x00\x00\x00\x00\x00"
    "\x00\xf8\xff\xff\xff\xff\xff\xff\x00\x00\x00\x00\x00\x00\x00\x00\x5f\x79\xfe\xff\xff\xff\xff\xff\xa0\x86\x01\x00\x00\x00\x00\x00\x12\xe7\xff\xff\xff\xff\xff\xff\xed\x18\x00\x00\x00\x00\x00\x00\x12\x00\x00\xf0\xff\xff\xff\xff\x0d\x00\x00\x00\x00\x00\x00\x00"
    "\x00\xf8\xff\xff\xff\xff\xff\xff\x00\x00\x00\x00\x00\x00\x00\x00\x5f\x79\xfe\xff\xff\xff\xff\xff\xa0\x86\x01\x00\x00\x00\x00\x00\xc1\xe6\xff\xff\xff\xff\xff\xff\x3e\x19\x00\x00\x00\x00\x00\x00\x01\x00\x00\xf0\xff\xff\xff\xff\x1e\x00\x00\x00\x00\x00\x00\x00"
    "\x00\xf8\xff\xff\xff\xff\xff\xff\x00\x00\x00\x00\x00\x00\x00\x00\x5f\x79\xfe\xff\xff\xff\xff\xff\xa0\x86\x01\x00\x00\x00\x00\x00\xbc\xe6\xff\xff\xff\xff\xff\xff\x43\x19\x00\x00\x00\x00\x00\x00\x1c\x00\x00\xf0\xff\xff\xff\xff\x03\x00\x00\x00\x00\x00\x00\x00"
    "\x00\xf8\xff\xff\xff\xff\xff\xff\x00\x00\x00\x00\x00\x00\x00\x00\x5f\x79\xfe\xff\xff\xff\xff\xff\xa0\x86\x01\x00\x00\x00\x00\x00\xb8\xe6\xff\xff\xff\xff\xff\xff\x47\x19\x00\x00\x00\x00\x00\x00\x18\x00\x00\xf0\xff\xff\xff\xff\x07\x00\x00\x00\x00\x00\x00\x00"
    "\x00\xf8\xff\xff\xff\xff\xff\xff\x00\x00\x00\x00\x00\x00\x00\x00\x5f\x79\xfe\xff\xff\xff\xff\xff\xa0\x86\x01\x00\x00\x00\x00\x00\xb5\xe6\xff\xff\xff\xff\xff\xff\x4a\x19\x00\x00\x00\x00\x00\x00\x15\x00\x00\xf0\xff\xff\xff\xff\x0a\x00\x00\x00\x00\x00\x00\x00"
    "\x00\xf8\xff\xff\xff\xff\xff\xff\x00\x00\x00\x00\x00\x00\x00\x00\x5f\x79\xfe\xff\xff\xff\xff\xff\xa0\x86\x01\x00\x00\x00\x00\x00\xb2\xe6\xff\xff\xff\xff\xff\xff\x4d\x19\x00\x00\x00\x00\x00\x00\x12\x00\x00\xf0\xff\xff\xff\xff\x0d\x00\x00\x00\x00\x00\x00\x00"
    "\x00\xf8\xff\xff\xff\xff\xff\xff\x00\x00\x00\x00\x00\x00\x00\x00\x5f\x79\xfe\xff\xff\xff\xff\xff\xa0\x86\x01\x00\x00\x00\x00\x00\xab\xe6\xff\xff\xff\xff\xff\xff\x54\x19\x00\x00\x00\x00\x00\x00\x0b\x00\x00\xf0\xff\xff\xff\xff\x14\x00\x00\x00\x00\x00\x00\x00"
    "\x00\xf8\xff\xff\xff\xff\xff\xff\x00\x00\x00\x00\x00\x00\x00\x00\x5f\x79\xfe\xff\xff\xff\xff\xff\xa0\x86\x01\x00\x00\x00\x00\x00\x5e\xe6\xff\xff\xff\xff\xff\xff\xa1\x19\x00\x00\x00\x00\x00\x00\x1e\x00\x00\xf0\xff\xff\xff\xff\x01\x00\x00\x00\x00\x00\x00\x00"
    "\x00\xf8\xff\xff\xff\xff\xff\xff\x00\x00\x00\x00\x00\x00\x00\x00\x5f\x79\xfe\xff\xff\xff\xff\xff\xa0\x86\x01\x00\x00\x00\x00\x00\x50\xe6\xff\xff\xff\xff\xff\xff\xaf\x19\x00\x00\x00\x00\x00\x00\x10\x00\x00\xf0\xff\xff\xff\xff\x0f\x00\x00\x00\x00\x00\x00\x00"
    "\x00\xf8\xff\xff\xff\xff\xff\xff\x00\x00\x00\x00\x00\x00\x00\x00\x5f\x79\xfe\xff\xff\xff\xff\xff\xa0\x86\x01\x00\x00\x00\x00\x00\x4c\xe6\xff\xff\xff\xff\xff\xff\xb3\x19\x00\x00\x00\x00\x00\x00\x0c\x00\x00\xf0\xff\xff\xff\xff\x13\x00\x00\x00\x00\x00\x00\x00"
    "\x00\xf8\xff\xff\xff\xff\xff\xff\x00\x00\x00\x00\x00\x00\x00\x00\x5f\x79\xfe\xff\xff\xff\xff\xff\xa0\x86\x01\x00\x00\x00\x00\x00\x49\xe6\xff\xff\xff\xff\xff\xff\xb6\x19\x00\x00\x00\x00\x00\x00\x09\x00\x00\xf0\xff\xff\xff\xff\x16\x00\x00\x00\x00\x00\x00\x00"
    "\x00\xf8\xff\xff\xff\xff\xff\xff\x00\x00\x00\x00\x00\x00\x00\x00\x5f\x79\xfe\xff\xff\xff\xff\xff\xa0\x86\x01\x00\x00\x00\x00\x00\x46\xe6\xff\xff\xff\xff\xff\xff\xb9\x19\x00\x00\x00\x00\x00\x00\x06\x00\x00\xf0\xff\xff\xff\xff\x19\x00\x00\x00\x00\x00\x00\x00"
    "\x00\xf8\xff\xff\xff\xff\xff\xff\x00\x00\x00\x00\x00\x00\x00\x00\x5f\x79\xfe\xff\xff\xff\xff\xff\xa0\x86\x01\x00\x00\x00\x00\x00\x3f\xe6\xff\xff\xff\xff\xff\xff\xc0\x19\x00\x00\x00\x00\x00\x00\x1f\x00\x00\xf0\xff\xff\xff\xff\x00\x00\x00\x00\x00\x00\x00\x00"
    "\x00\xf8\xff\xff\xff\xff\xff\xff\x00\x00\x00\x00\x00\x00\x00\x00\x5f\x79\xfe\xff\xff\xff\xff\xff\xa0\x86\x01\x00\x00\x00\x00\x00\xf1\xe5\xff\xff\xff\xff\xff\xff\x0e\x1a\x00\x00\x00\x00\x00\x00\x11\x00\x00\xf0\xff\xff\xff\xff\x0e\x00\x00\x00\x00\x00\x00\x00"
    "\x00\xf8\xff\xff\xff\xff\xff\xff\x00\x00\x00\x00\x00\x00\x00\x00\x5f\x79\xfe\xff\xff\xff\xff\xff\xa0\x86\x01\x00\x00\x00\x00\x00\xec\xe5\xff\xff\xff\xff\xff\xff\x13\x1a\x00\x00\x00\x00\x00\x00\x0c\x00\x00\xf0\xff\xff\xff\xff\x13\x00\x00\x00\x00\x00\x00\x00"
    "\x00\xf8\xff\xff\xff\xff\xff\xff\x00\x00\x00\x00\x00\x00\x00\x00\x5f\x79\xfe\xff\xff\xff\xff\xff\xa0\x86\x01\x00\x00\x00\x00\x00\xe8\xe5\xff\xff\xff\xff\xff\xff\x17\x1a\x00\x00\x00\x00\x00\x00\x08\x00\x00\xf0\xff\xff\xff\xff\x17\x00\x00\x00\x00\x00\x00\x00"
    "\x00\xf8\xff\xff\xff\xff\xff\xff\x00\x00\x00\x00\x00\x00\x00\x00\x5f\x79\xfe\xff\xff\xff\xff\xff\xa0\x86\x01\x00\x00\x00\x00\x00\xe5\xe5\xff\xff\xff\xff\xff\xff\x1a\x1a\x00\x00\x00\x00\x00\x00\x05\x00\x00\xf0\xff\xff\xff\xff\x1a\x00\x00\x00\x00\x00\x00\x00"
    "\x00\xf8\xff\xff\xff\xff\xff\xff\x00\x00\x00\x00\x00\x00\x00\x00\x5f\x79\xfe\xff\xff\xff\xff\xff\xa0\x86\x01\x00\x00\x00\x00\x00\xe2\xe5\xff\xff\xff\xff\xff\xff\x1d\x1a\x00\x00\x00\x00\x00\x00\x02\x00\x00\xf0\xff\xff\xff\xff\x1d\x00\x00\x00\x00\x00\x00\x00"
    "\x00\xf8\xff\xff\xff\xff\xff\xff\x00\x00\x00\x00\x00\x00\x00\x00\x5f\x79\xfe\xff\xff\xff\xff\xff\xa0\x86\x01\x00\x00\x00\x00\x00\xdb\xe5\xff\xff\xff\xff\xff\xff\x24\x1a\x00\x00\x00\x00\x00\x00\x1b\x00\x00\xf0\xff\xff\xff\xff\x04\x00\x00\x00\x00\x00\x00\x00"
    "\x00\xf8\xff\xff\xff\xff\xff\xff\x00\x00\x00\x00\x00\x00\x00\x00\x5f\x79\xfe\xff\xff\xff\xff\xff\xa0\x86\x01\x00\x00\x00\x00\x00\x7a\xe5\xff\xff\xff\xff\xff\xff\x85\x1a\x00\x00\x00\x00\x00\x00\x1a\x00\x00\xf0\xff\xff\xff\xff\x05\x00\x00\x00\x00\x00\x00\x00"
    "\x00\xf8\xff\xff\xff\xff\xff\xff\x00\x00\x00\x00\x00\x00\x00\x00\x5f\x79\xfe\xff\xff\xff\xff\xff\xa0\x86\x01\x00\x00\x00\x00\x00\x75\xe5\xff\xff\xff\xff\xff\xff\x8a\x1a\x00\x00\x00\x00\x00\x00\x15\x00\x00\xf0\xff\xff\xff\xff\x0a\x00\x00\x00\x00\x00\x00\x00"
    "\x00\xf8\xff\xff\xff\xff\xff\xff\x00\x00\x00\x00\x00\x00\x00\x00\x5f\x79\xfe\xff\xff\xff\xff\xff\xa0\x86\x01\x00\x00\x00\x00\x00\x70\xe5\xff\xff\xff\xff\xff\xff\x8f\x1a\x00\x00\x00\x00\x00\x00\x10\x00\x00\xf0\xff\xff\xff\xff\x0f\x00\x00\x00\x00\x00\x00\x00"
    "\x00\xf8\xff\xff\xff\xff\xff\xff\x00\x00\x00\x00\x00\x00\x00\x00\x5f\x79\xfe\xff\xff\xff\xff\xff\xa0\x86\x01\x00\x00\x00\x00\x00\x6c\xe5\xff\xff\xff\xff\xff\xff\x93\x1a\x00\x00\x00\x00\x00\x00\x0c\x00\x00\xf0\xff\xff\xff\xff\x13\x00\x00\x00\x00\x00\x00\x00"
    "\x00\xf8\xff\xff\xff\xff\xff\xff\x00\x00\x00\x00\x00\x00\x00\x00\x5f\x79\xfe\xff\xff\xff\xff\xff\xa0\x86\x01\x00\x00\x00\x00\x00\x69\xe5\xff\xff\xff\xff\xff\xff\x96\x1a\x00\x00\x00\x00\x00\x00\x09\x00\x00\xf0\xff\xff\xff\xff\x16\x00\x00\x00\x00\x00\x00\x00"
    "\x00\xf8\xff\xff\xff\xff\xff\xff\x00\x00\x00\x00\x00\x00\x00\x00\x5f\x79\xfe\xff\xff\xff\xff\xff\xa0\x86\x01\x00\x00\x00\x00\x00\x62\xe5\xff\xff\xff\xff\xff\xff\x9d\x1a\x00\x00\x00\x00\x00\x00\x02\x00\x00\xf0\xff\xff\xff\xff\x1d\x00\x00\x00\x00\x00\x00\x00"
    "\x00\xf8\xff\xff\xff\xff\xff\xff\x00\x00\x00\x00\x00\x00\x00\x00\x5f\x79\xfe\xff\xff\xff\xff\xff\xa0\x86\x01\x00\x00\x00\x00\x00\x5b\xe5\xff\xff\xff\xff\xff\xff\xa4\x1a\x00\x00\x00\x00\x00\x00\x1b\x00\x00\xf0\xff\xff\xff\xff\x04\x00\x00\x00\x00\x00\x00\x00"
    "\x00\xf8\xff\xff\xff\xff\xff\xff\x00\x00\x00\x00\x00\x00\x00\x00\x5f\x79\xfe\xff\xff\xff\xff\xff\xa0\x86\x01\x00\x00\x00\x00\x00\x57\xe5\xff\xff\xff\xff\xff\xff\xa8\x1a\x00\x00\x00\x00\x00\x00\x17\x00\x00\xf0\xff\xff\xff\xff\x08\x00\x00\x00\x00\x00\x00\x00"
    "\x00\xf8\xff\xff\xff\xff\xff\xff\x00\x00\x00\x00\x00\x00\x00\x00\x5f\x79\xfe\xff\xff\xff\xff\xff\xa0\x86\x01\x00\x00\x00\x00\x00\x01\xe5\xff\xff\xff\xff\xff\xff\xfe\x1a\x00\x00\x00\x00\x00\x00\x01\x00\x00\xf0\xff\xff\xff\xff\x1e\x00\x00\x00\x00\x00\x00\x00"
    "\x00\xf8\xff\xff\xff\xff\xff\xff\x00\x00\x00\x00\x00\x00\x00\x00\x5f\x79\xfe\xff\xff\xff\xff\xff\xa0\x86\x01\x00\x00\x00\x00\x00\xfc\xe4\xff\xff\xff\xff\xff\xff\x03\x1b\x00\x00\x00\x00\x00\x00\x1c\x00\x00\xf0\xff\xff\xff\xff\x03\x00\x00\x00\x00\x00\x00\x00"
    "\x00\xf8\xff\xff\xff\xff\xff\xff\x00\x00\x00\x00\x00\x00\x00\x00\x5f\x79\xfe\xff\xff\xff\xff\xff\xa0\x86\x01\x00\x00\x00\x00\x00\xf8\xe4\xff\xff\xff\xff\xff\xff\x07\x1b\x00\x00\x00\x00\x00\x00\x18\x00\x00\xf0\xff\xff\xff\xff\x07\x00\x00\x00\x00\x00\x00\x00"
    "\x00\xf8\xff\xff\xff\xff\xff\xff\x00\x00\x00\x00\x00\x00\x00\x00\x5f\x79\xfe\xff\xff\xff\xff\xff\xa0\x86\x01\x00\x00\x00\x00\x00\xf5\xe4\xff\xff\xff\xff\xff\xff\x0a\x1b\x00\x00\x00\x00\x00\x00\x15\x00\x00\xf0\xff\xff\xff\xff\x0a\x00\x00\x00\x00\x00\x00\x00"
    "\x00\xf8\xff\xff\xff\xff\xff\xff\x00\x00\x00\x00\x00\x00\x00\x00\x5f\x79\xfe\xff\xff\xff\xff\xff\xa0\x86\x01\x00\x00\x00\x00\x00\xf2\xe4\xff\xff\xff\xff\xff\xff\x0d\x1b\x00\x00\x00\x00\x00\x00\x12\x00\x00\xf0\xff\xff\xff\xff\x0d\x00\x00\x00\x00\x00\x00\x00"
    "\x00\xf8\xff\xff\xff\xff\xff\xff\x00\x00\x00\x00\x00\x00\x00\x00\x5f\x79\xfe\xff\xff\xff\xff\xff\xa0\x86\x01\x00\x00\x00\x00\x00\xeb\xe4\xff\xff\xff\xff\xff\xff\x14\x1b\x00\x00\x00\x00\x00\x00\x0b\x00\x00\xf0\xff\xff\xff\xff\x14\x00\x00\x00\x00\x00\x00\x00"
    "\x00\xf8\xff\xff\xff\xff\xff\xff\x00\x00\x00\x00\x00\x00\x00\x00\x5f\x79\xfe\xff\xff\xff\xff\xff\xa0\x86\x01\x00\x00\x00\x00\x00\x90\xe4\xff\xff\xff\xff\xff\xff\x6f\x1b\x00\x00\x00\x00\x00\x00\x10\x00\x00\xf0\xff\xff\xff\xff\x0f\x00\x00\x00\x00\x00\x00\x00"
    "\x00\xf8\xff\xff\xff\xff\xff\xff\x00\x00\x00\x00\x00\x00\x00\x00\x5f\x79\xfe\xff\xff\xff\xff\xff\xa0\x86\x01\x00\x00\x00\x00\x00\x8b\xe4\xff\xff\xff\xff\xff\xff\x74\x1b\x00\x00\x00\x00\x00\x00\x0b\x00\x00\xf0\xff\xff\xff\xff\x14\x00\x00\x00\x00\x00\x00\x00"
    "\x00\xf8\xff\xff\xff\xff\xff\xff\x00\x00\x00\x00\x00\x00\x00\x00\x5f\x79\xfe\xff\xff\xff\xff\xff\xa0\x86\x01\x00\x00\x00\x00\x00\x87\xe4\xff\xff\xff\xff\xff\xff\x78\x1b\x00\x00\x00\x00\x00\x00\x07\x00\x00\xf0\xff\xff\xff\xff\x18\x00\x00\x00\x00\x00\x00\x00"
    "\x00\xf8\xff\xff\xff\xff\xff\xff\x00\x00\x00\x00\x00\x00\x00\x00\x5f\x79\xfe\xff\xff\xff\xff\xff\xa0\x86\x01\x00\x00\x00\x00\x00\x84\xe4\xff\xff\xff\xff\xff\xff\x7b\x1b\x00\x00\x00\x00\x00\x00\x04\x00\x00\xf0\xff\xff\xff\xff\x1b\x00\x00\x00\x00\x00\x00\x00"
    "\x00\xf8\xff\xff\xff\xff\xff\xff\x00\x00\x00\x00\x00\x00\x00\x00\x5f\x79\xfe\xff\xff\xff\xff\xff\xa0\x86\x01\x00\x00\x00\x00\x00\x81\xe4\xff\xff\xff\xff\xff\xff\x7e\x1b\x00\x00\x00\x00\x00\x00\x01\x00\x00\xf0\xff\xff\xff\xff\x1e\x00\x00\x00\x00\x00\x00\x00"
    "\x00\xf8\xff\xff\xff\xff\xff\xff\x00\x00\x00\x00\x00\x00\x00\x00\x5f\x79\xfe\xff\xff\xff\xff\xff\xa0\x86\x01\x00\x00\x00\x00\x00\x7a\xe4\xff\xff\xff\xff\xff\xff\x85\x1b\x00\x00\x00\x00\x00\x00\x1a\x00\x00\xf0\xff\xff\xff\xff\x05\x00\x00\x00\x00\x00\x00\x00"
    "\x00\xf8\xff\xff\xff\xff\xff\xff\x00\x00\x00\x00\x00\x00\x00\x00\x5f\x79\xfe\xff\xff\xff\xff\xff\xa0\x86\x01\x00\x00\x00\x00\x00\xe5\xe3\xff\xff\xff\xff\xff\xff\x1a\x1c\x00\x00\x00\x00\x00\x00\x05\x00\x00\xf0\xff\xff\xff\xff\x1a\x00\x00\x00\x00\x00\x00\x00"
    "\x00\xf8\xff\xff\xff\xff\xff\xff\x00\x00\x00\x00\x00\x00\x00\x00\x5f\x79\xfe\xff\xff\xff\xff\xff\xa0\x86\x01\x00\x00\x00\x00\x00\xe0\xe3\xff\xff\xff\xff\xff\xff\x1f\x1c\x00\x00\x00\x00\x00\x00\x00\x00\x00\xf0\xff\xff\xff\xff\x1f\x00\x00\x00\x00\x00\x00\x00"
    "\x00\xf8\xff\xff\xff\xff\xff\xff\x00\x00\x00\x00\x00\x00\x00\x00\x5f\x79\xfe\xff\xff\xff\xff\xff\xa0\x86\x01\x00\x00\x00\x00\x00\xdc\xe3\xff\xff\xff\xff\xff\xff\x23\x1c\x00\x00\x00\x00\x00\x00\x1c\x00\x00\xf0\xff\xff\xff\xff\x03\x00\x00\x00\x00\x00\x00\x00"
    "\x00\xf8\xff\xff\xff\xff\xff\xff\x00\x00\x00\x00\x00\x00\x00\x00\x5f\x79\xfe\xff\xff\xff\xff\xff\xa0\x86\x01\x00\x00\x00\x00\x00\xd9\xe3\xff\xff\xff\xff\xff\xff\x26\x1c\x00\x00\x00\x00\x00\x00\x19\x00\x00\xf0\xff\xff\xff\xff\x06\x00\x00\x00\x00\x00\x00\x00"
    "\x00\xf8\xff\xff\xff\xff\xff\xff\x00\x00\x00\x00\x00\x00\x00\x00\x5f\x79\xfe\xff\xff\xff\xff\xff\xa0\x86\x01\x00\x00\x00\x00\x00\xcd\xe3\xff\xff\xff\xff\xff\xff\x32\x1c\x00\x00\x00\x00\x00\x00\x0d\x00\x00\xf0\xff\xff\xff\xff\x12\x00\x00\x00\x00\x00\x00\x00"
    "\x00\xf8\xff\xff\xff\xff\xff\xff\x00\x00\x00\x00\x00\x00\x00\x00\x5f\x79\xfe\xff\xff\xff\xff\xff\xa0\x86\x01\x00\x00\x00\x00\x00\x2a\xe1\xff\xff\xff\xff\xff\xff\xd5\x1e\x00\x00\x00\x00\x00\x00\x0a\x00\x00\xf0\xff\xff\xff\xff\x15\x00\x00\x00\x00\x00\x00\x00"
    "\x00\xf8\xff\xff\xff\xff\xff\xff\x00\x00\x00\x00\x00\x00\x00\x00\x5f\x79\xfe\xff\xff\xff\xff\xff\xa0\x86\x01\x00\x00\x00\x00\x00\x25\xe1\xff\xff\xff\xff\xff\xff\xda\x1e\x00\x00\x00\x00\x00\x00\x05\x00\x00\xf0\xff\xff\xff\xff\x1a\x00\x00\x00\x00\x00\x00\x00"
    "\x00\xf8\xff\xff\xff\xff\xff\xff\x00\x00\x00\x00\x00\x00\x00\x00\x5f\x79\xfe\xff\xff\xff\xff\xff\xa0\x86\x01\x00\x00\x00\x00\x00\x1f\xe1\xff\xff\xff\xff\xff\xff\xe0\x1e\x00\x00\x00\x00\x00\x00\x1f\x00\x00\xf0\xff\xff\xff\xff\x00\x00\x00\x00\x00\x00\x00\x00"
    "\x00\xf8\xff\xff\xff\xff\xff\xff\x00\x00\x00\x00\x00\x00\x00\x00\x5f\x79\xfe\xff\xff\xff\xff\xff\xa0\x86\x01\x00\x00\x00\x00\x00\x1c\xe1\xff\xff\xff\xff\xff\xff\xe3\x1e\x00\x00\x00\x00\x00\x00\x1c\x00\x00\xf0\xff\xff\xff\xff\x03\x00\x00\x00\x00\x00\x00\x00"
    "\x00\xf8\xff\xff\xff\xff\xff\xff\x00\x00\x00\x00\x00\x00\x00\x00\x5f\x79\xfe\xff\xff\xff\xff\xff\xa0\x86\x01\x00\x00\x00\x00\x00\x19\xe1\xff\xff\xff\xff\xff\xff\xe6\x1e\x00\x00\x00\x00\x00\x00\x19\x00\x00\xf0\xff\xff\xff\xff\x06\x00\x00\x00\x00\x00\x00\x00"
    "\x00\xf8\xff\xff\xff\xff\xff\xff\x00\x00\x00\x00\x00\x00\x00\x00\x5f\x79\xfe\xff\xff\xff\xff\xff\xa0\x86\x01\x00\x00\x00\x00\x00\x0c\xe1\xff\xff\xff\xff\xff\xff\xf3\x1e\x00\x00\x00\x00\x00\x00\x0c\x00\x00\xf0\xff\xff\xff\xff\x13\x00\x00\x00\x00\x00\x00\x00"
    "\x00\xf8\xff\xff\xff\xff\xff\xff\x00\x00\x00\x00\x00\x00\x00\x00\x5f\x79\xfe\xff\xff\xff\xff\xff\xa0\x86\x01\x00\x00\x00\x00\x00\x07\xe1\xff\xff\xff\xff\xff\xff\xf8\x1e\x00\x00\x00\x00\x00\x00\x07\x00\x00\xf0\xff\xff\xff\xff\x18\x00\x00\x00\x00\x00\x00\x00"
    "\x00\xf8\xff\xff\xff\xff\xff\xff\x00\x00\x00\x00\x00\x00\x00\x00\x5f\x79\xfe\xff\xff\xff\xff\xff\xa0\x86\x01\x00\x00\x00\x00\x00\x02\xe1\xff\xff\xff\xff\xff\xff\xfd\x1e\x00\x00\x00\x00\x00\x00\x02\x00\x00\xf0\xff\xff\xff\xff\x1d\x00\x00\x00\x00\x00\x00\x00"
    "\x00\xf8\xff\xff\xff\xff\xff\xff\x00\x00\x00\x00\x00\x00\x00\x00\x5f\x79\xfe\xff\xff\xff\xff\xff\xa0\x86\x01\x00\x00\x00\x00\x00\xf6\xe0\xff\xff\xff\xff\xff\xff\x09\x1f\x00\x00\x00\x00\x00\x00\x16\x00\x00\xf0\xff\xff\xff\xff\x09\x00\x00\x00\x00\x00\x00\x00"
    "\x00\xf8\xff\xff\xff\xff\xff\xff\x00\x00\x00\x00\x00\x00\x00\x00\x5f\x79\xfe\xff\xff\xff\xff\xff\xa0\x86\x01\x00\x00\x00\x00\x00\xf1\xe0\xff\xff\xff\xff\xff\xff\x0e\x1f\x00\x00\x00\x00\x00\x00\x11\x00\x00\xf0\xff\xff\xff\xff\x0e\x00\x00\x00\x00\x00\x00\x00"
    "\x00\xf8\xff\xff\xff\xff\xff\xff\x00\x00\x00\x00\x00\x00\x00\x00\x5f\x79\xfe\xff\xff\xff\xff\xff\xa0\x86\x01\x00\x00\x00\x00\x00\xeb\xe0\xff\xff\xff\xff\xff\xff\x14\x1f\x00\x00\x00\x00\x00\x00\x0b\x00\x00\xf0\xff\xff\xff\xff\x14\x00\x00\x00\x00\x00\x00\x00"
    "\x00\xf8\xff\xff\xff\xff\xff\xff\x00\x00\x00\x00\x00\x00\x00\x00\x5f\x79\xfe\xff\xff\xff\xff\xff\xa0\x86\x01\x00\x00\x00\x00\x00\xd8\xe0\xff\xff\xff\xff\xff\xff\x27\x1f\x00\x00\x00\x00\x00\x00\x18\x00\x00\xf0\xff\xff\xff\xff\x07\x00\x00\x00\x00\x00\x00\x00"
    "\x00\xf8\xff\xff\xff\xff\xff\xff\x00\x00\x00\x00\x00\x00\x00\x00\x5f\x79\xfe\xff\xff\xff\xff\xff\xa0\x86\x01\x00\x00\x00\x00\x00\xd3\xe0\xff\xff\xff\xff\xff\xff\x2c\x1f\x00\x00\x00\x00\x00\x00\x13\x00\x00\xf0\xff\xff\xff\xff\x0c\x00\x00\x00\x00\x00\x00\x00"
    "\x00\xf8\xff\xff\xff\xff\xff\xff\x00\x00\x00\x00\x00\x00\x00\x00\x5f\x79\xfe\xff\xff\xff\xff\xff\xa0\x86\x01\x00\x00\x00\x00\x00\xce\xe0\xff\xff\xff\xff\xff\xff\x31\x1f\x00\x00\x00\x00\x00\x00\x0e\x00\x00\xf0\xff\xff\xff\xff\x11\x00\x00\x00\x00\x00\x00\x00"
    "\x00\xf8\xff\xff\xff\xff\xff\xff\x00\x00\x00\x00\x00\x00\x00\x00\x5f\x79\xfe\xff\xff\xff\xff\xff\xa0\x86\x01\x00\x00\x00\x00\x00\xcb\xe0\xff\xff\xff\xff\xff\xff\x34\x1f\x00\x00\x00\x00\x00\x00\x0b\x00\x00\xf0\xff\xff\xff\xff\x14\x00\x00\x00\x00\x00\x00\x00"
    "\x00\xf8\xff\xff\xff\xff\xff\xff\x00\x00\x00\x00\x00\x00\x00\x00\x5f\x79\xfe\xff\xff\xff\xff\xff\xa0\x86\x01\x00\x00\x00\x00\x00\xc8\xe0\xff\xff\xff\xff\xff\xff\x37\x1f\x00\x00\x00\x00\x00\x00\x08\x00\x00\xf0\xff\xff\xff\xff\x17\x00\x00\x00\x00\x00\x00\x00"
    "\x00\xf8\xff\xff\xff\xff\xff\xff\x00\x00\x00\x00\x00\x00\x00\x00\x5f\x79\xfe\xff\xff\xff\xff\xff\xa0\x86\x01\x00\x00\x00\x00\x00\xbf\xe0\xff\xff\xff\xff\xff\xff\x40\x1f\x00\x00\x00\x00\x00\x00\x1f\x00\x00\xf0\xff\xff\xff\xff\x00\x00\x00\x00\x00\x00\x00\x00"
    "\x00\xf8\xff\xff\xff\xff\xff\xff\x00\x00\x00\x00\x00\x00\x00\x00\x5f\x79\xfe\xff\xff\xff\xff\xff\xa0\x86\x01\x00\x00\x00\x00\x00\xbc\xe0\xff\xff\xff\xff\xff\xff\x43\x1f\x00\x00\x00\x00\x00\x00\x1c\x00\x00\xf0\xff\xff\xff\xff\x03\x00\x00\x00\x00\x00\x00\x00"
    "\x00\xf8\xff\xff\xff\xff\xff\xff\x00\x00\x00\x00\x00\x00\x00\x00\x5f\x79\xfe\xff\xff\xff\xff\xff\xa0\x86\x01\x00\x00\x00\x00\x00\xb8\xe0\xff\xff\xff\xff\xff\xff\x47\x1f\x00\x00\x00\x00\x00\x00\x18\x00\x00\xf0\xff\xff\xff\xff\x07\x00\x00\x00\x00\x00\x00\x00"
    "\x00\xf8\xff\xff\xff\xff\xff\xff\x00\x00\x00\x00\x00\x00\x00\x00\x5f\x79\xfe\xff\xff\xff\xff\xff\xa0\x86\x01\x00\x00\x00\x00\x00\xb5\xe0\xff\xff\xff\xff\xff\xff\x4a\x1f\x00\x00\x00\x00\x00\x00\x15\x00\x00\xf0\xff\xff\xff\xff\x0a\x00\x00\x00\x00\x00\x00\x00"
    "\x00\xf8\xff\xff\xff\xff\xff\xff\x00\x00\x00\x00\x00\x00\x00\x00\x5f\x79\xfe\xff\xff\xff\xff\xff\xa0\x86\x01\x00\x00\x00\x00\x00\xb0\xe0\xff\xff\xff\xff\xff\xff\x4f\x1f\x00\x00\x00\x00\x00\x00\x10\x00\x00\xf0\xff\xff\xff\xff\x0f\x00\x00\x00\x00\x00\x00\x00"
    "\x00\xf8\xff\xff\xff\xff\xff\xff\x00\x00\x00\x00\x00\x00\x00\x00\x5f\x79\xfe\xff\xff\xff\xff\xff\xa0\x86\x01\x00\x00\x00\x00\x00\xad\xe0\xff\xff\xff\xff\xff\xff\x52\x1f\x00\x00\x00\x00\x00\x00\x0d\x00\x00\xf0\xff\xff\xff\xff\x12\x00\x00\x00\x00\x00\x00\x00"
    "\x00\xf8\xff\xff\xff\xff\xff\xff\x00\x00\x00\x00\x00\x00\x00\x00\x5f\x79\xfe\xff\xff\xff\xff\xff\xa0\x86\x01\x00\x00\x00\x00\x00\xa7\xe0\xff\xff\xff\xff\xff\xff\x58\x1f\x00\x00\x00\x00\x00\x00\x07\x00\x00\xf0\xff\xff\xff\xff\x18\x00\x00\x00\x00\x00\x00\x00"
    "\x00\xf8\xff\xff\xff\xff\xff\xff\x00\x00\x00\x00\x00\x00\x00\x00\x5f\x79\xfe\xff\xff\xff\xff\xff\xa0\x86\x01\x00\x00\x00\x00\x00\xa4\xe0\xff\xff\xff\xff\xff\xff\x5b\x1f\x00\x00\x00\x00\x00\x00\x04\x00\x00\xf0\xff\xff\xff\xff\x1b\x00\x00\x00\x00\x00\x00\x00"
    "\x00\xf8\xff\xff\xff\xff\xff\xff\x00\x00\x00\x00\x00\x00\x00\x00\x5f\x79\xfe\xff\xff\xff\xff\xff\xa0\x86\x01\x00\x00\x00\x00\x00\xa1\xe0\xff\xff\xff\xff\xff\xff\x5e\x1f\x00\x00\x00\x00\x00\x00\x01\x00\x00\xf0\xff\xff\xff\xff\x1e\x00\x00\x00\x00\x00\x00\x00"
    "\x00\xf8\xff\xff\xff\xff\xff\xff\x00\x00\x00\x00\x00\x00\x00\x00\x5f\x79\xfe\xff\xff\xff\xff\xff\xa0\x86\x01\x00\x00\x00\x00\x00\x9e\xe0\xff\xff\xff\xff\xff\xff\x61\x1f\x00\x00\x00\x00\x00\x00\x1e\x00\x00\xf0\xff\xff\xff\xff\x01\x00\x00\x00\x00\x00\x00\x00"
    "\x00\xf8\xff\xff\xff\xff\xff\xff\x00\x00\x00\x00\x00\x00\x00\x00\x5f\x79\xfe\xff\xff\xff\xff\xff\xa0\x86\x01\x00\x00\x00\x00\x00\xc6\xdf\xff\xff\xff\xff\xff\xff\x39\x20\x00\x00\x00\x00\x00\x00\x06\x00\x00\xf0\xff\xff\xff\xff\x19\x00\x00\x00\x00\x00\x00\x00"
    "\x00\xf8\xff\xff\xff\xff\xff\xff\x00\x00\x00\x00\x00\x00\x00\x00\x5f\x79\xfe\xff\xff\xff\xff\xff\xa0\x86\x01\x00\x00\x00\x00\x00\xc2\xdf\xff\xff\xff\xff\xff\xff\x3d\x20\x00\x00\x00\x00\x00\x00\x02\x00\x00\xf0\xff\xff\xff\xff\x1d\x00\x00\x00\x00\x00\x00\x00"
    "\x00\xf8\xff\xff\xff\xff\xff\xff\x00\x00\x00\x00\x00\x00\x00\x00\x5f\x79\xfe\xff\xff\xff\xff\xff\xa0\x86\x01\x00\x00\x00\x00\x00\xbe\xdf\xff\xff\xff\xff\xff\xff\x41\x20\x00\x00\x00\x00\x00\x00\x1e\x00\x00\xf0\xff\xff\xff\xff\x01\x00\x00\x00\x00\x00\x00\x00"
    "\x00\xf8\xff\xff\xff\xff\xff\xff\x00\x00\x00\x00\x00\x00\x00\x00\x5f\x79\xfe\xff\xff\xff\xff\xff\xa0\x86\x01\x00\x00\x00\x00\x00\xbb\xdf\xff\xff\xff\xff\xff\xff\x44\x20\x00\x00\x00\x00\x00\x00\x1b\x00\x00\xf0\xff\xff\xff\xff\x04\x00\x00\x00\x00\x00\x00\x00"
    "\x00\xf8\xff\xff\xff\xff\xff\xff\x00\x00\x00\x00\x00\x00\x00\x00\x5f\x79\xfe\xff\xff\xff\xff\xff\xa0\x86\x01\x00\x00\x00\x00\x00\xb2\xdf\xff\xff\xff\xff\xff\xff\x4d\x20\x00\x00\x00\x00\x00\x00\x12\x00\x00\xf0\xff\xff\xff\xff\x0d\x00\x00\x00\x00\x00\x00\x00"
    "\x00\xf8\xff\xff\xff\xff\xff\xff\x00\x00\x00\x00\x00\x00\x00\x00\x5f\x79\xfe\xff\xff\xff\xff\xff\xa0\x86\x01\x00\x00\x00\x00\x00\xaa\xdf\xff\xff\xff\xff\xff\xff\x55\x20\x00\x00\x00\x00\x00\x00\x0a\x00\x00\xf0\xff\xff\xff\xff\x15\x00\x00\x00\x00\x00\x00\x00"
    "\x00\xf8\xff\xff\xff\xff\xff\xff\x00\x00\x00\x00\x00\x00\x00\x00\x5f\x79\xfe\xff\xff\xff\xff\xff\xa0\x86\x01\x00\x00\x00\x00\x00\xa5\xdf\xff\xff\xff\xff\xff\xff\x5a\x20\x00\x00\x00\x00\x00\x00\x05\x00\x00\xf0\xff\xff\xff\xff\x1a\x00\x00\x00\x00\x00\x00\x00"
    "\x00\xf8\xff\xff\xff\xff\xff\xff\x00\x00\x00\x00\x00\x00\x00\x00\x5f\x79\xfe\xff\xff\xff\xff\xff\xa0\x86\x01\x00\x00\x00\x00\x00\xa2\xdf\xff\xff\xff\xff\xff\xff\x5d\x20\x00\x00\x00\x00\x00\x00\x02\x00\x00\xf0\xff\xff\xff\xff\x1d\x00\x00\x00\x00\x00\x00\x00"
    "\x00\xf8\xff\xff\xff\xff\xff\xff\x00\x00\x00\x00\x00\x00\x00\x00\x5f\x79\xfe\xff\xff\xff\xff\xff\xa0\x86\x01\x00\x00\x00\x00\x00\x9b\xdf\xff\xff\xff\xff\xff\xff\x64\x20\x00\x00\x00\x00\x00\x00\x1b\x00\x00\xf0\xff\xff\xff\xff\x04\x00\x00\x00\x00\x00\x00\x00"
    "\x00\xf8\xff\xff\xff\xff\xff\xff\x00\x00\x00\x00\x00\x00\x00\x00\x5f\x79\xfe\xff\xff\xff\xff\xff\xa0\x86\x01\x00\x00\x00\x00\x00\x96\xdf\xff\xff\xff\xff\xff\xff\x69\x20\x00\x00\x00\x00\x00\x00\x16\x00\x00\xf0\xff\xff\xff\xff\x09\x00\x00\x00\x00\x00\x00\x00"
    "\x00\xf8\xff\xff\xff\xff\xff\xff\x00\x00\x00\x00\x00\x00\x00\x00\x5f\x79\xfe\xff\xff\xff\xff\xff\xa0\x86\x01\x00\x00\x00\x00\x00\x8b\xdf\xff\xff\xff\xff\xff\xff\x74\x20\x00\x00\x00\x00\x00\x00\x0b\x00\x00\xf0\xff\xff\xff\xff\x14\x00\x00\x00\x00\x00\x00\x00"
    "\x00\xf8\xff\xff\xff\xff\xff\xff\x00\x00\x00\x00\x00\x00\x00\x00\x5f\x79\xfe\xff\xff\xff\xff\xff\xa0\x86\x01\x00\x00\x00\x00\x00\xc1\xde\xff\xff\xff\xff\xff\xff\x3e\x21\x00\x00\x00\x00\x00\x00\x01\x00\x00\xf0\xff\xff\xff\xff\x1e\x00\x00\x00\x00\x00\x00\x00"
    "\x00\xf8\xff\xff\xff\xff\xff\xff\x00\x00\x00\x00\x00\x00\x00\x00\x5f\x79\xfe\xff\xff\xff\xff\xff\xa0\x86\x01\x00\x00\x00\x00\x00\xbc\xde\xff\xff\xff\xff\xff\xff\x43\x21\x00\x00\x00\x00\x00\x00\x1c\x00\x00\xf0\xff\xff\xff\xff\x03\x00\x00\x00\x00\x00\x00\x00"
    "\x00\xf8\xff\xff\xff\xff\xff\xff\x00\x00\x00\x00\x00\x00\x00\x00\x5f\x79\xfe\xff\xff\xff\xff\xff\xa0\x86\x01\x00\x00\x00\x00\x00\xb8\xde\xff\xff\xff\xff\xff\xff\x47\x21\x00\x00\x00\x00\x00\x00\x18\x00\x00\xf0\xff\xff\xff\xff\x07\x00\x00\x00\x00\x00\x00\x00"
    "\x00\xf8\xff\xff\xff\xff\xff\xff\x00\x00\x00\x00\x00\x00\x00\x00\x5f\x79\xfe\xff\xff\xff\xff\xff\xa0\x86\x01\x00\x00\x00\x00\x00\xb4\xde\xff\xff\xff\xff\xff\xff\x4b\x21\x00\x00\x00\x00\x00\x00\x14\x00\x00\xf0\xff\xff\xff\xff\x0b\x00\x00\x00\x00\x00\x00\x00"
    "\x00\xf8\xff\xff\xff\xff\xff\xff\x00\x00\x00\x00\x00\x00\x00\x00\x5f\x79\xfe\xff\xff\xff\xff\xff\xa0\x86\x01\x00\x00\x00\x00\x00\xb0\xde\xff\xff\xff\xff\xff\xff\x4f\x21\x00\x00\x00\x00\x00\x00\x10\x00\x00\xf0\xff\xff\xff\xff\x0f\x00\x00\x00\x00\x00\x00\x00"
    "\x00\xf8\xff\xff\xff\xff\xff\xff\x00\x00\x00\x00\x00\x00\x00\x00\x5f\x79\xfe\xff\xff\xff\xff\xff\xa0\x86\x01\x00\x00\x00\x00\x00\xac\xde\xff\xff\xff\xff\xff\xff\x53\x21\x00\x00\x00\x00\x00\x00\x0c\x00\x00\xf0\xff\xff\xff\xff\x13\x00\x00\x00\x00\x00\x00\x00"
    "\x00\xf8\xff\xff\xff\xff\xff\xff\x00\x00\x00\x00\x00\x00\x00\x00\x5f\x79\xfe\xff\xff\xff\xff\xff\xa0\x86\x01\x00\x00\x00\x00\x00\xa7\xde\xff\xff\xff\xff\xff\xff\x58\x21\x00\x00\x00\x00\x00\x00\x07\x00\x00\xf0\xff\xff\xff\xff\x18\x00\x00\x00\x00\x00\x00\x00"
    "\x00\xf8\xff\xff\xff\xff\xff\xff\x00\x00\x00\x00\x00\x00\x00\x00\x5f\x79\xfe\xff\xff\xff\xff\xff\xa0\x86\x01\x00\x00\x00\x00\x00\xa3\xde\xff\xff\xff\xff\xff\xff\x5c\x21\x00\x00\x00\x00\x00\x00\x03\x00\x00\xf0\xff\xff\xff\xff\x1c\x00\x00\x00\x00\x00\x00\x00"
    "\x00\xf8\xff\xff\xff\xff\xff\xff\x00\x00\x00\x00\x00\x00\x00\x00\x5f\x79\xfe\xff\xff\xff\xff\xff\xa0\x86\x01\x00\x00\x00\x00\x00\x9f\xde\xff\xff\xff\xff\xff\xff\x60\x21\x00\x00\x00\x00\x00\x00\x1f\x00\x00\xf0\xff\xff\xff\xff\x00\x00\x00\x00\x00\x00\x00\x00"
    "\x00\xf8\xff\xff\xff\xff\xff\xff\x00\x00\x00\x00\x00\x00\x00\x00\x5f\x79\xfe\xff\xff\xff\xff\xff\xa0\x86\x01\x00\x00\x00\x00\x00\x9b\xde\xff\xff\xff\xff\xff\xff\x64\x21\x00\x00\x00\x00\x00\x00\x1b\x00\x00\xf0\xff\xff\xff\xff\x04\x00\x00\x00\x00\x00\x00\x00"
    "\x00\xf8\xff\xff\xff\xff\xff\xff\x00\x00\x00\x00\x00\x00\x00\x00\x5f\x79\xfe\xff\xff\xff\xff\xff\xa0\x86\x01\x00\x00\x00\x00\x00\x97\xde\xff\xff\xff\xff\xff\xff\x68\x21\x00\x00\x00\x00\x00\x00\x17\x00\x00\xf0\xff\xff\xff\xff\x08\x00\x00\x00\x00\x00\x00\x00"
    "\x00\xf8\xff\xff\xff\xff\xff\xff\x00\x00\x00\x00\x00\x00\x00\x00\x5f\x79\xfe\xff\xff\xff\xff\xff\xa0\x86\x01\x00\x00\x00\x00\x00\x93\xde\xff\xff\xff\xff\xff\xff\x6c\x21\x00\x00\x00\x00\x00\x00\x13\x00\x00\xf0\xff\xff\xff\xff\x0c\x00\x00\x00\x00\x00\x00\x00"
    "\x00\xf8\xff\xff\xff\xff\xff\xff\x00\x00\x00\x00\x00\x00\x00\x00\x5f\x79\xfe\xff\xff\xff\xff\xff\xa0\x86\x01\x00\x00\x00\x00\x00\x8a\xde\xff\xff\xff\xff\xff\xff\x75\x21\x00\x00\x00\x00\x00\x00\x0a\x00\x00\xf0\xff\xff\xff\xff\x15\x00\x00\x00\x00\x00\x00\x00"
    "\x00\xf8\xff\xff\xff\xff\xff\xff\x00\x00\x00\x00\x00\x00\x00\x00\x5f\x79\xfe\xff\xff\xff\xff\xff\xa0\x86\x01\x00\x00\x00\x00\x00\x4b\xde\xff\xff\xff\xff\xff\xff\xb4\x21\x00\x00\x00\x00\x00\x00\x0b\x00\x00\xf0\xff\xff\xff\xff\x14\x00\x00\x00\x00\x00\x00\x00"
    "\x00\xf8\xff\xff\xff\xff\xff\xff\x00\x00\x00\x00\x00\x00\x00\x00\x5f\x79\xfe\xff\xff\xff\xff\xff\xa0\x86\x01\x00\x00\x00\x00\x00\x47\xde\xff\xff\xff\xff\xff\xff\xb8\x21\x00\x00\x00\x00\x00\x00\x07\x00\x00\xf0\xff\xff\xff\xff\x18\x00\x00\x00\x00\x00\x00\x00"
    "\x00\xf8\xff\xff\xff\xff\xff\xff\x00\x00\x00\x00\x00\x00\x00\x00\x5f\x79\xfe\xff\xff\xff\xff\xff\xa0\x86\x01\x00\x00\x00\x00\x00\x43\xde\xff\xff\xff\xff\xff\xff\xbc\x21\x00\x00\x00\x00\x00\x00\x03\x00\x00\xf0\xff\xff\xff\xff\x1c\x00\x00\x00\x00\x00\x00\x00"
    "\x00\xf8\xff\xff\xff\xff\xff\xff\x00\x00\x00\x00\x00\x00\x00\x00\x5f\x79\xfe\xff\xff\xff\xff\xff\xa0\x86\x01\x00\x00\x00\x00\x00\x40\xde\xff\xff\xff\xff\xff\xff\xbf\x21\x00\x00\x00\x00\x00\x00\x00\x00\x00\xf0\xff\xff\xff\xff\x1f\x00\x00\x00\x00\x00\x00\x00"
    "\x00\xf8\xff\xff\xff\xff\xff\xff\x00\x00\x00\x00\x00\x00\x00\x00\x5f\x79\xfe\xff\xff\xff\xff\xff\xa0\x86\x01\x00\x00\x00\x00\x00\x3d\xde\xff\xff\xff\xff\xff\xff\xc2\x21\x00\x00\x00\x00\x00\x00\x1d\x00\x00\xf0\xff\xff\xff\xff\x02\x00\x00\x00\x00\x00\x00\x00"
    "\x00\xf8\xff\xff\xff\xff\xff\xff\x00\x00\x00\x00\x00\x00\x00\x00\x5f\x79\xfe\xff\xff\xff\xff\xff\xa0\x86\x01\x00\x00\x00\x00\x00\x39\xde\xff\xff\xff\xff\xff\xff\xc6\x21\x00\x00\x00\x00\x00\x00\x19\x00\x00\xf0\xff\xff\xff\xff\x06\x00\x00\x00\x00\x00\x00\x00"
    "\x00\xf8\xff\xff\xff\xff\xff\xff\x00\x00\x00\x00\x00\x00\x00\x00\x5f\x79\xfe\xff\xff\xff\xff\xff\xa0\x86\x01\x00\x00\x00\x00\x00\x35\xde\xff\xff\xff\xff\xff\xff\xca\x21\x00\x00\x00\x00\x00\x00\x15\x00\x00\xf0\xff\xff\xff\xff\x0a\x00\x00\x00\x00\x00\x00\x00"
    "\x00\xf8\xff\xff\xff\xff\xff\xff\x00\x00\x00\x00\x00\x00\x00\x00\x5f\x79\xfe\xff\xff\xff\xff\xff\xa0\x86\x01\x00\x00\x00\x00\x00\x31\xde\xff\xff\xff\xff\xff\xff\xce\x21\x00\x00\x00\x00\x00\x00\x11\x00\x00\xf0\xff\xff\xff\xff\x0e\x00\x00\x00\x00\x00\x00\x00"
    "\x00\xf8\xff\xff\xff\xff\xff\xff\x00\x00\x00\x00\x00\x00\x00\x00\x5f\x79\xfe\xff\xff\xff\xff\xff\xa0\x86\x01\x00\x00\x00\x00\x00\x2e\xde\xff\xff\xff\xff\xff\xff\xd1\x21\x00\x00\x00\x00\x00\x00\x0e\x00\x00\xf0\xff\xff\xff\xff\x11\x00\x00\x00\x00\x00\x00\x00"
    "\x00\xf8\xff\xff\xff\xff\xff\xff\x00\x00\x00\x00\x00\x00\x00\x00\x5f\x79\xfe\xff\xff\xff\xff\xff\xa0\x86\x01\x00\x00\x00\x00\x00\x2b\xde\xff\xff\xff\xff\xff\xff\xd4\x21\x00\x00\x00\x00\x00\x00\x0b\x00\x00\xf0\xff\xff\xff\xff\x14\x00\x00\x00\x00\x00\x00\x00"
    "\x00\xf8\xff\xff\xff\xff\xff\xff\x00\x00\x00\x00\x00\x00\x00\x00\x5f\x79\xfe\xff\xff\xff\xff\xff\xa0\x86\x01\x00\x00\x00\x00\x00\x20\xde\xff\xff\xff\xff\xff\xff\xdf\x21\x00\x00\x00\x00\x00\x00\x00\x00\x00\xf0\xff\xff\xff\xff\x1f\x00\x00\x00\x00\x00\x00\x00"
    "\x00\xf8\xff\xff\xff\xff\xff\xff\x00\x00\x00\x00\x00\x00\x00\x00\x5f\x79\xfe\xff\xff\xff\xff\xff\xa0\x86\x01\x00\x00\x00\x00\x00\x1c\xde\xff\xff\xff\xff\xff\xff\xe3\x21\x00\x00\x00\x00\x00\x00\x1c\x00\x00\xf0\xff\xff\xff\xff\x03\x00\x00\x00\x00\x00\x00\x00"
    "\x00\xf8\xff\xff\xff\xff\xff\xff\x00\x00\x00\x00\x00\x00\x00\x00\x5f\x79\xfe\xff\xff\xff\xff\xff\xa0\x86\x01\x00\x00\x00\x00\x00\x17\xde\xff\xff\xff\xff\xff\xff\xe8\x21\x00\x00\x00\x00\x00\x00\x17\x00\x00\xf0\xff\xff\xff\xff\x08\x00\x00\x00\x00\x00\x00\x00"
    "\x00\xf8\xff\xff\xff\xff\xff\xff\x00\x00\x00\x00\x00\x00\x00\x00\x5f\x79\xfe\xff\xff\xff\xff\xff\xa0\x86\x01\x00\x00\x00\x00\x00\x13\xde\xff\xff\xff\xff\xff\xff\xec\x21\x00\x00\x00\x00\x00\x00\x13\x00\x00\xf0\xff\xff\xff\xff\x0c\x00\x00\x00\x00\x00\x00\x00"
    "\x00\xf8\xff\xff\xff\xff\xff\xff\x00\x00\x00\x00\x00\x00\x00\x00\x5f\x79\xfe\xff\xff\xff\xff\xff\xa0\x86\x01\x00\x00\x00\x00\x00\x0f\xde\xff\xff\xff\xff\xff\xff\xf0\x21\x00\x00\x00\x00\x00\x00\x0f\x00\x00\xf0\xff\xff\xff\xff\x10\x00\x00\x00\x00\x00\x00\x00"
    "\x00\xf8\xff\xff\xff\xff\xff\xff\x00\x00\x00\x00\x00\x00\x00\x00\x5f\x79\xfe\xff\xff\xff\xff\xff\xa0\x86\x01\x00\x00\x00\x00\x00\x05\xde\xff\xff\xff\xff\xff\xff\xfa\x21\x00\x00\x00\x00\x00\x00\x05\x00\x00\xf0\xff\xff\xff\xff\x1a\x00\x00\x00\x00\x00\x00\x00"
    "\x00\xf8\xff\xff\xff\xff\xff\xff\x00\x00\x00\x00\x00\x00\x00\x00\x5f\x79\xfe\xff\xff\xff\xff\xff\xa0\x86\x01\x00\x00\x00\x00\x00\x02\xde\xff\xff\xff\xff\xff\xff\xfd\x21\x00\x00\x00\x00\x00\x00\x02\x00\x00\xf0\xff\xff\xff\xff\x1d\x00\x00\x00\x00\x00\x00\x00"
    "\x00\xf8\xff\xff\xff\xff\xff\xff\x00\x00\x00\x00\x00\x00\x00\x00\x5f\x79\xfe\xff\xff\xff\xff\xff\xa0\x86\x01\x00\x00\x00\x00\x00\xf8\xdd\xff\xff\xff\xff\xff\xff\x07\x22\x00\x00\x00\x00\x00\x00\x18\x00\x00\xf0\xff\xff\xff\xff\x07\x00\x00\x00\x00\x00\x00\x00"
    "\x00\xf8\xff\xff\xff\xff\xff\xff\x00\x00\x00\x00\x00\x00\x00\x00\x5f\x79\xfe\xff\xff\xff\xff\xff\xa0\x86\x01\x00\x00\x00\x00\x00\xef\xdd\xff\xff\xff\xff\xff\xff\x10\x22\x00\x00\x00\x00\x00\x00\x0f\x00\x00\xf0\xff\xff\xff\xff\x10\x00\x00\x00\x00\x00\x00\x00"
    "\x00\xf8\xff\xff\xff\xff\xff\xff\x00\x00\x00\x00\x00\x00\x00\x00\x5f\x79\xfe\xff\xff\xff\xff\xff\xa0\x86\x01\x00\x00\x00\x00\x00\xec\xdd\xff\xff\xff\xff\xff\xff\x13\x22\x00\x00\x00\x00\x00\x00\x0c\x00\x00\xf0\xff\xff\xff\xff\x13\x00\x00\x00\x00\x00\x00\x00"
    "\x00\xf8\xff\xff\xff\xff\xff\xff\x00\x00\x00\x00\x00\x00\x00\x00\x5f\x79\xfe\xff\xff\xff\xff\xff\xa0\x86\x01\x00\x00\x00\x00\x00\xe3\xdd\xff\xff\xff\xff\xff\xff\x1c\x22\x00\x00\x00\x00\x00\x00\x03\x00\x00\xf0\xff\xff\xff\xff\x1c\x00\x00\x00\x00\x00\x00\x00"
    "\x00\xf8\xff\xff\xff\xff\xff\xff\x00\x00\x00\x00\x00\x00\x00\x00\x5f\x79\xfe\xff\xff\xff\xff\xff\xa0\x86\x01\x00\x00\x00\x00\x00\xe0\xdd\xff\xff\xff\xff\xff\xff\x1f\x22\x00\x00\x00\x00\x00\x00\x00\x00\x00\xf0\xff\xff\xff\xff\x1f\x00\x00\x00\x00\x00\x00\x00"
    "\x00\xf8\xff\xff\xff\xff\xff\xff\x00\x00\x00\x00\x00\x00\x00\x00\x5f\x79\xfe\xff\xff\xff\xff\xff\xa0\x86\x01\x00\x00\x00\x00\x00\xd5\xdd\xff\xff\xff\xff\xff\xff\x2a\x22\x00\x00\x00\x00\x00\x00\x15\x00\x00\xf0\xff\xff\xff\xff\x0a\x00\x00\x00\x00\x00\x00\x00"
    "\x00\xf8\xff\xff\xff\xff\xff\xff\x00\x00\x00\x00\x00\x00\x00\x00\x5f\x79\xfe\xff\xff\xff\xff\xff\xa0\x86\x01\x00\x00\x00\x00\x00\xcc\xdd\xff\xff\xff\xff\xff\xff\x33\x22\x00\x00\x00\x00\x00\x00\x0c\x00\x00\xf0\xff\xff\xff\xff\x13\x00\x00\x00\x00\x00\x00\x00"
    "\x00\xf8\xff\xff\xff\xff\xff\xff\x00\x00\x00\x00\x00\x00\x00\x00\x5f\x79\xfe\xff\xff\xff\xff\xff\xa0\x86\x01\x00\x00\x00\x00\x00\xc9\xdd\xff\xff\xff\xff\xff\xff\x36\x22\x00\x00\x00\x00\x00\x00\x09\x00\x00\xf0\xff\xff\xff\xff\x16\x00\x00\x00\x00\x00\x00\x00"
    "\x00\xf8\xff\xff\xff\xff\xff\xff\x00\x00\x00\x00\x00\x00\x00\x00\x5f\x79\xfe\xff\xff\xff\xff\xff\xa0\x86\x01\x00\x00\x00\x00\x00\xbc\xdd\xff\xff\xff\xff\xff\xff\x43\x22\x00\x00\x00\x00\x00\x00\x1c\x00\x00\xf0\xff\xff\xff\xff\x03\x00\x00\x00\x00\x00\x00\x00"
    "\x00\xf8\xff\xff\xff\xff\xff\xff\x00\x00\x00\x00\x00\x00\x00\x00\x5f\x79\xfe\xff\xff\xff\xff\xff\xa0\x86\x01\x00\x00\x00\x00\x00\xb9\xdd\xff\xff\xff\xff\xff\xff\x46\x22\x00\x00\x00\x00\x00\x00\x19\x00\x00\xf0\xff\xff\xff\xff\x06\x00\x00\x00\x00\x00\x00\x00"
    "\x00\xf8\xff\xff\xff\xff\xff\xff\x00\x00\x00\x00\x00\x00\x00\x00\x5f\x79\xfe\xff\xff\xff\xff\xff\xa0\x86\x01\x00\x00\x00\x00\x00\xaf\xdd\xff\xff\xff\xff\xff\xff\x50\x22\x00\x00\x00\x00\x00\x00\x0f\x00\x00\xf0\xff\xff\xff\xff\x10\x00\x00\x00\x00\x00\x00\x00"
    "\x00\xf8\xff\xff\xff\xff\xff\xff\x00\x00\x00\x00\x00\x00\x00\x00\x5f\x79\xfe\xff\xff\xff\xff\xff\xa0\x86\x01\x00\x00\x00\x00\x00\xa6\xdd\xff\xff\xff\xff\xff\xff\x59\x22\x00\x00\x00\x00\x00\x00\x06\x00\x00\xf0\xff\xff\xff\xff\x19\x00\x00\x00\x00\x00\x00\x00"
    "\x00\xf8\xff\xff\xff\xff\xff\xff\x00\x00\x00\x00\x00\x00\x00\x00\x5f\x79\xfe\xff\xff\xff\xff\xff\xa0\x86\x01\x00\x00\x00\x00\x00\xa3\xdd\xff\xff\xff\xff\xff\xff\x5c\x22\x00\x00\x00\x00\x00\x00\x03\x00\x00\xf0\xff\xff\xff\xff\x1c\x00\x00\x00\x00\x00\x00\x00"
    "\x00\xf8\xff\xff\xff\xff\xff\xff\x00\x00\x00\x00\x00\x00\x00\x00\x5f\x79\xfe\xff\xff\xff\xff\xff\xa0\x86\x01\x00\x00\x00\x00\x00\x9a\xdd\xff\xff\xff\xff\xff\xff\x65\x22\x00\x00\x00\x00\x00\x00\x1a\x00\x00\xf0\xff\xff\xff\xff\x05\x00\x00\x00\x00\x00\x00\x00"
    "\x00\xf8\xff\xff\xff\xff\xff\xff\x00\x00\x00\x00\x00\x00\x00\x00\x5f\x79\xfe\xff\xff\xff\xff\xff\xa0\x86\x01\x00\x00\x00\x00\x00\x97\xdd\xff\xff\xff\xff\xff\xff\x68\x22\x00\x00\x00\x00\x00\x00\x17\x00\x00\xf0\xff\xff\xff\xff\x08\x00\x00\x00\x00\x00\x00\x00"
    "\x00\xf8\xff\xff\xff\xff\xff\xff\x00\x00\x00\x00\x00\x00\x00\x00\x5f\x79\xfe\xff\xff\xff\xff\xff\xa0\x86\x01\x00\x00\x00\x00\x00\x8c\xdd\xff\xff\xff\xff\xff\xff\x73\x22\x00\x00\x00\x00\x00\x00\x0c\x00\x00\xf0\xff\xff\xff\xff\x13\x00\x00\x00\x00\x00\x00\x00"
    "\x00\xf8\xff\xff\xff\xff\xff\xff\x00\x00\x00\x00\x00\x00\x00\x00\x5f\x79\xfe\xff\xff\xff\xff\xff\xa0\x86\x01\x00\x00\x00\x00\x00\x83\xdd\xff\xff\xff\xff\xff\xff\x7c\x22\x00\x00\x00\x00\x00\x00\x03\x00\x00\xf0\xff\xff\xff\xff\x1c\x00\x00\x00\x00\x00\x00\x00"
    "\x00\xf8\xff\xff\xff\xff\xff\xff\x00\x00\x00\x00\x00\x00\x00\x00\x5f\x79\xfe\xff\xff\xff\xff\xff\xa0\x86\x01\x00\x00\x00\x00\x00\x80\xdd\xff\xff\xff\xff\xff\xff\x7f\x22\x00\x00\x00\x00\x00\x00\x00\x00\x00\xf0\xff\xff\xff\xff\x1f\x00\x00\x00\x00\x00\x00\x00"
    "\x00\xf8\xff\xff\xff\xff\xff\xff\x00\x00\x00\x00\x00\x00\x00\x00\x5f\x79\xfe\xff\xff\xff\xff\xff\xa0\x86\x01\x00\x00\x00\x00\x00\xea\xd5\xff\xff\xff\xff\xff\xff\x15\x2a\x00\x00\x00\x00\x00\x00\x0a\x00\x00\xf0\xff\xff\xff\xff\x15\x00\x00\x00\x00\x00\x00\x00"
    "\x00\xf8\xff\xff\xff\xff\xff\xff\x00\x00\x00\x00\x00\x00\x00\x00\x5f\x79\xfe\xff\xff\xff\xff\xff\xa0\x86\x01\x00\x00\x00\x00\x00\xe1\xd5\xff\xff\xff\xff\xff\xff\x1e\x2a\x00\x00\x00\x00\x00\x00\x01\x00\x00\xf0\xff\xff\xff\xff\x1e\x00\x00\x00\x00\x00\x00\x00"
    "\x00\xf8\xff\xff\xff\xff\xff\xff\x00\x00\x00\x00\x00\x00\x00\x00\x5f\x79\xfe\xff\xff\xff\xff\xff\xa0\x86\x01\x00\x00\x00\x00\x00\xda\xd5\xff\xff\xff\xff\xff\xff\x25\x2a\x00\x00\x00\x00\x00\x00\x1a\x00\x00\xf0\xff\xff\xff\xff\x05\x00\x00\x00\x00\x00\x00\x00"
    "\x00\xf8\xff\xff\xff\xff\xff\xff\x00\x00\x00\x00\x00\x00\x00\x00\x5f\x79\xfe\xff\xff\xff\xff\xff\xa0\x86\x01\x00\x00\x00\x00\x00\xd7\xd5\xff\xff\xff\xff\xff\xff\x28\x2a\x00\x00\x00\x00\x00\x00\x17\x00\x00\xf0\xff\xff\xff\xff\x08\x00\x00\x00\x00\x00\x00\x00"
    "\x00\xf8\xff\xff\xff\xff\xff\xff\x00\x00\x00\x00\x00\x00\x00\x00\x5f\x79\xfe\xff\xff\xff\xff\xff\xa0\x86\x01\x00\x00\x00\x00\x00\xd4\xd5\xff\xff\xff\xff\xff\xff\x2b\x2a\x00\x00\x00\x00\x00\x00\x14\x00\x00\xf0\xff\xff\xff\xff\x0b\x00\x00\x00\x00\x00\x00\x00"
    "\x00\xf8\xff\xff\xff\xff\xff\xff\x00\x00\x00\x00\x00\x00\x00\x00\x5f\x79\xfe\xff\xff\xff\xff\xff\xa0\x86\x01\x00\x00\x00\x00\x00\xd0\xd5\xff\xff\xff\xff\xff\xff\x2f\x2a\x00\x00\x00\x00\x00\x00\x10\x00\x00\xf0\xff\xff\xff\xff\x0f\x00\x00\x00\x00\x00\x00\x00"
    "\x00\xf8\xff\xff\xff\xff\xff\xff\x00\x00\x00\x00\x00\x00\x00\x00\x5f\x79\xfe\xff\xff\xff\xff\xff\xa0\x86\x01\x00\x00\x00\x00\x00\xc7\xd5\xff\xff\xff\xff\xff\xff\x38\x2a\x00\x00\x00\x00\x00\x00\x07\x00\x00\xf0\xff\xff\xff\xff\x18\x00\x00\x00\x00\x00\x00\x00"
    "\x00\xf8\xff\xff\xff\xff\xff\xff\x00\x00\x00\x00\x00\x00\x00\x00\x5f\x79\xfe\xff\xff\xff\xff\xff\xa0\x86\x01\x00\x00\x00\x00\x00\xc4\xd5\xff\xff\xff\xff\xff\xff\x3b\x2a\x00\x00\x00\x00\x00\x00\x04\x00\x00\xf0\xff\xff\xff\xff\x1b\x00\x00\x00\x00\x00\x00\x00"
    "\x00\xf8\xff\xff\xff\xff\xff\xff\x00\x00\x00\x00\x00\x00\x00\x00\x5f\x79\xfe\xff\xff\xff\xff\xff\xa0\x86\x01\x00\x00\x00\x00\x00\xbb\xd5\xff\xff\xff\xff\xff\xff\x44\x2a\x00\x00\x00\x00\x00\x00\x1b\x00\x00\xf0\xff\xff\xff\xff\x04\x00\x00\x00\x00\x00\x00\x00"
    "\x00\xf8\xff\xff\xff\xff\xff\xff\x00\x00\x00\x00\x00\x00\x00\x00\x5f\x79\xfe\xff\xff\xff\xff\xff\xa0\x86\x01\x00\x00\x00\x00\x00\xb1\xd5\xff\xff\xff\xff\xff\xff\x4e\x2a\x00\x00\x00\x00\x00\x00\x11\x00\x00\xf0\xff\xff\xff\xff\x0e\x00\x00\x00\x00\x00\x00\x00"
    "\x00\xf8\xff\xff\xff\xff\xff\xff\x00\x00\x00\x00\x00\x00\x00\x00\x5f\x79\xfe\xff\xff\xff\xff\xff\xa0\x86\x01\x00\x00\x00\x00\x00\xad\xd5\xff\xff\xff\xff\xff\xff\x52\x2a\x00\x00\x00\x00\x00\x00\x0d\x00\x00\xf0\xff\xff\xff\xff\x12\x00\x00\x00\x00\x00\x00\x00"
    "\x00\xf8\xff\xff\xff\xff\xff\xff\x00\x00\x00\x00\x00\x00\x00\x00\x5f\x79\xfe\xff\xff\xff\xff\xff\xa0\x86\x01\x00\x00\x00\x00\x00\xa3\xd5\xff\xff\xff\xff\xff\xff\x5c\x2a\x00\x00\x00\x00\x00\x00\x03\x00\x00\xf0\xff\xff\xff\xff\x1c\x00\x00\x00\x00\x00\x00\x00"
    "\x00\xf8\xff\xff\xff\xff\xff\xff\x00\x00\x00\x00\x00\x00\x00\x00\x5f\x79\xfe\xff\xff\xff\xff\xff\xa0\x86\x01\x00\x00\x00\x00\x00\x9f\xd5\xff\xff\xff\xff\xff\xff\x60\x2a\x00\x00\x00\x00\x00\x00\x1f\x00\x00\xf0\xff\xff\xff\xff\x00\x00\x00\x00\x00\x00\x00\x00"
    "\x00\xf8\xff\xff\xff\xff\xff\xff\x00\x00\x00\x00\x00\x00\x00\x00\x5f\x79\xfe\xff\xff\xff\xff\xff\xa0\x86\x01\x00\x00\x00\x00\x00\x96\xd5\xff\xff\xff\xff\xff\xff\x69\x2a\x00\x00\x00\x00\x00\x00\x16\x00\x00\xf0\xff\xff\xff\xff\x09\x00\x00\x00\x00\x00\x00\x00"
    "\x00\xf8\xff\xff\xff\xff\xff\xff\x00\x00\x00\x00\x00\x00\x00\x00\x5f\x79\xfe\xff\xff\xff\xff\xff\xa0\x86\x01\x00\x00\x00\x00\x00\x92\xd5\xff\xff\xff\xff\xff\xff\x6d\x2a\x00\x00\x00\x00\x00\x00\x12\x00\x00\xf0\xff\xff\xff\xff\x0d\x00\x00\x00\x00\x00\x00\x00"
    "\x00\xf8\xff\xff\xff\xff\xff\xff\x00\x00\x00\x00\x00\x00\x00\x00\x5f\x79\xfe\xff\xff\xff\xff\xff\xa0\x86\x01\x00\x00\x00\x00\x00\x89\xcc\xff\xff\xff\xff\xff\xff\x76\x33\x00\x00\x00\x00\x00\x00\x09\x00\x00\xf0\xff\xff\xff\xff\x16\x00\x00\x00\x00\x00\x00\x00"
    "\x00\xf8\xff\xff\xff\xff\xff\xff\x00\x00\x00\x00\x00\x00\x00\x00\x5f\x79\xfe\xff\xff\xff\xff\xff\xa0\x86\x01\x00\x00\x00\x00\x00\x85\xcc\xff\xff\xff\xff\xff\xff\x7a\x33\x00\x00\x00\x00\x00\x00\x05\x00\x00\xf0\xff\xff\xff\xff\x1a\x00\x00\x00\x00\x00\x00\x00"
    "\x00\xf8\xff\xff\xff\xff\xff\xff\x00\x00\x00\x00\x00\x00\x00\x00\x5f\x79\xfe\xff\xff\xff\xff\xff\xa0\x86\x01\x00\x00\x00\x00\x00\x7f\xcc\xff\xff\xff\xff\xff\xff\x80\x33\x00\x00\x00\x00\x00\x00\x1f\x00\x00\xf0\xff\xff\xff\xff\x00\x00\x00\x00\x00\x00\x00\x00"
    "\x00\xf8\xff\xff\xff\xff\xff\xff\x00\x00\x00\x00\x00\x00\x00\x00\x5f\x79\xfe\xff\xff\xff\xff\xff\xa0\x86\x01\x00\x00\x00\x00\x00\x7a\xcc\xff\xff\xff\xff\xff\xff\x85\x33\x00\x00\x00\x00\x00\x00\x1a\x00\x00\xf0\xff\xff\xff\xff\x05\x00\x00\x00\x00\x00\x00\x00"
    "\x00\xf8\xff\xff\xff\xff\xff\xff\x00\x00\x00\x00\x00\x00\x00\x00\x5f\x79\xfe\xff\xff\xff\xff\xff\xa0\x86\x01\x00\x00\x00\x00\x00\xc2\xc8\xff\xff\xff\xff\xff\xff\x3d\x37\x00\x00\x00\x00\x00\x00\x02\x00\x00\xf0\xff\xff\xff\xff\x1d\x00\x00\x00\x00\x00\x00\x00"
    "\x00\xf8\xff\xff\xff\xff\xff\xff\x00\x00\x00\x00\x00\x00\x00\x00\x5f\x79\xfe\xff\xff\xff\xff\xff\xa0\x86\x01\x00\x00\x00\x00\x00\xbe\xc8\xff\xff\xff\xff\xff\xff\x41\x37\x00\x00\x00\x00\x00\x00\x1e\x00\x00\xf0\xff\xff\xff\xff\x01\x00\x00\x00\x00\x00\x00\x00"
    "\x00\xf8\xff\xff\xff\xff\xff\xff\x00\x00\x00\x00\x00\x00\x00\x00\x5f\x79\xfe\xff\xff\xff\xff\xff\xa0\x86\x01\x00\x00\x00\x00\x00\xa2\xc8\xff\xff\xff\xff\xff\xff\x5d\x37\x00\x00\x00\x00\x00\x00\x02\x00\x00\xf0\xff\xff\xff\xff\x1d\x00\x00\x00\x00\x00\x00\x00"
    "\x00\xf8\xff\xff\xff\xff\xff\xff\x00\x00\x00\x00\x00\x00\x00\x00\x5f\x79\xfe\xff\xff\xff\xff\xff\xa0\x86\x01\x00\x00\x00\x00\x00\x9e\xc8\xff\xff\xff\xff\xff\xff\x61\x37\x00\x00\x00\x00\x00\x00\x1e\x00\x00\xf0\xff\xff\xff\xff\x01\x00\x00\x00\x00\x00\x00\x00"
    "\x00\xf8\xff\xff\xff\xff\xff\xff\x00\x00\x00\x00\x00\x00\x00\x00\x5f\x79\xfe\xff\xff\xff\xff\xff\xa0\x86\x01\x00\x00\x00\x00\x00\x95\xc8\xff\xff\xff\xff\xff\xff\x6a\x37\x00\x00\x00\x00\x00\x00\x15\x00\x00\xf0\xff\xff\xff\xff\x0a\x00\x00\x00\x00\x00\x00\x00"
    "\x00\xf8\xff\xff\xff\xff\xff\xff\x00\x00\x00\x00\x00\x00\x00\x00\x5f\x79\xfe\xff\xff\xff\xff\xff\xa0\x86\x01\x00\x00\x00\x00\x00\x8c\xc8\xff\xff\xff\xff\xff\xff\x73\x37\x00\x00\x00\x00\x00\x00\x0c\x00\x00\xf0\xff\xff\xff\xff\x13\x00\x00\x00\x00\x00\x00\x00"
    "\x00\xf8\xff\xff\xff\xff\xff\xff\x00\x00\x00\x00\x00\x00\x00\x00\x5f\x79\xfe\xff\xff\xff\xff\xff\xa0\x86\x01\x00\x00\x00\x00\x00\xa2\xc7\xff\xff\xff\xff\xff\xff\x5d\x38\x00\x00\x00\x00\x00\x00\x02\x00\x00\xf0\xff\xff\xff\xff\x1d\x00\x00\x00\x00\x00\x00\x00"
    "\x00\xf8\xff\xff\xff\xff\xff\xff\x00\x00\x00\x00\x00\x00\x00\x00\x5f\x79\xfe\xff\xff\xff\xff\xff\xa0\x86\x01\x00\x00\x00\x00\x00\x9b\xc7\xff\xff\xff\xff\xff\xff\x64\x38\x00\x00\x00\x00\x00\x00\x1b\x00\x00\xf0\xff\xff\xff\xff\x04\x00\x00\x00\x00\x00\x00\x00"
    "\x00\xf8\xff\xff\xff\xff\xff\xff\x00\x00\x00\x00\x00\x00\x00\x00\x5f\x79\xfe\xff\xff\xff\xff\xff\xa0\x86\x01\x00\x00\x00\x00\x00\x90\xc7\xff\xff\xff\xff\xff\xff\x6f\x38\x00\x00\x00\x00\x00\x00\x10\x00\x00\xf0\xff\xff\xff\xff\x0f\x00\x00\x00\x00\x00\x00\x00"
    "\x00\xf8\xff\xff\xff\xff\xff\xff\x00\x00\x00\x00\x00\x00\x00\x00\x5f\x79\xfe\xff\xff\xff\xff\xff\xa0\x86\x01\x00\x00\x00\x00\x00\x88\xc7\xff\xff\xff\xff\xff\xff\x77\x38\x00\x00\x00\x00\x00\x00\x08\x00\x00\xf0\xff\xff\xff\xff\x17\x00\x00\x00\x00\x00\x00\x00"
    "\x00\xf8\xff\xff\xff\xff\xff\xff\x00\x00\x00\x00\x00\x00\x00\x00\x5f\x79\xfe\xff\xff\xff\xff\xff\xa0\x86\x01\x00\x00\x00\x00\x00\x81\xc7\xff\xff\xff\xff\xff\xff\x7e\x38\x00\x00\x00\x00\x00\x00\x01\x00\x00\xf0\xff\xff\xff\xff\x1e\x00\x00\x00\x00\x00\x00\x00"
    "\x00\xf8\xff\xff\xff\xff\xff\xff\x00\x00\x00\x00\x00\x00\x00\x00\x5f\x79\xfe\xff\xff\xff\xff\xff\xa0\x86\x01\x00\x00\x00\x00\x00\x77\xc7\xff\xff\xff\xff\xff\xff\x88\x38\x00\x00\x00\x00\x00\x00\x17\x00\x00\xf0\xff\xff\xff\xff\x08\x00\x00\x00\x00\x00\x00\x00"
    "\x00\xf8\xff\xff\xff\xff\xff\xff\x00\x00\x00\x00\x00\x00\x00\x00\x5f\x79\xfe\xff\xff\xff\xff\xff\xa0\x86\x01\x00\x00\x00\x00\x00\x81\xc6\xff\xff\xff\xff\xff\xff\x7e\x39\x00\x00\x00\x00\x00\x00\x01\x00\x00\xf0\xff\xff\xff\xff\x1e\x00\x00\x00\x00\x00\x00\x00"
    "\x00\xf8\xff\xff\xff\xff\xff\xff\x00\x00\x00\x00\x00\x00\x00\x00\x5f\x79\xfe\xff\xff\xff\xff\xff\xa0\x86\x01\x00\x00\x00\x00\x00\x7d\xc6\xff\xff\xff\xff\xff\xff\x82\x39\x00\x00\x00\x00\x00\x00\x1d\x00\x00\xf0\xff\xff\xff\xff\x02\x00\x00\x00\x00\x00\x00\x00"
    "\x00\xf8\xff\xff\xff\xff\xff\xff\x00\x00\x00\x00\x00\x00\x00\x00\x5f\x79\xfe\xff\xff\xff\xff\xff\xa0\x86\x01\x00\x00\x00\x00\x00\x77\xc6\xff\xff\xff\xff\xff\xff\x88\x39\x00\x00\x00\x00\x00\x00\x17\x00\x00\xf0\xff\xff\xff\xff\x08\x00\x00\x00\x00\x00\x00\x00"
    "\x00\xf8\xff\xff\xff\xff\xff\xff\x00\x00\x00\x00\x00\x00\x00\x00\x5f\x79\xfe\xff\xff\xff\xff\xff\xa0\x86\x01\x00\x00\x00\x00\x00\x73\xc6\xff\xff\xff\xff\xff\xff\x8c\x39\x00\x00\x00\x00\x00\x00\x13\x00\x00\xf0\xff\xff\xff\xff\x0c\x00\x00\x00\x00\x00\x00\x00"
    "\x00\xf8\xff\xff\xff\xff\xff\xff\x00\x00\x00\x00\x00\x00\x00\x00\x5f\x79\xfe\xff\xff\xff\xff\xff\xa0\x86\x01\x00\x00\x00\x00\x00\x6a\xc6\xff\xff\xff\xff\xff\xff\x95\x39\x00\x00\x00\x00\x00\x00\x0a\x00\x00\xf0\xff\xff\xff\xff\x15\x00\x00\x00\x00\x00\x00\x00"
    "\x00\xf8\xff\xff\xff\xff\xff\xff\x00\x00\x00\x00\x00\x00\x00\x00\x5f\x79\xfe\xff\xff\xff\xff\xff\xa0\x86\x01\x00\x00\x00\x00\x00\x5f\xc6\xff\xff\xff\xff\xff\xff\xa0\x39\x00\x00\x00\x00\x00\x00\x1f\x00\x00\xf0\xff\xff\xff\xff\x00\x00\x00\x00\x00\x00\x00\x00"
    "\x00\xf8\xff\xff\xff\xff\xff\xff\x00\x00\x00\x00\x00\x00\x00\x00\x5f\x79\xfe\xff\xff\xff\xff\xff\xa0\x86\x01\x00\x00\x00\x00\x00\xff\xc5\xff\xff\xff\xff\xff\xff\x00\x3a\x00\x00\x00\x00\x00\x00\x1f\x00\x00\xf0\xff\xff\xff\xff\x00\x00\x00\x00\x00\x00\x00\x00"
    "\x00\xf8\xff\xff\xff\xff\xff\xff\x00\x00\x00\x00\x00\x00\x00\x00\x5f\x79\xfe\xff\xff\xff\xff\xff\xa0\x86\x01\x00\x00\x00\x00\x00\xfb\xc5\xff\xff\xff\xff\xff\xff\x04\x3a\x00\x00\x00\x00\x00\x00\x1b\x00\x00\xf0\xff\xff\xff\xff\x04\x00\x00\x00\x00\x00\x00\x00"
    "\x00\xf8\xff\xff\xff\xff\xff\xff\x00\x00\x00\x00\x00\x00\x00\x00\x5f\x79\xfe\xff\xff\xff\xff\xff\xa0\x86\x01\x00\x00\x00\x00\x00\xf5\xc5\xff\xff\xff\xff\xff\xff\x0a\x3a\x00\x00\x00\x00\x00\x00\x15\x00\x00\xf0\xff\xff\xff\xff\x0a\x00\x00\x00\x00\x00\x00\x00"
    "\x00\xf8\xff\xff\xff\xff\xff\xff\x00\x00\x00\x00\x00\x00\x00\x00\x5f\x79\xfe\xff\xff\xff\xff\xff\xa0\x86\x01\x00\x00\x00\x00\x00\xf1\xc5\xff\xff\xff\xff\xff\xff\x0e\x3a\x00\x00\x00\x00\x00\x00\x11\x00\x00\xf0\xff\xff\xff\xff\x0e\x00\x00\x00\x00\x00\x00\x00"
    "\x00\xf8\xff\xff\xff\xff\xff\xff\x00\x00\x00\x00\x00\x00\x00\x00\x5f\x79\xfe\xff\xff\xff\xff\xff\xa0\x86\x01\x00\x00\x00\x00\x00\xe8\xc5\xff\xff\xff\xff\xff\xff\x17\x3a\x00\x00\x00\x00\x00\x00\x08\x00\x00\xf0\xff\xff\xff\xff\x17\x00\x00\x00\x00\x00\x00\x00"
    "\x00\xf8\xff\xff\xff\xff\xff\xff\x00\x00\x00\x00\x00\x00\x00\x00\x5f\x79\xfe\xff\xff\xff\xff\xff\xa0\x86\x01\x00\x00\x00\x00\x00\xe0\xc5\xff\xff\xff\xff\xff\xff\x1f\x3a\x00\x00\x00\x00\x00\x00\x00\x00\x00\xf0\xff\xff\xff\xff\x1f\x00\x00\x00\x00\x00\x00\x00"
    "\x00\xf8\xff\xff\xff\xff\xff\xff\x00\x00\x00\x00\x00\x00\x00\x00\x5f\x79\xfe\xff\xff\xff\xff\xff\xa0\x86\x01\x00\x00\x00\x00\x00\x50\xc5\xff\xff\xff\xff\xff\xff\xaf\x3a\x00\x00\x00\x00\x00\x00\x10\x00\x00\xf0\xff\xff\xff\xff\x0f\x00\x00\x00\x00\x00\x00\x00"
    "\x00\xf8\xff\xff\xff\xff\xff\xff\x00\x00\x00\x00\x00\x00\x00\x00\x5f\x79\xfe\xff\xff\xff\xff\xff\xa0\x86\x01\x00\x00\x00\x00\x00\x4d\xc5\xff\xff\xff\xff\xff\xff\xb2\x3a\x00\x00\x00\x00\x00\x00\x0d\x00\x00\xf0\xff\xff\xff\xff\x12\x00\x00\x00\x00\x00\x00\x00"
    "\x00\xf8\xff\xff\xff\xff\xff\xff\x00\x00\x00\x00\x00\x00\x00\x00\x5f\x79\xfe\xff\xff\xff\xff\xff\xa0\x86\x01\x00\x00\x00\x00\x00\x48\xc5\xff\xff\xff\xff\xff\xff\xb7\x3a\x00\x00\x00\x00\x00\x00\x08\x00\x00\xf0\xff\xff\xff\xff\x17\x00\x00\x00\x00\x00\x00\x00"
    "\x00\xf8\xff\xff\xff\xff\xff\xff\x00\x00\x00\x00\x00\x00\x00\x00\x5f\x79\xfe\xff\xff\xff\xff\xff\xa0\x86\x01\x00\x00\x00\x00\x00\x3f\xc5\xff\xff\xff\xff\xff\xff\xc0\x3a\x00\x00\x00\x00\x00\x00\x1f\x00\x00\xf0\xff\xff\xff\xff\x00\x00\x00\x00\x00\x00\x00\x00"
    "\x00\xf8\xff\xff\xff\xff\xff\xff\x00\x00\x00\x00\x00\x00\x00\x00\x5f\x79\xfe\xff\xff\xff\xff\xff\xa0\x86\x01\x00\x00\x00\x00\x00\x22\xc5\xff\xff\xff\xff\xff\xff\xdd\x3a\x00\x00\x00\x00\x00\x00\x02\x00\x00\xf0\xff\xff\xff\xff\x1d\x00\x00\x00\x00\x00\x00\x00"
    "\x00\xf8\xff\xff\xff\xff\xff\xff\x00\x00\x00\x00\x00\x00\x00\x00\x5f\x79\xfe\xff\xff\xff\xff\xff\xa0\x86\x01\x00\x00\x00\x00\x00\x1a\xc5\xff\xff\xff\xff\xff\xff\xe5\x3a\x00\x00\x00\x00\x00\x00\x1a\x00\x00\xf0\xff\xff\xff\xff\x05\x00\x00\x00\x00\x00\x00\x00"
    "\x00\xf8\xff\xff\xff\xff\xff\xff\x00\x00\x00\x00\x00\x00\x00\x00\x5f\x79\xfe\xff\xff\xff\xff\xff\xa0\x86\x01\x00\x00\x00\x00\x00\xa2\xc3\xff\xff\xff\xff\xff\xff\x5d\x3c\x00\x00\x00\x00\x00\x00\x02\x00\x00\xf0\xff\xff\xff\xff\x1d\x00\x00\x00\x00\x00\x00\x00"
    "\x00\xf8\xff\xff\xff\xff\xff\xff\x00\x00\x00\x00\x00\x00\x00\x00\x5f\x79\xfe\xff\xff\xff\xff\xff\xa0\x86\x01\x00\x00\x00\x00\x00\x9f\xc3\xff\xff\xff\xff\xff\xff\x60\x3c\x00\x00\x00\x00\x00\x00\x1f\x00\x00\xf0\xff\xff\xff\xff\x00\x00\x00\x00\x00\x00\x00\x00"
    "\x00\xf8\xff\xff\xff\xff\xff\xff\x00\x00\x00\x00\x00\x00\x00\x00\x5f\x79\xfe\xff\xff\xff\xff\xff\xa0\x86\x01\x00\x00\x00\x00\x00\x99\xc3\xff\xff\xff\xff\xff\xff\x66\x3c\x00\x00\x00\x00\x00\x00\x19\x00\x00\xf0\xff\xff\xff\xff\x06\x00\x00\x00\x00\x00\x00\x00"
    "\x00\xf8\xff\xff\xff\xff\xff\xff\x00\x00\x00\x00\x00\x00\x00\x00\x5f\x79\xfe\xff\xff\xff\xff\xff\xa0\x86\x01\x00\x00\x00\x00\x00\x90\xc3\xff\xff\xff\xff\xff\xff\x6f\x3c\x00\x00\x00\x00\x00\x00\x10\x00\x00\xf0\xff\xff\xff\xff\x0f\x00\x00\x00\x00\x00\x00\x00"
    "\x00\xf8\xff\xff\xff\xff\xff\xff\x00\x00\x00\x00\x00\x00\x00\x00\x5f\x79\xfe\xff\xff\xff\xff\xff\xa0\x86\x01\x00\x00\x00\x00\x00\x85\xc3\xff\xff\xff\xff\xff\xff\x7a\x3c\x00\x00\x00\x00\x00\x00\x05\x00\x00\xf0\xff\xff\xff\xff\x1a\x00\x00\x00\x00\x00\x00\x00"
    "\x00\xf8\xff\xff\xff\xff\xff\xff\x00\x00\x00\x00\x00\x00\x00\x00\x5f\x79\xfe\xff\xff\xff\xff\xff\xa0\x86\x01\x00\x00\x00\x00\x00\x7d\xc3\xff\xff\xff\xff\xff\xff\x82\x3c\x00\x00\x00\x00\x00\x00\x1d\x00\x00\xf0\xff\xff\xff\xff\x02\x00\x00\x00\x00\x00\x00\x00"
    "\x00\xf8\xff\xff\xff\xff\xff\xff\x00\x00\x00\x00\x00\x00\x00\x00\x5f\x79\xfe\xff\xff\xff\xff\xff\xa0\x86\x01\x00\x00\x00\x00\x00\x6a\xc3\xff\xff\xff\xff\xff\xff\x95\x3c\x00\x00\x00\x00\x00\x00\x0a\x00\x00\xf0\xff\xff\xff\xff\x15\x00\x00\x00\x00\x00\x00\x00"
    "\x00\xf8\xff\xff\xff\xff\xff\xff\x00\x00\x00\x00\x00\x00\x00\x00\x5f\x79\xfe\xff\xff\xff\xff\xff\xa0\x86\x01\x00\x00\x00\x00\x00\x5e\xc3\xff\xff\xff\xff\xff\xff\xa1\x3c\x00\x00\x00\x00\x00\x00\x1e\x00\x00\xf0\xff\xff\xff\xff\x01\x00\x00\x00\x00\x00\x00\x00"
    "\x00\xf8\xff\xff\xff\xff\xff\xff\x00\x00\x00\x00\x00\x00\x00\x00\x5f\x79\xfe\xff\xff\xff\xff\xff\xa0\x86\x01\x00\x00\x00\x00\x00\x51\xc3\xff\xff\xff\xff\xff\xff\xae\x3c\x00\x00\x00\x00\x00\x00\x11\x00\x00\xf0\xff\xff\xff\xff\x0e\x00\x00\x00\x00\x00\x00\x00"
    "\x00\xf8\xff\xff\xff\xff\xff\xff\x00\x00\x00\x00\x00\x00\x00\x00\x5f\x79\xfe\xff\xff\xff\xff\xff\xa0\x86\x01\x00\x00\x00\x00\x00\x49\xc3\xff\xff\xff\xff\xff\xff\xb6\x3c\x00\x00\x00\x00\x00\x00\x09\x00\x00\xf0\xff\xff\xff\xff\x16\x00\x00\x00\x00\x00\x00\x00"
    "\x00\xf8\xff\xff\xff\xff\xff\xff\x00\x00\x00\x00\x00\x00\x00\x00\x5f\x79\xfe\xff\xff\xff\xff\xff\xa0\x86\x01\x00\x00\x00\x00\x00\x3a\xc3\xff\xff\xff\xff\xff\xff\xc5\x3c\x00\x00\x00\x00\x00\x00\x1a\x00\x00\xf0\xff\xff\xff\xff\x05\x00\x00\x00\x00\x00\x00\x00"
    "\x00\xf8\xff\xff\xff\xff\xff\xff\x00\x00\x00\x00\x00\x00\x00\x00\x5f\x79\xfe\xff\xff\xff\xff\xff\xa0\x86\x01\x00\x00\x00\x00\x00\x32\xc3\xff\xff\xff\xff\xff\xff\xcd\x3c\x00\x00\x00\x00\x00\x00\x12\x00\x00\xf0\xff\xff\xff\xff\x0d\x00\x00\x00\x00\x00\x00\x00"
    "\x00\xf8\xff\xff\xff\xff\xff\xff\x00\x00\x00\x00\x00\x00\x00\x00\x5f\x79\xfe\xff\xff\xff\xff\xff\xa0\x86\x01\x00\x00\x00\x00\x00\xef\xc2\xff\xff\xff\xff\xff\xff\x10\x3d\x00\x00\x00\x00\x00\x00\x0f\x00\x00\xf0\xff\xff\xff\xff\x10\x00\x00\x00\x00\x00\x00\x00"
    "\x00\xf8\xff\xff\xff\xff\xff\xff\x00\x00\x00\x00\x00\x00\x00\x00\x5f\x79\xfe\xff\xff\xff\xff\xff\xa0\x86\x01\x00\x00\x00\x00\x00\xe5\xc2\xff\xff\xff\xff\xff\xff\x1a\x3d\x00\x00\x00\x00\x00\x00\x05\x00\x00\xf0\xff\xff\xff\xff\x1a\x00\x00\x00\x00\x00\x00\x00"
    "\x00\xf8\xff\xff\xff\xff\xff\xff\x00\x00\x00\x00\x00\x00\x00\x00\x5f\x79\xfe\xff\xff\xff\xff\xff\xa0\x86\x01\x00\x00\x00\x00\x00\xba\xc2\xff\xff\xff\xff\xff\xff\x45\x3d\x00\x00\x00\x00\x00\x00\x1a\x00\x00\xf0\xff\xff\xff\xff\x05\x00\x00\x00\x00\x00\x00\x00"
    "\x00\xf8\xff\xff\xff\xff\xff\xff\x00\x00\x00\x00\x00\x00\x00\x00\x5f\x79\xfe\xff\xff\xff\xff\xff\xa0\x86\x01\x00\x00\x00\x00\x00\xad\xc2\xff\xff\xff\xff\xff\xff\x52\x3d\x00\x00\x00\x00\x00\x00\x0d\x00\x00\xf0\xff\xff\xff\xff\x12\x00\x00\x00\x00\x00\x00\x00"
    "\x00\xf8\xff\xff\xff\xff\xff\xff\x00\x00\x00\x00\x00\x00\x00\x00\x5f\x79\xfe\xff\xff\xff\xff\xff\xa0\x86\x01\x00\x00\x00\x00\x00\x98\xc2\xff\xff\xff\xff\xff\xff\x67\x3d\x00\x00\x00\x00\x00\x00\x18\x00\x00\xf0\xff\xff\xff\xff\x07\x00\x00\x00\x00\x00\x00\x00"
    "\x00\xf8\xff\xff\xff\xff\xff\xff\x00\x00\x00\x00\x00\x00\x00\x00\x5f\x79\xfe\xff\xff\xff\xff\xff\xa0\x86\x01\x00\x00\x00\x00\x00\x8e\xc2\xff\xff\xff\xff\xff\xff\x71\x3d\x00\x00\x00\x00\x00\x00\x0e\x00\x00\xf0\xff\xff\xff\xff\x11\x00\x00\x00\x00\x00\x00\x00"
    "\x00\xf8\xff\xff\xff\xff\xff\xff\x00\x00\x00\x00\x00\x00\x00\x00\x5f\x79\xfe\xff\xff\xff\xff\xff\xa0\x86\x01\x00\x00\x00\x00\x00\x7b\xc2\xff\xff\xff\xff\xff\xff\x84\x3d\x00\x00\x00\x00\x00\x00\x1b\x00\x00\xf0\xff\xff\xff\xff\x04\x00\x00\x00\x00\x00\x00\x00"
    "\x00\xf8\xff\xff\xff\xff\xff\xff\x00\x00\x00\x00\x00\x00\x00\x00\x5f\x79\xfe\xff\xff\xff\xff\xff\xa0\x86\x01\x00\x00\x00\x00\x00\x6c\xc2\xff\xff\xff\xff\xff\xff\x93\x3d\x00\x00\x00\x00\x00\x00\x0c\x00\x00\xf0\xff\xff\xff\xff\x13\x00\x00\x00\x00\x00\x00\x00"
    "\x00\xf8\xff\xff\xff\xff\xff\xff\x00\x00\x00\x00\x00\x00\x00\x00\x5f\x79\xfe\xff\xff\xff\xff\xff\xa0\x86\x01\x00\x00\x00\x00\x00\x57\xc2\xff\xff\xff\xff\xff\xff\xa8\x3d\x00\x00\x00\x00\x00\x00\x17\x00\x00\xf0\xff\xff\xff\xff\x08\x00\x00\x00\x00\x00\x00\x00"
    "\x00\xf8\xff\xff\xff\xff\xff\xff\x00\x00\x00\x00\x00\x00\x00\x00\x5f\x79\xfe\xff\xff\xff\xff\xff\xa0\x86\x01\x00\x00\x00\x00\x00\x4d\xc2\xff\xff\xff\xff\xff\xff\xb2\x3d\x00\x00\x00\x00\x00\x00\x0d\x00\x00\xf0\xff\xff\xff\xff\x12\x00\x00\x00\x00\x00\x00\x00"
    "\x00\xf8\xff\xff\xff\xff\xff\xff\x00\x00\x00\x00\x00\x00\x00\x00\x5f\x79\xfe\xff\xff\xff\xff\xff\xa0\x86\x01\x00\x00\x00\x00\x00\x35\xc2\xff\xff\xff\xff\xff\xff\xca\x3d\x00\x00\x00\x00\x00\x00\x15\x00\x00\xf0\xff\xff\xff\xff\x0a\x00\x00\x00\x00\x00\x00\x00"
    "\x00\xf8\xff\xff\xff\xff\xff\xff\x00\x00\x00\x00\x00\x00\x00\x00\x5f\x79\xfe\xff\xff\xff\xff\xff\xa0\x86\x01\x00\x00\x00\x00\x00\x27\xc2\xff\xff\xff\xff\xff\xff\xd8\x3d\x00\x00\x00\x00\x00\x00\x07\x00\x00\xf0\xff\xff\xff\xff\x18\x00\x00\x00\x00\x00\x00\x00"
    "\x00\xf8\xff\xff\xff\xff\xff\xff\x00\x00\x00\x00\x00\x00\x00\x00\x5f\x79\xfe\xff\xff\xff\xff\xff\xa0\x86\x01\x00\x00\x00\x00\x00\x16\xc2\xff\xff\xff\xff\xff\xff\xe9\x3d\x00\x00\x00\x00\x00\x00\x16\x00\x00\xf0\xff\xff\xff\xff\x09\x00\x00\x00\x00\x00\x00\x00"
    "\x00\xf8\xff\xff\xff\xff\xff\xff\x00\x00\x00\x00\x00\x00\x00\x00\x5f\x79\xfe\xff\xff\xff\xff\xff\xa0\x86\x01\x00\x00\x00\x00\x00\x0c\xc2\xff\xff\xff\xff\xff\xff\xf3\x3d\x00\x00\x00\x00\x00\x00\x0c\x00\x00\xf0\xff\xff\xff\xff\x13\x00\x00\x00\x00\x00\x00\x00"
    "\x00\xf8\xff\xff\xff\xff\xff\xff\x00\x00\x00\x00\x00\x00\x00\x00\x5f\x79\xfe\xff\xff\xff\xff\xff\xa0\x86\x01\x00\x00\x00\x00\x00\x01\xc2\xff\xff\xff\xff\xff\xff\xfe\x3d\x00\x00\x00\x00\x00\x00\x01\x00\x00\xf0\xff\xff\xff\xff\x1e\x00\x00\x00\x00\x00\x00\x00"
    "\x00\xf8\xff\xff\xff\xff\xff\xff\x00\x00\x00\x00\x00\x00\x00\x00\x5f\x79\xfe\xff\xff\xff\xff\xff\xa0\x86\x01\x00\x00\x00\x00\x00\xf1\xc1\xff\xff\xff\xff\xff\xff\x0e\x3e\x00\x00\x00\x00\x00\x00\x11\x00\x00\xf0\xff\xff\xff\xff\x0e\x00\x00\x00\x00\x00\x00\x00"
    "\x00\xf8\xff\xff\xff\xff\xff\xff\x00\x00\x00\x00\x00\x00\x00\x00\x5f\x79\xfe\xff\xff\xff\xff\xff\xa0\x86\x01\x00\x00\x00\x00\x00\xe6\xc1\xff\xff\xff\xff\xff\xff\x19\x3e\x00\x00\x00\x00\x00\x00\x06\x00\x00\xf0\xff\xff\xff\xff\x19\x00\x00\x00\x00\x00\x00\x00"
    "\x00\xf8\xff\xff\xff\xff\xff\xff\x00\x00\x00\x00\x00\x00\x00\x00\x5f\x79\xfe\xff\xff\xff\xff\xff\xa0\x86\x01\x00\x00\x00\x00\x00\xe9\xc0\xff\xff\xff\xff\xff\xff\x16\x3f\x00\x00\x00\x00\x00\x00\x09\x00\x00\xf0\xff\xff\xff\xff\x16\x00\x00\x00\x00\x00\x00\x00"
    "\x00\xf8\xff\xff\xff\xff\xff\xff\x00\x00\x00\x00\x00\x00\x00\x00\x5f\x79\xfe\xff\xff\xff\xff\xff\xa0\x86\x01\x00\x00\x00\x00\x00\xdf\xc0\xff\xff\xff\xff\xff\xff\x20\x3f\x00\x00\x00\x00\x00\x00\x1f\x00\x00\xf0\xff\xff\xff\xff\x00\x00\x00\x00\x00\x00\x00\x00"
    "\x00\xf8\xff\xff\xff\xff\xff\xff\x00\x00\x00\x00\x00\x00\x00\x00\x5f\x79\xfe\xff\xff\xff\xff\xff\xa0\x86\x01\x00\x00\x00\x00\x00\xdb\xc0\xff\xff\xff\xff\xff\xff\x24\x3f\x00\x00\x00\x00\x00\x00\x1b\x00\x00\xf0\xff\xff\xff\xff\x04\x00\x00\x00\x00\x00\x00\x00"
    "\x00\xf8\xff\xff\xff\xff\xff\xff\x00\x00\x00\x00\x00\x00\x00\x00\x5f\x79\xfe\xff\xff\xff\xff\xff\xa0\x86\x01\x00\x00\x00\x00\x00\xd7\xc0\xff\xff\xff\xff\xff\xff\x28\x3f\x00\x00\x00\x00\x00\x00\x17\x00\x00\xf0\xff\xff\xff\xff\x08\x00\x00\x00\x00\x00\x00\x00"
    "\x00\xf8\xff\xff\xff\xff\xff\xff\x00\x00\x00\x00\x00\x00\x00\x00\x5f\x79\xfe\xff\xff\xff\xff\xff\xa0\x86\x01\x00\x00\x00\x00\x00\xd0\xc0\xff\xff\xff\xff\xff\xff\x2f\x3f\x00\x00\x00\x00\x00\x00\x10\x00\x00\xf0\xff\xff\xff\xff\x0f\x00\x00\x00\x00\x00\x00\x00"
    "\x00\xf8\xff\xff\xff\xff\xff\xff\x00\x00\x00\x00\x00\x00\x00\x00\x5f\x79\xfe\xff\xff\xff\xff\xff\xa0\x86\x01\x00\x00\x00\x00\x00\xcc\xc0\xff\xff\xff\xff\xff\xff\x33\x3f\x00\x00\x00\x00\x00\x00\x0c\x00\x00\xf0\xff\xff\xff\xff\x13\x00\x00\x00\x00\x00\x00\x00"
    "\x00\xf8\xff\xff\xff\xff\xff\xff\x00\x00\x00\x00\x00\x00\x00\x00\x5f\x79\xfe\xff\xff\xff\xff\xff\xa0\x86\x01\x00\x00\x00\x00\x00\xc3\xb9\xff\xff\xff\xff\xff\xff\x3c\x46\x00\x00\x00\x00\x00\x00\x03\x00\x00\xf0\xff\xff\xff\xff\x1c\x00\x00\x00\x00\x00\x00\x00"
    "\x00\xf8\xff\xff\xff\xff\xff\xff\x00\x00\x00\x00\x00\x00\x00\x00\x5f\x79\xfe\xff\xff\xff\xff\xff\xa0\x86\x01\x00\x00\x00\x00\x00\xb3\xb9\xff\xff\xff\xff\xff\xff\x4c\x46\x00\x00\x00\x00\x00\x00\x13\x00\x00\xf0\xff\xff\xff\xff\x0c\x00\x00\x00\x00\x00\x00\x00"
    "\x00\xf8\xff\xff\xff\xff\xff\xff\x00\x00\x00\x00\x00\x00\x00\x00\x5f\x79\xfe\xff\xff\xff\xff\xff\xa0\x86\x01\x00\x00\x00\x00\x00\xad\xb9\xff\xff\xff\xff\xff\xff\x52\x46\x00\x00\x00\x00\x00\x00\x0d\x00\x00\xf0\xff\xff\xff\xff\x12\x00\x00\x00\x00\x00\x00\x00"
    "\x00\xf8\xff\xff\xff\xff\xff\xff\x00\x00\x00\x00\x00\x00\x00\x00\x5f\x79\xfe\xff\xff\xff\xff\xff\xa0\x86\x01\x00\x00\x00\x00\x00\xa9\xb9\xff\xff\xff\xff\xff\xff\x56\x46\x00\x00\x00\x00\x00\x00\x09\x00\x00\xf0\xff\xff\xff\xff\x16\x00\x00\x00\x00\x00\x00\x00"
    "\x00\xf8\xff\xff\xff\xff\xff\xff\x00\x00\x00\x00\x00\x00\x00\x00\x5f\x79\xfe\xff\xff\xff\xff\xff\xa0\x86\x01\x00\x00\x00\x00\x00\xa4\xb9\xff\xff\xff\xff\xff\xff\x5b\x46\x00\x00\x00\x00\x00\x00\x04\x00\x00\xf0\xff\xff\xff\xff\x1b\x00\x00\x00\x00\x00\x00\x00"
    "\x00\xf8\xff\xff\xff\xff\xff\xff\x00\x00\x00\x00\x00\x00\x00\x00\x5f\x79\xfe\xff\xff\xff\xff\xff\xa0\x86\x01\x00\x00\x00\x00\x00\xa0\xb9\xff\xff\xff\xff\xff\xff\x5f\x46\x00\x00\x00\x00\x00\x00\x00\x00\x00\xf0\xff\xff\xff\xff\x1f\x00\x00\x00\x00\x00\x00\x00"
    "\x00\xf8\xff\xff\xff\xff\xff\xff\x00\x00\x00\x00\x00\x00\x00\x00\x5f\x79\xfe\xff\xff\xff\xff\xff\xa0\x86\x01\x00\x00\x00\x00\x00\x8c\xb9\xff\xff\xff\xff\xff\xff\x73\x46\x00\x00\x00\x00\x00\x00\x0c\x00\x00\xf0\xff\xff\xff\xff\x13\x00\x00\x00\x00\x00\x00\x00"
    "\x00\xf8\xff\xff\xff\xff\xff\xff\x00\x00\x00\x00\x00\x00\x00\x00\x5f\x79\xfe\xff\xff\xff\xff\xff\xa0\x86\x01\x00\x00\x00\x00\x00\x7b\xb9\xff\xff\xff\xff\xff\xff\x84\x46\x00\x00\x00\x00\x00\x00\x1b\x00\x00\xf0\xff\xff\xff\xff\x04\x00\x00\x00\x00\x00\x00\x00"
    "\x00\xf8\xff\xff\xff\xff\xff\xff\x00\x00\x00\x00\x00\x00\x00\x00\x5f\x79\xfe\xff\xff\xff\xff\xff\xa0\x86\x01\x00\x00\x00\x00\x00\x6e\xb9\xff\xff\xff\xff\xff\xff\x91\x46\x00\x00\x00\x00\x00\x00\x0e\x00\x00\xf0\xff\xff\xff\xff\x11\x00\x00\x00\x00\x00\x00\x00"
    "\x00\xf8\xff\xff\xff\xff\xff\xff\x00\x00\x00\x00\x00\x00\x00\x00\x5f\x79\xfe\xff\xff\xff\xff\xff\xa0\x86\x01\x00\x00\x00\x00\x00\xe3\xb8\xff\xff\xff\xff\xff\xff\x1c\x47\x00\x00\x00\x00\x00\x00\x03\x00\x00\xf0\xff\xff\xff\xff\x1c\x00\x00\x00\x00\x00\x00\x00"
    "\x00\xf8\xff\xff\xff\xff\xff\xff\x00\x00\x00\x00\x00\x00\x00\x00\x5f\x79\xfe\xff\xff\xff\xff\xff\xa0\x86\x01\x00\x00\x00\x00\x00\xda\xb8\xff\xff\xff\xff\xff\xff\x25\x47\x00\x00\x00\x00\x00\x00\x1a\x00\x00\xf0\xff\xff\xff\xff\x05\x00\x00\x00\x00\x00\x00\x00"
    "\x00\xf8\xff\xff\xff\xff\xff\xff\x00\x00\x00\x00\x00\x00\x00\x00\x5f\x79\xfe\xff\xff\xff\xff\xff\xa0\x86\x01\x00\x00\x00\x00\x00\xbd\xb8\xff\xff\xff\xff\xff\xff\x42\x47\x00\x00\x00\x00\x00\x00\x1d\x00\x00\xf0\xff\xff\xff\xff\x02\x00\x00\x00\x00\x00\x00\x00"
    "\x00\xf8\xff\xff\xff\xff\xff\xff\x00\x00\x00\x00\x00\x00\x00\x00\x5f\x79\xfe\xff\xff\xff\xff\xff\xa0\x86\x01\x00\x00\x00\x00\x00\xb6\xb8\xff\xff\xff\xff\xff\xff\x49\x47\x00\x00\x00\x00\x00\x00\x16\x00\x00\xf0\xff\xff\xff\xff\x09\x00\x00\x00\x00\x00\x00\x00"
    "\x00\xf8\xff\xff\xff\xff\xff\xff\x00\x00\x00\x00\x00\x00\x00\x00\x5f\x79\xfe\xff\xff\xff\xff\xff\xa0\x86\x01\x00\x00\x00\x00\x00\x64\xb8\xff\xff\xff\xff\xff\xff\x9b\x47\x00\x00\x00\x00\x00\x00\x04\x00\x00\xf0\xff\xff\xff\xff\x1b\x00\x00\x00\x00\x00\x00\x00"
    "\x00\xf8\xff\xff\xff\xff\xff\xff\x00\x00\x00\x00\x00\x00\x00\x00\x5f\x79\xfe\xff\xff\xff\xff\xff\xa0\x86\x01\x00\x00\x00\x00\x00\xc6\xb7\xff\xff\xff\xff\xff\xff\x39\x48\x00\x00\x00\x00\x00\x00\x06\x00\x00\xf0\xff\xff\xff\xff\x19\x00\x00\x00\x00\x00\x00\x00"
    "\x00\xf8\xff\xff\xff\xff\xff\xff\x00\x00\x00\x00\x00\x00\x00\x00\x5f\x79\xfe\xff\xff\xff\xff\xff\xa0\x86\x01\x00\x00\x00\x00\x00\x2a\xb4\xff\xff\xff\xff\xff\xff\xd5\x4b\x00\x00\x00\x00\x00\x00\x0a\x00\x00\xf0\xff\xff\xff\xff\x15\x00\x00\x00\x00\x00\x00\x00"
    "\x00\xf8\xff\xff\xff\xff\xff\xff\x00\x00\x00\x00\x00\x00\x00\x00\x5f\x79\xfe\xff\xff\xff\xff\xff\xa0\x86\x01\x00\x00\x00\x00\x00\x26\xb4\xff\xff\xff\xff\xff\xff\xd9\x4b\x00\x00\x00\x00\x00\x00\x06\x00\x00\xf0\xff\xff\xff\xff\x19\x00\x00\x00\x00\x00\x00\x00"
    "\x00\xf8\xff\xff\xff\xff\xff\xff\x00\x00\x00\x00\x00\x00\x00\x00\x5f\x79\xfe\xff\xff\xff\xff\xff\xa0\x86\x01\x00\x00\x00\x00\x00\x22\xb4\xff\xff\xff\xff\xff\xff\xdd\x4b\x00\x00\x00\x00\x00\x00\x02\x00\x00\xf0\xff\xff\xff\xff\x1d\x00\x00\x00\x00\x00\x00\x00"
    "\x00\xf8\xff\xff\xff\xff\xff\xff\x00\x00\x00\x00\x00\x00\x00\x00\x5f\x79\xfe\xff\xff\xff\xff\xff\xa0\x86\x01\x00\x00\x00\x00\x00\x1e\xb4\xff\xff\xff\xff\xff\xff\xe1\x4b\x00\x00\x00\x00\x00\x00\x1e\x00\x00\xf0\xff\xff\xff\xff\x01\x00\x00\x00\x00\x00\x00\x00"
    "\x00\xf8\xff\xff\xff\xff\xff\xff\x00\x00\x00\x00\x00\x00\x00\x00\x5f\x79\xfe\xff\xff\xff\xff\xff\xa0\x86\x01\x00\x00\x00\x00\x00\x1a\xb4\xff\xff\xff\xff\xff\xff\xe5\x4b\x00\x00\x00\x00\x00\x00\x1a\x00\x00\xf0\xff\xff\xff\xff\x05\x00\x00\x00\x00\x00\x00\x00"
    "\x00\xf8\xff\xff\xff\xff\xff\xff\x00\x00\x00\x00\x00\x00\x00\x00\x5f\x79\xfe\xff\xff\xff\xff\xff\xa0\x86\x01\x00\x00\x00\x00\x00\x16\xb4\xff\xff\xff\xff\xff\xff\xe9\x4b\x00\x00\x00\x00\x00\x00\x16\x00\x00\xf0\xff\xff\xff\xff\x09\x00\x00\x00\x00\x00\x00\x00"
    "\x00\xf8\xff\xff\xff\xff\xff\xff\x00\x00\x00\x00\x00\x00\x00\x00\x5f\x79\xfe\xff\xff\xff\xff\xff\xa0\x86\x01\x00\x00\x00\x00\x00\x11\xb4\xff\xff\xff\xff\xff\xff\xee\x4b\x00\x00\x00\x00\x00\x00\x11\x00\x00\xf0\xff\xff\xff\xff\x0e\x00\x00\x00\x00\x00\x00\x00"
    "\x00\xf8\xff\xff\xff\xff\xff\xff\x00\x00\x00\x00\x00\x00\x00\x00\x5f\x79\xfe\xff\xff\xff\xff\xff\xa0\x86\x01\x00\x00\x00\x00\x00\x0b\xb4\xff\xff\xff\xff\xff\xff\xf4\x4b\x00\x00\x00\x00\x00\x00\x0b\x00\x00\xf0\xff\xff\xff\xff\x14\x00\x00\x00\x00\x00\x00\x00"
    "\x00\xf8\xff\xff\xff\xff\xff\xff\x00\x00\x00\x00\x00\x00\x00\x00\x5f\x79\xfe\xff\xff\xff\xff\xff\xa0\x86\x01\x00\x00\x00\x00\x00\xf2\xb3\xff\xff\xff\xff\xff\xff\x0d\x4c\x00\x00\x00\x00\x00\x00\x12\x00\x00\xf0\xff\xff\xff\xff\x0d\x00\x00\x00\x00\x00\x00\x00"
    "\x00\xf8\xff\xff\xff\xff\xff\xff\x00\x00\x00\x00\x00\x00\x00\x00\x5f\x79\xfe\xff\xff\xff\xff\xff\xa0\x86\x01\x00\x00\x00\x00\x00\xef\xb3\xff\xff\xff\xff\xff\xff\x10\x4c\x00\x00\x00\x00\x00\x00\x0f\x00\x00\xf0\xff\xff\xff\xff\x10\x00\x00\x00\x00\x00\x00\x00"
    "\x00\xf8\xff\xff\xff\xff\xff\xff\x00\x00\x00\x00\x00\x00\x00\x00\x5f\x79\xfe\xff\xff\xff\xff\xff\xa0\x86\x01\x00\x00\x00\x00\x00\xec\xb3\xff\xff\xff\xff\xff\xff\x13\x4c\x00\x00\x00\x00\x00\x00\x0c\x00\x00\xf0\xff\xff\xff\xff\x13\x00\x00\x00\x00\x00\x00\x00"
    "\x00\xf8\xff\xff\xff\xff\xff\xff\x00\x00\x00\x00\x00\x00\x00\x00\x5f\x79\xfe\xff\xff\xff\xff\xff\xa0\x86\x01\x00\x00\x00\x00\x00\xe9\xb3\xff\xff\xff\xff\xff\xff\x16\x4c\x00\x00\x00\x00\x00\x00\x09\x00\x00\xf0\xff\xff\xff\xff\x16\x00\x00\x00\x00\x00\x00\x00"
    "\x00\xf8\xff\xff\xff\xff\xff\xff\x00\x00\x00\x00\x00\x00\x00\x00\x5f\x79\xfe\xff\xff\xff\xff\xff\xa0\x86\x01\x00\x00\x00\x00\x00\xe6\xb3\xff\xff\xff\xff\xff\xff\x19\x4c\x00\x00\x00\x00\x00\x00\x06\x00\x00\xf0\xff\xff\xff\xff\x19\x00\x00\x00\x00\x00\x00\x00"
    "\x00\xf8\xff\xff\xff\xff\xff\xff\x00\x00\x00\x00\x00\x00\x00\x00\x5f\x79\xfe\xff\xff\xff\xff\xff\xa0\x86\x01\x00\x00\x00\x00\x00\xe3\xb3\xff\xff\xff\xff\xff\xff\x1c\x4c\x00\x00\x00\x00\x00\x00\x03\x00\x00\xf0\xff\xff\xff\xff\x1c\x00\x00\x00\x00\x00\x00\x00"
    "\x00\xf8\xff\xff\xff\xff\xff\xff\x00\x00\x00\x00\x00\x00\x00\x00\x5f\x79\xfe\xff\xff\xff\xff\xff\xa0\x86\x01\x00\x00\x00\x00\x00\xe0\xb3\xff\xff\xff\xff\xff\xff\x1f\x4c\x00\x00\x00\x00\x00\x00\x00\x00\x00\xf0\xff\xff\xff\xff\x1f\x00\x00\x00\x00\x00\x00\x00"
    "\x00\xf8\xff\xff\xff\xff\xff\xff\x00\x00\x00\x00\x00\x00\x00\x00\x5f\x79\xfe\xff\xff\xff\xff\xff\xa0\x86\x01\x00\x00\x00\x00\x00\xdd\xb3\xff\xff\xff\xff\xff\xff\x22\x4c\x00\x00\x00\x00\x00\x00\x1d\x00\x00\xf0\xff\xff\xff\xff\x02\x00\x00\x00\x00\x00\x00\x00"
    "\x00\xf8\xff\xff\xff\xff\xff\xff\x00\x00\x00\x00\x00\x00\x00\x00\x5f\x79\xfe\xff\xff\xff\xff\xff\xa0\x86\x01\x00\x00\x00\x00\x00\xda\xb3\xff\xff\xff\xff\xff\xff\x25\x4c\x00\x00\x00\x00\x00\x00\x1a\x00\x00\xf0\xff\xff\xff\xff\x05\x00\x00\x00\x00\x00\x00\x00"
    "\x00\xf8\xff\xff\xff\xff\xff\xff\x00\x00\x00\x00\x00\x00\x00\x00\x5f\x79\xfe\xff\xff\xff\xff\xff\xa0\x86\x01\x00\x00\x00\x00\x00\xd7\xb3\xff\xff\xff\xff\xff\xff\x28\x4c\x00\x00\x00\x00\x00\x00\x17\x00\x00\xf0\xff\xff\xff\xff\x08\x00\x00\x00\x00\x00\x00\x00"
    "\x00\xf8\xff\xff\xff\xff\xff\xff\x00\x00\x00\x00\x00\x00\x00\x00\x5f\x79\xfe\xff\xff\xff\xff\xff\xa0\x86\x01\x00\x00\x00\x00\x00\xd4\xb3\xff\xff\xff\xff\xff\xff\x2b\x4c\x00\x00\x00\x00\x00\x00\x14\x00\x00\xf0\xff\xff\xff\xff\x0b\x00\x00\x00\x00\x00\x00\x00"
    "\x00\xf8\xff\xff\xff\xff\xff\xff\x00\x00\x00\x00\x00\x00\x00\x00\x5f\x79\xfe\xff\xff\xff\xff\xff\xa0\x86\x01\x00\x00\x00\x00\x00\xd0\xb3\xff\xff\xff\xff\xff\xff\x2f\x4c\x00\x00\x00\x00\x00\x00\x10\x00\x00\xf0\xff\xff\xff\xff\x0f\x00\x00\x00\x00\x00\x00\x00"
    "\x00\xf8\xff\xff\xff\xff\xff\xff\x00\x00\x00\x00\x00\x00\x00\x00\x5f\x79\xfe\xff\xff\xff\xff\xff\xa0\x86\x01\x00\x00\x00\x00\x00\xcd\xb3\xff\xff\xff\xff\xff\xff\x32\x4c\x00\x00\x00\x00\x00\x00\x0d\x00\x00\xf0\xff\xff\xff\xff\x12\x00\x00\x00\x00\x00\x00\x00"
    "\x00\xf8\xff\xff\xff\xff\xff\xff\x00\x00\x00\x00\x00\x00\x00\x00\x5f\x79\xfe\xff\xff\xff\xff\xff\xa0\x86\x01\x00\x00\x00\x00\x00\xc9\xb3\xff\xff\xff\xff\xff\xff\x36\x4c\x00\x00\x00\x00\x00\x00\x09\x00\x00\xf0\xff\xff\xff\xff\x16\x00\x00\x00\x00\x00\x00\x00"
    "\x00\xf8\xff\xff\xff\xff\xff\xff\x00\x00\x00\x00\x00\x00\x00\x00\x5f\x79\xfe\xff\xff\xff\xff\xff\xa0\x86\x01\x00\x00\x00\x00\x00\xc6\xb3\xff\xff\xff\xff\xff\xff\x39\x4c\x00\x00\x00\x00\x00\x00\x06\x00\x00\xf0\xff\xff\xff\xff\x19\x00\x00\x00\x00\x00\x00\x00"
    "\x00\xf8\xff\xff\xff\xff\xff\xff\x00\x00\x00\x00\x00\x00\x00\x00\x5f\x79\xfe\xff\xff\xff\xff\xff\xa0\x86\x01\x00\x00\x00\x00\x00\xc3\xb3\xff\xff\xff\xff\xff\xff\x3c\x4c\x00\x00\x00\x00\x00\x00\x03\x00\x00\xf0\xff\xff\xff\xff\x1c\x00\x00\x00\x00\x00\x00\x00"
    "\x00\xf8\xff\xff\xff\xff\xff\xff\x00\x00\x00\x00\x00\x00\x00\x00\x5f\x79\xfe\xff\xff\xff\xff\xff\xa0\x86\x01\x00\x00\x00\x00\x00\xbe\xb3\xff\xff\xff\xff\xff\xff\x41\x4c\x00\x00\x00\x00\x00\x00\x1e\x00\x00\xf0\xff\xff\xff\xff\x01\x00\x00\x00\x00\x00\x00\x00"
    "\x00\xf8\xff\xff\xff\xff\xff\xff\x00\x00\x00\x00\x00\x00\x00\x00\x5f\x79\xfe\xff\xff\xff\xff\xff\xa0\x86\x01\x00\x00\x00\x00\x00\x9c\xb3\xff\xff\xff\xff\xff\xff\x63\x4c\x00\x00\x00\x00\x00\x00\x1c\x00\x00\xf0\xff\xff\xff\xff\x03\x00\x00\x00\x00\x00\x00\x00"
    "\x00\xf8\xff\xff\xff\xff\xff\xff\x00\x00\x00\x00\x00\x00\x00\x00\x5f\x79\xfe\xff\xff\xff\xff\xff\xa0\x86\x01\x00\x00\x00\x00\x00\x99\xb3\xff\xff\xff\xff\xff\xff\x66\x4c\x00\x00\x00\x00\x00\x00\x19\x00\x00\xf0\xff\xff\xff\xff\x06\x00\x00\x00\x00\x00\x00\x00"
    "\x00\xf8\xff\xff\xff\xff\xff\xff\x00\x00\x00\x00\x00\x00\x00\x00\x5f\x79\xfe\xff\xff\xff\xff\xff\xa0\x86\x01\x00\x00\x00\x00\x00\x93\xb3\xff\xff\xff\xff\xff\xff\x6c\x4c\x00\x00\x00\x00\x00\x00\x13\x00\x00\xf0\xff\xff\xff\xff\x0c\x00\x00\x00\x00\x00\x00\x00"
    "\x00\xf8\xff\xff\xff\xff\xff\xff\x00\x00\x00\x00\x00\x00\x00\x00\x5f\x79\xfe\xff\xff\xff\xff\xff\xa0\x86\x01\x00\x00\x00\x00\x00\x8f\xb3\xff\xff\xff\xff\xff\xff\x70\x4c\x00\x00\x00\x00\x00\x00\x0f\x00\x00\xf0\xff\xff\xff\xff\x10\x00\x00\x00\x00\x00\x00\x00"
    "\x00\xf8\xff\xff\xff\xff\xff\xff\x00\x00\x00\x00\x00\x00\x00\x00\x5f\x79\xfe\xff\xff\xff\xff\xff\xa0\x86\x01\x00\x00\x00\x00\x00\x8b\xb3\xff\xff\xff\xff\xff\xff\x74\x4c\x00\x00\x00\x00\x00\x00\x0b\x00\x00\xf0\xff\xff\xff\xff\x14\x00\x00\x00\x00\x00\x00\x00"
    "\x00\xf8\xff\xff\xff\xff\xff\xff\x00\x00\x00\x00\x00\x00\x00\x00\x5f\x79\xfe\xff\xff\xff\xff\xff\xa0\x86\x01\x00\x00\x00\x00\x00\x87\xb3\xff\xff\xff\xff\xff\xff\x78\x4c\x00\x00\x00\x00\x00\x00\x07\x00\x00\xf0\xff\xff\xff\xff\x18\x00\x00\x00\x00\x00\x00\x00"
    "\x00\xf8\xff\xff\xff\xff\xff\xff\x00\x00\x00\x00\x00\x00\x00\x00\x5f\x79\xfe\xff\xff\xff\xff\xff\xa0\x86\x01\x00\x00\x00\x00\x00\x83\xb3\xff\xff\xff\xff\xff\xff\x7c\x4c\x00\x00\x00\x00\x00\x00\x03\x00\x00\xf0\xff\xff\xff\xff\x1c\x00\x00\x00\x00\x00\x00\x00"
    "\x00\xf8\xff\xff\xff\xff\xff\xff\x00\x00\x00\x00\x00\x00\x00\x00\x5f\x79\xfe\xff\xff\xff\xff\xff\xa0\x86\x01\x00\x00\x00\x00\x00\x7f\xb3\xff\xff\xff\xff\xff\xff\x80\x4c\x00\x00\x00\x00\x00\x00\x1f\x00\x00\xf0\xff\xff\xff\xff\x00\x00\x00\x00\x00\x00\x00\x00"
    "\x00\xf8\xff\xff\xff\xff\xff\xff\x00\x00\x00\x00\x00\x00\x00\x00\x5f\x79\xfe\xff\xff\xff\xff\xff\xa0\x86\x01\x00\x00\x00\x00\x00\x67\xb3\xff\xff\xff\xff\xff\xff\x98\x4c\x00\x00\x00\x00\x00\x00\x07\x00\x00\xf0\xff\xff\xff\xff\x18\x00\x00\x00\x00\x00\x00\x00"
    "\x00\xf8\xff\xff\xff\xff\xff\xff\x00\x00\x00\x00\x00\x00\x00\x00\x5f\x79\xfe\xff\xff\xff\xff\xff\xa0\x86\x01\x00\x00\x00\x00\x00\x62\xb3\xff\xff\xff\xff\xff\xff\x9d\x4c\x00\x00\x00\x00\x00\x00\x02\x00\x00\xf0\xff\xff\xff\xff\x1d\x00\x00\x00\x00\x00\x00\x00"
    "\x00\xf8\xff\xff\xff\xff\xff\xff\x00\x00\x00\x00\x00\x00\x00\x00\x5f\x79\xfe\xff\xff\xff\xff\xff\xa0\x86\x01\x00\x00\x00\x00\x00\x5d\xb3\xff\xff\xff\xff\xff\xff\xa2\x4c\x00\x00\x00\x00\x00\x00\x1d\x00\x00\xf0\xff\xff\xff\xff\x02\x00\x00\x00\x00\x00\x00\x00"
    "\x00\xf8\xff\xff\xff\xff\xff\xff\x00\x00\x00\x00\x00\x00\x00\x00\x5f\x79\xfe\xff\xff\xff\xff\xff\xa0\x86\x01\x00\x00\x00\x00\x00\x59\xb3\xff\xff\xff\xff\xff\xff\xa6\x4c\x00\x00\x00\x00\x00\x00\x19\x00\x00\xf0\xff\xff\xff\xff\x06\x00\x00\x00\x00\x00\x00\x00"
    "\x00\xf8\xff\xff\xff\xff\xff\xff\x00\x00\x00\x00\x00\x00\x00\x00\x5f\x79\xfe\xff\xff\xff\xff\xff\xa0\x86\x01\x00\x00\x00\x00\x00\x55\xb3\xff\xff\xff\xff\xff\xff\xaa\x4c\x00\x00\x00\x00\x00\x00\x15\x00\x00\xf0\xff\xff\xff\xff\x0a\x00\x00\x00\x00\x00\x00\x00"
    "\x00\xf8\xff\xff\xff\xff\xff\xff\x00\x00\x00\x00\x00\x00\x00\x00\x5f\x79\xfe\xff\xff\xff\xff\xff\xa0\x86\x01\x00\x00\x00\x00\x00\x51\xb3\xff\xff\xff\xff\xff\xff\xae\x4c\x00\x00\x00\x00\x00\x00\x11\x00\x00\xf0\xff\xff\xff\xff\x0e\x00\x00\x00\x00\x00\x00\x00"
    "\x00\xf8\xff\xff\xff\xff\xff\xff\x00\x00\x00\x00\x00\x00\x00\x00\x5f\x79\xfe\xff\xff\xff\xff\xff\xa0\x86\x01\x00\x00\x00\x00\x00\x4d\xb3\xff\xff\xff\xff\xff\xff\xb2\x4c\x00\x00\x00\x00\x00\x00\x0d\x00\x00\xf0\xff\xff\xff\xff\x12\x00\x00\x00\x00\x00\x00\x00"
    "\x00\xf8\xff\xff\xff\xff\xff\xff\x00\x00\x00\x00\x00\x00\x00\x00\x5f\x79\xfe\xff\xff\xff\xff\xff\xa0\x86\x01\x00\x00\x00\x00\x00\x49\xb3\xff\xff\xff\xff\xff\xff\xb6\x4c\x00\x00\x00\x00\x00\x00\x09\x00\x00\xf0\xff\xff\xff\xff\x16\x00\x00\x00\x00\x00\x00\x00"
    "\x00\xf8\xff\xff\xff\xff\xff\xff\x00\x00\x00\x00\x00\x00\x00\x00\x5f\x79\xfe\xff\xff\xff\xff\xff\xa0\x86\x01\x00\x00\x00\x00\x00\x3c\xb3\xff\xff\xff\xff\xff\xff\xc3\x4c\x00\x00\x00\x00\x00\x00\x1c\x00\x00\xf0\xff\xff\xff\xff\x03\x00\x00\x00\x00\x00\x00\x00"
    "\x00\xf8\xff\xff\xff\xff\xff\xff\x00\x00\x00\x00\x00\x00\x00\x00\x5f\x79\xfe\xff\xff\xff\xff\xff\xa0\x86\x01\x00\x00\x00\x00\x00\x39\xb3\xff\xff\xff\xff\xff\xff\xc6\x4c\x00\x00\x00\x00\x00\x00\x19\x00\x00\xf0\xff\xff\xff\xff\x06\x00\x00\x00\x00\x00\x00\x00"
    "\x00\xf8\xff\xff\xff\xff\xff\xff\x00\x00\x00\x00\x00\x00\x00\x00\x5f\x79\xfe\xff\xff\xff\xff\xff\xa0\x86\x01\x00\x00\x00\x00\x00\x31\xb3\xff\xff\xff\xff\xff\xff\xce\x4c\x00\x00\x00\x00\x00\x00\x11\x00\x00\xf0\xff\xff\xff\xff\x0e\x00\x00\x00\x00\x00\x00\x00"
    "\x00\xf8\xff\xff\xff\xff\xff\xff\x00\x00\x00\x00\x00\x00\x00\x00\x5f\x79\xfe\xff\xff\xff\xff\xff\xa0\x86\x01\x00\x00\x00\x00\x00\x2c\xb3\xff\xff\xff\xff\xff\xff\xd3\x4c\x00\x00\x00\x00\x00\x00\x0c\x00\x00\xf0\xff\xff\xff\xff\x13\x00\x00\x00\x00\x00\x00\x00"
    "\x00\xf8\xff\xff\xff\xff\xff\xff\x00\x00\x00\x00\x00\x00\x00\x00\x5f\x79\xfe\xff\xff\xff\xff\xff\xa0\x86\x01\x00\x00\x00\x00\x00\x26\xb3\xff\xff\xff\xff\xff\xff\xd9\x4c\x00\x00\x00\x00\x00\x00\x06\x00\x00\xf0\xff\xff\xff\xff\x19\x00\x00\x00\x00\x00\x00\x00"
    "\x00\xf8\xff\xff\xff\xff\xff\xff\x00\x00\x00\x00\x00\x00\x00\x00\x5f\x79\xfe\xff\xff\xff\xff\xff\xa0\x86\x01\x00\x00\x00\x00\x00\x21\xb3\xff\xff\xff\xff\xff\xff\xde\x4c\x00\x00\x00\x00\x00\x00\x01\x00\x00\xf0\xff\xff\xff\xff\x1e\x00\x00\x00\x00\x00\x00\x00"
    "\x00\xf8\xff\xff\xff\xff\xff\xff\x00\x00\x00\x00\x00\x00\x00\x00\x5f\x79\xfe\xff\xff\xff\xff\xff\xa0\x86\x01\x00\x00\x00\x00\x00\x14\xb3\xff\xff\xff\xff\xff\xff\xeb\x4c\x00\x00\x00\x00\x00\x00\x14\x00\x00\xf0\xff\xff\xff\xff\x0b\x00\x00\x00\x00\x00\x00\x00"
    "\x00\xf8\xff\xff\xff\xff\xff\xff\x00\x00\x00\x00\x00\x00\x00\x00\x5f\x79\xfe\xff\xff\xff\xff\xff\xa0\x86\x01\x00\x00\x00\x00\x00\x0f\xb3\xff\xff\xff\xff\xff\xff\xf0\x4c\x00\x00\x00\x00\x00\x00\x0f\x00\x00\xf0\xff\xff\xff\xff\x10\x00\x00\x00\x00\x00\x00\x00"
    "\x00\xf8\xff\xff\xff\xff\xff\xff\x00\x00\x00\x00\x00\x00\x00\x00\x5f\x79\xfe\xff\xff\xff\xff\xff\xa0\x86\x01\x00\x00\x00\x00\x00\x09\xb3\xff\xff\xff\xff\xff\xff\xf6\x4c\x00\x00\x00\x00\x00\x00\x09\x00\x00\xf0\xff\xff\xff\xff\x16\x00\x00\x00\x00\x00\x00\x00"
    "\x00\xf8\xff\xff\xff\xff\xff\xff\x00\x00\x00\x00\x00\x00\x00\x00\x5f\x79\xfe\xff\xff\xff\xff\xff\xa0\x86\x01\x00\x00\x00\x00\x00\x04\xb3\xff\xff\xff\xff\xff\xff\xfb\x4c\x00\x00\x00\x00\x00\x00\x04\x00\x00\xf0\xff\xff\xff\xff\x1b\x00\x00\x00\x00\x00\x00\x00"
    "\x00\xf8\xff\xff\xff\xff\xff\xff\x00\x00\x00\x00\x00\x00\x00\x00\x5f\x79\xfe\xff\xff\xff\xff\xff\xa0\x86\x01\x00\x00\x00\x00\x00\x6e\xb2\xff\xff\xff\xff\xff\xff\x91\x4d\x00\x00\x00\x00\x00\x00\x0e\x00\x00\xf0\xff\xff\xff\xff\x11\x00\x00\x00\x00\x00\x00\x00"
    "\x00\xf8\xff\xff\xff\xff\xff\xff\x00\x00\x00\x00\x00\x00\x00\x00\x5f\x79\xfe\xff\xff\xff\xff\xff\xa0\x86\x01\x00\x00\x00\x00\x00\x69\xb2\xff\xff\xff\xff\xff\xff\x96\x4d\x00\x00\x00\x00\x00\x00\x09\x00\x00\xf0\xff\xff\xff\xff\x16\x00\x00\x00\x00\x00\x00\x00"
    "\x00\xf8\xff\xff\xff\xff\xff\xff\x00\x00\x00\x00\x00\x00\x00\x00\x5f\x79\xfe\xff\xff\xff\xff\xff\xa0\x86\x01\x00\x00\x00\x00\x00\x64\xb2\xff\xff\xff\xff\xff\xff\x9b\x4d\x00\x00\x00\x00\x00\x00\x04\x00\x00\xf0\xff\xff\xff\xff\x1b\x00\x00\x00\x00\x00\x00\x00"
    "\x00\xf8\xff\xff\xff\xff\xff\xff\x00\x00\x00\x00\x00\x00\x00\x00\x5f\x79\xfe\xff\xff\xff\xff\xff\xa0\x86\x01\x00\x00\x00\x00\x00\x5f\xb2\xff\xff\xff\xff\xff\xff\xa0\x4d\x00\x00\x00\x00\x00\x00\x1f\x00\x00\xf0\xff\xff\xff\xff\x00\x00\x00\x00\x00\x00\x00\x00"
    "\x00\xf8\xff\xff\xff\xff\xff\xff\x00\x00\x00\x00\x00\x00\x00\x00\x5f\x79\xfe\xff\xff\xff\xff\xff\xa0\x86\x01\x00\x00\x00\x00\x00\x55\xb2\xff\xff\xff\xff\xff\xff\xaa\x4d\x00\x00\x00\x00\x00\x00\x15\x00\x00\xf0\xff\xff\xff\xff\x0a\x00\x00\x00\x00\x00\x00\x00"
    "\x00\xf8\xff\xff\xff\xff\xff\xff\x00\x00\x00\x00\x00\x00\x00\x00\x5f\x79\xfe\xff\xff\xff\xff\xff\xa0\x86\x01\x00\x00\x00\x00\x00\x4f\xb2\xff\xff\xff\xff\xff\xff\xb0\x4d\x00\x00\x00\x00\x00\x00\x0f\x00\x00\xf0\xff\xff\xff\xff\x10\x00\x00\x00\x00\x00\x00\x00"
    "\x00\xf8\xff\xff\xff\xff\xff\xff\x00\x00\x00\x00\x00\x00\x00\x00\x5f\x79\xfe\xff\xff\xff\xff\xff\xa0\x86\x01\x00\x00\x00\x00\x00\x47\xb2\xff\xff\xff\xff\xff\xff\xb8\x4d\x00\x00\x00\x00\x00\x00\x07\x00\x00\xf0\xff\xff\xff\xff\x18\x00\x00\x00\x00\x00\x00\x00"
    "\x00\xf8\xff\xff\xff\xff\xff\xff\x00\x00\x00\x00\x00\x00\x00\x00\x5f\x79\xfe\xff\xff\xff\xff\xff\xa0\x86\x01\x00\x00\x00\x00\x00\x41\xb2\xff\xff\xff\xff\xff\xff\xbe\x4d\x00\x00\x00\x00\x00\x00\x01\x00\x00\xf0\xff\xff\xff\xff\x1e\x00\x00\x00\x00\x00\x00\x00"
    "\x00\xf8\xff\xff\xff\xff\xff\xff\x00\x00\x00\x00\x00\x00\x00\x00\x5f\x79\xfe\xff\xff\xff\xff\xff\xa0\x86\x01\x00\x00\x00\x00\x00\x3c\xb2\xff\xff\xff\xff\xff\xff\xc3\x4d\x00\x00\x00\x00\x00\x00\x1c\x00\x00\xf0\xff\xff\xff\xff\x03\x00\x00\x00\x00\x00\x00\x00"
    "\x00\xf8\xff\xff\xff\xff\xff\xff\x00\x00\x00\x00\x00\x00\x00\x00\x5f\x79\xfe\xff\xff\xff\xff\xff\xa0\x86\x01\x00\x00\x00\x00\x00\x36\xb2\xff\xff\xff\xff\xff\xff\xc9\x4d\x00\x00\x00\x00\x00\x00\x16\x00\x00\xf0\xff\xff\xff\xff\x09\x00\x00\x00\x00\x00\x00\x00"
    "\x00\xf8\xff\xff\xff\xff\xff\xff\x00\x00\x00\x00\x00\x00\x00\x00\x5f\x79\xfe\xff\xff\xff\xff\xff\xa0\x86\x01\x00\x00\x00\x00\x00\x30\xb2\xff\xff\xff\xff\xff\xff\xcf\x4d\x00\x00\x00\x00\x00\x00\x10\x00\x00\xf0\xff\xff\xff\xff\x0f\x00\x00\x00\x00\x00\x00\x00"
    "\x00\xf8\xff\xff\xff\xff\xff\xff\x00\x00\x00\x00\x00\x00\x00\x00\x5f\x79\xfe\xff\xff\xff\xff\xff\xa0\x86\x01\x00\x00\x00\x00\x00\x2b\xb2\xff\xff\xff\xff\xff\xff\xd4\x4d\x00\x00\x00\x00\x00\x00\x0b\x00\x00\xf0\xff\xff\xff\xff\x14\x00\x00\x00\x00\x00\x00\x00"
    "\x00\xf8\xff\xff\xff\xff\xff\xff\x00\x00\x00\x00\x00\x00\x00\x00\x5f\x79\xfe\xff\xff\xff\xff\xff\xa0\x86\x01\x00\x00\x00\x00\x00\x26\xb2\xff\xff\xff\xff\xff\xff\xd9\x4d\x00\x00\x00\x00\x00\x00\x06\x00\x00\xf0\xff\xff\xff\xff\x19\x00\x00\x00\x00\x00\x00\x00"
    "\x00\xf8\xff\xff\xff\xff\xff\xff\x00\x00\x00\x00\x00\x00\x00\x00\x5f\x79\xfe\xff\xff\xff\xff\xff\xa0\x86\x01\x00\x00\x00\x00\x00\x1d\xb2\xff\xff\xff\xff\xff\xff\xe2\x4d\x00\x00\x00\x00\x00\x00\x1d\x00\x00\xf0\xff\xff\xff\xff\x02\x00\x00\x00\x00\x00\x00\x00"
    "\x00\xf8\xff\xff\xff\xff\xff\xff\x00\x00\x00\x00\x00\x00\x00\x00\x5f\x79\xfe\xff\xff\xff\xff\xff\xa0\x86\x01\x00\x00\x00\x00\x00\x16\xb2\xff\xff\xff\xff\xff\xff\xe9\x4d\x00\x00\x00\x00\x00\x00\x16\x00\x00\xf0\xff\xff\xff\xff\x09\x00\x00\x00\x00\x00\x00\x00"
    "\x00\xf8\xff\xff\xff\xff\xff\xff\x00\x00\x00\x00\x00\x00\x00\x00\x5f\x79\xfe\xff\xff\xff\xff\xff\xa0\x86\x01\x00\x00\x00\x00\x00\x0a\xb2\xff\xff\xff\xff\xff\xff\xf5\x4d\x00\x00\x00\x00\x00\x00\x0a\x00\x00\xf0\xff\xff\xff\xff\x15\x00\x00\x00\x00\x00\x00\x00"
    "\x00\xf8\xff\xff\xff\xff\xff\xff\x00\x00\x00\x00\x00\x00\x00\x00\x5f\x79\xfe\xff\xff\xff\xff\xff\xa0\x86\x01\x00\x00\x00\x00\x00\x02\xb2\xff\xff\xff\xff\xff\xff\xfd\x4d\x00\x00\x00\x00\x00\x00\x02\x00\x00\xf0\xff\xff\xff\xff\x1d\x00\x00\x00\x00\x00\x00\x00"
    "\x00\xf8\xff\xff\xff\xff\xff\xff\x00\x00\x00\x00\x00\x00\x00\x00\x5f\x79\xfe\xff\xff\xff\xff\xff\xa0\x86\x01\x00\x00\x00\x00\x00\xfb\xb1\xff\xff\xff\xff\xff\xff\x04\x4e\x00\x00\x00\x00\x00\x00\x1b\x00\x00\xf0\xff\xff\xff\xff\x04\x00\x00\x00\x00\x00\x00\x00"
    "\x00\xf8\xff\xff\xff\xff\xff\xff\x00\x00\x00\x00\x00\x00\x00\x00\x5f\x79\xfe\xff\xff\xff\xff\xff\xa0\x86\x01\x00\x00\x00\x00\x00\xf4\xb1\xff\xff\xff\xff\xff\xff\x0b\x4e\x00\x00\x00\x00\x00\x00\x14\x00\x00\xf0\xff\xff\xff\xff\x0b\x00\x00\x00\x00\x00\x00\x00"
    "\x00\xf8\xff\xff\xff\xff\xff\xff\x00\x00\x00\x00\x00\x00\x00\x00\x5f\x79\xfe\xff\xff\xff\xff\xff\xa0\x86\x01\x00\x00\x00\x00\x00\xed\xb1\xff\xff\xff\xff\xff\xff\x12\x4e\x00\x00\x00\x00\x00\x00\x0d\x00\x00\xf0\xff\xff\xff\xff\x12\x00\x00\x00\x00\x00\x00\x00"
    "\x00\xf8\xff\xff\xff\xff\xff\xff\x00\x00\x00\x00\x00\x00\x00\x00\x5f\x79\xfe\xff\xff\xff\xff\xff\xa0\x86\x01\x00\x00\x00\x00\x00\xe4\xb1\xff\xff\xff\xff\xff\xff\x1b\x4e\x00\x00\x00\x00\x00\x00\x04\x00\x00\xf0\xff\xff\xff\xff\x1b\x00\x00\x00\x00\x00\x00\x00"
    "\x00\xf8\xff\xff\xff\xff\xff\xff\x00\x00\x00\x00\x00\x00\x00\x00\x5f\x79\xfe\xff\xff\xff\xff\xff\xa0\x86\x01\x00\x00\x00\x00\x00\xdb\xb1\xff\xff\xff\xff\xff\xff\x24\x4e\x00\x00\x00\x00\x00\x00\x1b\x00\x00\xf0\xff\xff\xff\xff\x04\x00\x00\x00\x00\x00\x00\x00"
    "\x00\xf8\xff\xff\xff\xff\xff\xff\x00\x00\x00\x00\x00\x00\x00\x00\x5f\x79\xfe\xff\xff\xff\xff\xff\xa0\x86\x01\x00\x00\x00\x00\x00\xd2\xb1\xff\xff\xff\xff\xff\xff\x2d\x4e\x00\x00\x00\x00\x00\x00\x12\x00\x00\xf0\xff\xff\xff\xff\x0d\x00\x00\x00\x00\x00\x00\x00"
    "\x00\xf8\xff\xff\xff\xff\xff\xff\x00\x00\x00\x00\x00\x00\x00\x00\x5f\x79\xfe\xff\xff\xff\xff\xff\xa0\x86\x01\x00\x00\x00\x00\x00\xc5\xb1\xff\xff\xff\xff\xff\xff\x3a\x4e\x00\x00\x00\x00\x00\x00\x05\x00\x00\xf0\xff\xff\xff\xff\x1a\x00\x00\x00\x00\x00\x00\x00"
    "\x00\xf8\xff\xff\xff\xff\xff\xff\x00\x00\x00\x00\x00\x00\x00\x00\x5f\x79\xfe\xff\xff\xff\xff\xff\xa0\x86\x01\x00\x00\x00\x00\x00\xbe\xb1\xff\xff\xff\xff\xff\xff\x41\x4e\x00\x00\x00\x00\x00\x00\x1e\x00\x00\xf0\xff\xff\xff\xff\x01\x00\x00\x00\x00\x00\x00\x00"
    "\x00\xf8\xff\xff\xff\xff\xff\xff\x00\x00\x00\x00\x00\x00\x00\x00\x5f\x79\xfe\xff\xff\xff\xff\xff\xa0\x86\x01\x00\x00\x00\x00\x00\xb6\xb1\xff\xff\xff\xff\xff\xff\x49\x4e\x00\x00\x00\x00\x00\x00\x16\x00\x00\xf0\xff\xff\xff\xff\x09\x00\x00\x00\x00\x00\x00\x00"
    "\x00\xf8\xff\xff\xff\xff\xff\xff\x00\x00\x00\x00\x00\x00\x00\x00\x5f\x79\xfe\xff\xff\xff\xff\xff\xa0\x86\x01\x00\x00\x00\x00\x00\xb0\xb1\xff\xff\xff\xff\xff\xff\x4f\x4e\x00\x00\x00\x00\x00\x00\x10\x00\x00\xf0\xff\xff\xff\xff\x0f\x00\x00\x00\x00\x00\x00\x00"
    "\x00\xf8\xff\xff\xff\xff\xff\xff\x00\x00\x00\x00\x00\x00\x00\x00\x5f\x79\xfe\xff\xff\xff\xff\xff\xa0\x86\x01\x00\x00\x00\x00\x00\xa9\xb1\xff\xff\xff\xff\xff\xff\x56\x4e\x00\x00\x00\x00\x00\x00\x09\x00\x00\xf0\xff\xff\xff\xff\x16\x00\x00\x00\x00\x00\x00\x00"
    "\x00\xf8\xff\xff\xff\xff\xff\xff\x00\x00\x00\x00\x00\x00\x00\x00\x5f\x79\xfe\xff\xff\xff\xff\xff\xa0\x86\x01\x00\x00\x00\x00\x00\x9f\xb1\xff\xff\xff\xff\xff\xff\x60\x4e\x00\x00\x00\x00\x00\x00\x1f\x00\x00\xf0\xff\xff\xff\xff\x00\x00\x00\x00\x00\x00\x00\x00"
    "\x00\xf8\xff\xff\xff\xff\xff\xff\x00\x00\x00\x00\x00\x00\x00\x00\x5f\x79\xfe\xff\xff\xff\xff\xff\xa0\x86\x01\x00\x00\x00\x00\x00\x99\xb1\xff\xff\xff\xff\xff\xff\x66\x4e\x00\x00\x00\x00\x00\x00\x19\x00\x00\xf0\xff\xff\xff\xff\x06\x00\x00\x00\x00\x00\x00\x00"
    "\x00\xf8\xff\xff\xff\xff\xff\xff\x00\x00\x00\x00\x00\x00\x00\x00\x5f\x79\xfe\xff\xff\xff\xff\xff\xa0\x86\x01\x00\x00\x00\x00\x00\x8f\xb1\xff\xff\xff\xff\xff\xff\x70\x4e\x00\x00\x00\x00\x00\x00\x0f\x00\x00\xf0\xff\xff\xff\xff\x10\x00\x00\x00\x00\x00\x00\x00"
    "\x00\xf8\xff\xff\xff\xff\xff\xff\x00\x00\x00\x00\x00\x00\x00\x00\x5f\x79\xfe\xff\xff\xff\xff\xff\xa0\x86\x01\x00\x00\x00\x00\x00\x89\xb1\xff\xff\xff\xff\xff\xff\x76\x4e\x00\x00\x00\x00\x00\x00\x09\x00\x00\xf0\xff\xff\xff\xff\x16\x00\x00\x00\x00\x00\x00\x00"
    "\x00\xf8\xff\xff\xff\xff\xff\xff\x00\x00\x00\x00\x00\x00\x00\x00\x5f\x79\xfe\xff\xff\xff\xff\xff\xa0\x86\x01\x00\x00\x00\x00\x00\x34\xb1\xff\xff\xff\xff\xff\xff\xcb\x4e\x00\x00\x00\x00\x00\x00\x14\x00\x00\xf0\xff\xff\xff\xff\x0b\x00\x00\x00\x00\x00\x00\x00"
    "\x00\xf8\xff\xff\xff\xff\xff\xff\x00\x00\x00\x00\x00\x00\x00\x00\x5f\x79\xfe\xff\xff\xff\xff\xff\xa0\x86\x01\x00\x00\x00\x00\x00\x1f\xb1\xff\xff\xff\xff\xff\xff\xe0\x4e\x00\x00\x00\x00\x00\x00\x1f\x00\x00\xf0\xff\xff\xff\xff\x00\x00\x00\x00\x00\x00\x00\x00"
    "\x00\xf8\xff\xff\xff\xff\xff\xff\x00\x00\x00\x00\x00\x00\x00\x00\x5f\x79\xfe\xff\xff\xff\xff\xff\xa0\x86\x01\x00\x00\x00\x00\x00\x0d\xb1\xff\xff\xff\xff\xff\xff\xf2\x4e\x00\x00\x00\x00\x00\x00\x0d\x00\x00\xf0\xff\xff\xff\xff\x12\x00\x00\x00\x00\x00\x00\x00"
    "\x00\xf8\xff\xff\xff\xff\xff\xff\x00\x00\x00\x00\x00\x00\x00\x00\x5f\x79\xfe\xff\xff\xff\xff\xff\xa0\x86\x01\x00\x00\x00\x00\x00\xfd\xb0\xff\xff\xff\xff\xff\xff\x02\x4f\x00\x00\x00\x00\x00\x00\x1d\x00\x00\xf0\xff\xff\xff\xff\x02\x00\x00\x00\x00\x00\x00\x00"
    "\x00\xf8\xff\xff\xff\xff\xff\xff\x00\x00\x00\x00\x00\x00\x00\x00\x5f\x79\xfe\xff\xff\xff\xff\xff\xa0\x86\x01\x00\x00\x00\x00\x00\xcf\xb0\xff\xff\xff\xff\xff\xff\x30\x4f\x00\x00\x00\x00\x00\x00\x0f\x00\x00\xf0\xff\xff\xff\xff\x10\x00\x00\x00\x00\x00\x00\x00"
    "\x00\xf8\xff\xff\xff\xff\xff\xff\x00\x00\x00\x00\x00\x00\x00\x00\x5f\x79\xfe\xff\xff\xff\xff\xff\xa0\x86\x01\x00\x00\x00\x00\x00\xc0\xb0\xff\xff\xff\xff\xff\xff\x3f\x4f\x00\x00\x00\x00\x00\x00\x00\x00\x00\xf0\xff\xff\xff\xff\x1f\x00\x00\x00\x00\x00\x00\x00"
    "\x00\xf8\xff\xff\xff\xff\xff\xff\x00\x00\x00\x00\x00\x00\x00\x00\x5f\x79\xfe\xff\xff\xff\xff\xff\xa0\x86\x01\x00\x00\x00\x00\x00\xa8\xb0\xff\xff\xff\xff\xff\xff\x57\x4f\x00\x00\x00\x00\x00\x00\x08\x00\x00\xf0\xff\xff\xff\xff\x17\x00\x00\x00\x00\x00\x00\x00"
    "\x00\xf8\xff\xff\xff\xff\xff\xff\x00\x00\x00\x00\x00\x00\x00\x00\x5f\x79\xfe\xff\xff\xff\xff\xff\xa0\x86\x01\x00\x00\x00\x00\x00\x99\xb0\xff\xff\xff\xff\xff\xff\x66\x4f\x00\x00\x00\x00\x00\x00\x19\x00\x00\xf0\xff\xff\xff\xff\x06\x00\x00\x00\x00\x00\x00\x00"
    "\x00\xf8\xff\xff\xff\xff\xff\xff\x00\x00\x00\x00\x00\x00\x00\x00\x5f\x79\xfe\xff\xff\xff\xff\xff\xa0\x86\x01\x00\x00\x00\x00\x00\x89\xb0\xff\xff\xff\xff\xff\xff\x76\x4f\x00\x00\x00\x00\x00\x00\x09\x00\x00\xf0\xff\xff\xff\xff\x16\x00\x00\x00\x00\x00\x00\x00"
    "\x00\xf8\xff\xff\xff\xff\xff\xff\x00\x00\x00\x00\x00\x00\x00\x00\x5f\x79\xfe\xff\xff\xff\xff\xff\xa0\x86\x01\x00\x00\x00\x00\x00\x74\xb0\xff\xff\xff\xff\xff\xff\x8b\x4f\x00\x00\x00\x00\x00\x00\x14\x00\x00\xf0\xff\xff\xff\xff\x0b\x00\x00\x00\x00\x00\x00\x00"
    "\x00\xf8\xff\xff\xff\xff\xff\xff\x00\x00\x00\x00\x00\x00\x00\x00\x5f\x79\xfe\xff\xff\xff\xff\xff\xa0\x86\x01\x00\x00\x00\x00\x00\x67\xb0\xff\xff\xff\xff\xff\xff\x98\x4f\x00\x00\x00\x00\x00\x00\x07\x00\x00\xf0\xff\xff\xff\xff\x18\x00\x00\x00\x00\x00\x00\x00"
    "\x00\xf8\xff\xff\xff\xff\xff\xff\x00\x00\x00\x00\x00\x00\x00\x00\x5f\x79\xfe\xff\xff\xff\xff\xff\xa0\x86\x01\x00\x00\x00\x00\x00\x59\xb0\xff\xff\xff\xff\xff\xff\xa6\x4f\x00\x00\x00\x00\x00\x00\x19\x00\x00\xf0\xff\xff\xff\xff\x06\x00\x00\x00\x00\x00\x00\x00"
    "\x00\xf8\xff\xff\xff\xff\xff\xff\x00\x00\x00\x00\x00\x00\x00\x00\x5f\x79\xfe\xff\xff\xff\xff\xff\xa0\x86\x01\x00\x00\x00\x00\x00\x4b\xb0\xff\xff\xff\xff\xff\xff\xb4\x4f\x00\x00\x00\x00\x00\x00\x0b\x00\x00\xf0\xff\xff\xff\xff\x14\x00\x00\x00\x00\x00\x00\x00"
    "\x00\xf8\xff\xff\xff\xff\xff\xff\x00\x00\x00\x00\x00\x00\x00\x00\x5f\x79\xfe\xff\xff\xff\xff\xff\xa0\x86\x01\x00\x00\x00\x00\x00\x37\xb0\xff\xff\xff\xff\xff\xff\xc8\x4f\x00\x00\x00\x00\x00\x00\x17\x00\x00\xf0\xff\xff\xff\xff\x08\x00\x00\x00\x00\x00\x00\x00"
    "\x00\xf8\xff\xff\xff\xff\xff\xff\x00\x00\x00\x00\x00\x00\x00\x00\x5f\x79\xfe\xff\xff\xff\xff\xff\xa0\x86\x01\x00\x00\x00\x00\x00\x22\xb0\xff\xff\xff\xff\xff\xff\xdd\x4f\x00\x00\x00\x00\x00\x00\x02\x00\x00\xf0\xff\xff\xff\xff\x1d\x00\x00\x00\x00\x00\x00\x00"
    "\x00\xf8\xff\xff\xff\xff\xff\xff\x00\x00\x00\x00\x00\x00\x00\x00\x5f\x79\xfe\xff\xff\xff\xff\xff\xa0\x86\x01\x00\x00\x00\x00\x00\xaa\xab\xff\xff\xff\xff\xff\xff\x55\x54\x00\x00\x00\x00\x00\x00\x0a\x00\x00\xf0\xff\xff\xff\xff\x15\x00\x00\x00\x00\x00\x00\x00"
    "\x00\xf8\xff\xff\xff\xff\xff\xff\x00\x00\x00\x00\x00\x00\x00\x00\x5f\x79\xfe\xff\xff\xff\xff\xff\xa0\x86\x01\x00\x00\x00\x00\x00\x9b\xab\xff\xff\xff\xff\xff\xff\x64\x54\x00\x00\x00\x00\x00\x00\x1b\x00\x00\xf0\xff\xff\xff\xff\x04\x00\x00\x00\x00\x00\x00\x00"
    "\x00\xf8\xff\xff\xff\xff\xff\xff\x00\x00\x00\x00\x00\x00\x00\x00\x5f\x79\xfe\xff\xff\xff\xff\xff\xa0\x86\x01\x00\x00\x00\x00\x00\x86\xab\xff\xff\xff\xff\xff\xff\x79\x54\x00\x00\x00\x00\x00\x00\x06\x00\x00\xf0\xff\xff\xff\xff\x19\x00\x00\x00\x00\x00\x00\x00"
    "\x00\xf8\xff\xff\xff\xff\xff\xff\x00\x00\x00\x00\x00\x00\x00\x00\x5f\x79\xfe\xff\xff\xff\xff\xff\xa0\x86\x01\x00\x00\x00\x00\x00\x77\xab\xff\xff\xff\xff\xff\xff\x88\x54\x00\x00\x00\x00\x00\x00\x17\x00\x00\xf0\xff\xff\xff\xff\x08\x00\x00\x00\x00\x00\x00\x00"
    "\x00\xf8\xff\xff\xff\xff\xff\xff\x00\x00\x00\x00\x00\x00\x00\x00\x5f\x79\xfe\xff\xff\xff\xff\xff\xa0\x86\x01\x00\x00\x00\x00\x00\x64\xab\xff\xff\xff\xff\xff\xff\x9b\x54\x00\x00\x00\x00\x00\x00\x04\x00\x00\xf0\xff\xff\xff\xff\x1b\x00\x00\x00\x00\x00\x00\x00"
    "\x00\xf8\xff\xff\xff\xff\xff\xff\x00\x00\x00\x00\x00\x00\x00\x00\x5f\x79\xfe\xff\xff\xff\xff\xff\xa0\x86\x01\x00\x00\x00\x00\x00\x4e\xab\xff\xff\xff\xff\xff\xff\xb1\x54\x00\x00\x00\x00\x00\x00\x0e\x00\x00\xf0\xff\xff\xff\xff\x11\x00\x00\x00\x00\x00\x00\x00"
    "\x00\xf8\xff\xff\xff\xff\xff\xff\x00\x00\x00\x00\x00\x00\x00\x00\x5f\x79\xfe\xff\xff\xff\xff\xff\xa0\x86\x01\x00\x00\x00\x00\x00\x29\xab\xff\xff\xff\xff\xff\xff\xd6\x54\x00\x00\x00\x00\x00\x00\x09\x00\x00\xf0\xff\xff\xff\xff\x16\x00\x00\x00\x00\x00\x00\x00"
    "\x00\xf8\xff\xff\xff\xff\xff\xff\x00\x00\x00\x00\x00\x00\x00\x00\x5f\x79\xfe\xff\xff\xff\xff\xff\xa0\x86\x01\x00\x00\x00\x00\x00\x1a\xab\xff\xff\xff\xff\xff\xff\xe5\x54\x00\x00\x00\x00\x00\x00\x1a\x00\x00\xf0\xff\xff\xff\xff\x05\x00\x00\x00\x00\x00\x00\x00"
    "\x00\xf8\xff\xff\xff\xff\xff\xff\x00\x00\x00\x00\x00\x00\x00\x00\x5f\x79\xfe\xff\xff\xff\xff\xff\xa0\x86\x01\x00\x00\x00\x00\x00\x05\xab\xff\xff\xff\xff\xff\xff\xfa\x54\x00\x00\x00\x00\x00\x00\x05\x00\x00\xf0\xff\xff\xff\xff\x1a\x00\x00\x00\x00\x00\x00\x00"
    "\x00\xf8\xff\xff\xff\xff\xff\xff\x00\x00\x00\x00\x00\x00\x00\x00\x5f\x79\xfe\xff\xff\xff\xff\xff\xa0\x86\x01\x00\x00\x00\x00\x00\xda\xaa\xff\xff\xff\xff\xff\xff\x25\x55\x00\x00\x00\x00\x00\x00\x1a\x00\x00\xf0\xff\xff\xff\xff\x05\x00\x00\x00\x00\x00\x00\x00"
    "\x00\xf8\xff\xff\xff\xff\xff\xff\x00\x00\x00\x00\x00\x00\x00\x00\x5f\x79\xfe\xff\xff\xff\xff\xff\xa0\x86\x01\x00\x00\x00\x00\x00\xcb\xaa\xff\xff\xff\xff\xff\xff\x34\x55\x00\x00\x00\x00\x00\x00\x0b\x00\x00\xf0\xff\xff\xff\xff\x14\x00\x00\x00\x00\x00\x00\x00"
    "\x00\xf8\xff\xff\xff\xff\xff\xff\x00\x00\x00\x00\x00\x00\x00\x00\x5f\x79\xfe\xff\xff\xff\xff\xff\xa0\x86\x01\x00\x00\x00\x00\x00\xb5\xaa\xff\xff\xff\xff\xff\xff\x4a\x55\x00\x00\x00\x00\x00\x00\x15\x00\x00\xf0\xff\xff\xff\xff\x0a\x00\x00\x00\x00\x00\x00\x00"
    "\x00\xf8\xff\xff\xff\xff\xff\xff\x00\x00\x00\x00\x00\x00\x00\x00\x5f\x79\xfe\xff\xff\xff\xff\xff\xa0\x86\x01\x00\x00\x00\x00\x00\xa6\xaa\xff\xff\xff\xff\xff\xff\x59\x55\x00\x00\x00\x00\x00\x00\x06\x00\x00\xf0\xff\xff\xff\xff\x19\x00\x00\x00\x00\x00\x00\x00"
    "\x00\xf8\xff\xff\xff\xff\xff\xff\x00\x00\x00\x00\x00\x00\x00\x00\x5f\x79\xfe\xff\xff\xff\xff\xff\xa0\x86\x01\x00\x00\x00\x00\x00\x31\xaa\xff\xff\xff\xff\xff\xff\xce\x55\x00\x00\x00\x00\x00\x00\x11\x00\x00\xf0\xff\xff\xff\xff\x0e\x00\x00\x00\x00\x00\x00\x00"
    "\x00\xf8\xff\xff\xff\xff\xff\xff\x00\x00\x00\x00\x00\x00\x00\x00\x5f\x79\xfe\xff\xff\xff\xff\xff\xa0\x86\x01\x00\x00\x00\x00\x00\xf9\xa9\xff\xff\xff\xff\xff\xff\x06\x56\x00\x00\x00\x00\x00\x00\x19\x00\x00\xf0\xff\xff\xff\xff\x06\x00\x00\x00\x00\x00\x00\x00"
    "\x00\xf8\xff\xff\xff\xff\xff\xff\x00\x00\x00\x00\x00\x00\x00\x00\x5f\x79\xfe\xff\xff\xff\xff\xff\xa0\x86\x01\x00\x00\x00\x00\x00\xf8\xa9\xff\xff\xff\xff\xff\xff\x07\x56\x00\x00\x00\x00\x00\x00\x18\x00\x00\xf0\xff\xff\xff\xff\x07\x00\x00\x00\x00\x00\x00\x00"
    "\x00\xf8\xff\xff\xff\xff\xff\xff\x00\x00\x00\x00\x00\x00\x00\x00\x5f\x79\xfe\xff\xff\xff\xff\xff\xa0\x86\x01\x00\x00\x00\x00\x00\xf2\xa9\xff\xff\xff\xff\xff\xff\x0d\x56\x00\x00\x00\x00\x00\x00\x12\x00\x00\xf0\xff\xff\xff\xff\x0d\x00\x00\x00\x00\x00\x00\x00"
    "\x00\xf8\xff\xff\xff\xff\xff\xff\x00\x00\x00\x00\x00\x00\x00\x00\x5f\x79\xfe\xff\xff\xff\xff\xff\xa0\x86\x01\x00\x00\x00\x00\x00\xea\xa9\xff\xff\xff\xff\xff\xff\x15\x56\x00\x00\x00\x00\x00\x00\x0a\x00\x00\xf0\xff\xff\xff\xff\x15\x00\x00\x00\x00\x00\x00\x00"
    "\x00\xf8\xff\xff\xff\xff\xff\xff\x00\x00\x00\x00\x00\x00\x00\x00\x5f\x79\xfe\xff\xff\xff\xff\xff\xa0\x86\x01\x00\x00\x00\x00\x00\xe6\xa9\xff\xff\xff\xff\xff\xff\x19\x56\x00\x00\x00\x00\x00\x00\x06\x00\x00\xf0\xff\xff\xff\xff\x19\x00\x00\x00\x00\x00\x00\x00"
    "\x00\xf8\xff\xff\xff\xff\xff\xff\x00\x00\x00\x00\x00\x00\x00\x00\x5f\x79\xfe\xff\xff\xff\xff\xff\xa0\x86\x01\x00\x00\x00\x00\x00\xcb\xa9\xff\xff\xff\xff\xff\xff\x34\x56\x00\x00\x00\x00\x00\x00\x0b\x00\x00\xf0\xff\xff\xff\xff\x14\x00\x00\x00\x00\x00\x00\x00"
    "\x00\xf8\xff\xff\xff\xff\xff\xff\x00\x00\x00\x00\x00\x00\x00\x00\x5f\x79\xfe\xff\xff\xff\xff\xff\xa0\x86\x01\x00\x00\x00\x00\x00\xb1\xa9\xff\xff\xff\xff\xff\xff\x4e\x56\x00\x00\x00\x00\x00\x00\x11\x00\x00\xf0\xff\xff\xff\xff\x0e\x00\x00\x00\x00\x00\x00\x00"
    "\x00\xf8\xff\xff\xff\xff\xff\xff\x00\x00\x00\x00\x00\x00\x00\x00\x5f\x79\xfe\xff\xff\xff\xff\xff\xa0\x86\x01\x00\x00\x00\x00\x00\xa9\xa9\xff\xff\xff\xff\xff\xff\x56\x56\x00\x00\x00\x00\x00\x00\x09\x00\x00\xf0\xff\xff\xff\xff\x16\x00\x00\x00\x00\x00\x00\x00"
    "\x00\xf8\xff\xff\xff\xff\xff\xff\x00\x00\x00\x00\x00\x00\x00\x00\x5f\x79\xfe\xff\xff\xff\xff\xff\xa0\x86\x01\x00\x00\x00\x00\x00\x9a\xa9\xff\xff\xff\xff\xff\xff\x65\x56\x00\x00\x00\x00\x00\x00\x1a\x00\x00\xf0\xff\xff\xff\xff\x05\x00\x00\x00\x00\x00\x00\x00"
    "\x00\xf8\xff\xff\xff\xff\xff\xff\x00\x00\x00\x00\x00\x00\x00\x00\x5f\x79\xfe\xff\xff\xff\xff\xff\xa0\x86\x01\x00\x00\x00\x00\x00\x8a\xa9\xff\xff\xff\xff\xff\xff\x75\x56\x00\x00\x00\x00\x00\x00\x0a\x00\x00\xf0\xff\xff\xff\xff\x15\x00\x00\x00\x00\x00\x00\x00"
    "\x00\xf8\xff\xff\xff\xff\xff\xff\x00\x00\x00\x00\x00\x00\x00\x00\x5f\x79\xfe\xff\xff\xff\xff\xff\xa0\x86\x01\x00\x00\x00\x00\x00\x78\xa9\xff\xff\xff\xff\xff\xff\x87\x56\x00\x00\x00\x00\x00\x00\x18\x00\x00\xf0\xff\xff\xff\xff\x07\x00\x00\x00\x00\x00\x00\x00"
    "\x00\xf8\xff\xff\xff\xff\xff\xff\x00\x00\x00\x00\x00\x00\x00\x00\x5f\x79\xfe\xff\xff\xff\xff\xff\xa0\x86\x01\x00\x00\x00\x00\x00\x6c\xa7\xff\xff\xff\xff\xff\xff\x93\x58\x00\x00\x00\x00\x00\x00\x0c\x00\x00\xf0\xff\xff\xff\xff\x13\x00\x00\x00\x00\x00\x00\x00"
    "\x00\xf8\xff\xff\xff\xff\xff\xff\x00\x00\x00\x00\x00\x00\x00\x00\x5f\x79\xfe\xff\xff\xff\xff\xff\xa0\x86\x01\x00\x00\x00\x00\x00\x69\xa7\xff\xff\xff\xff\xff\xff\x96\x58\x00\x00\x00\x00\x00\x00\x09\x00\x00\xf0\xff\xff\xff\xff\x16\x00\x00\x00\x00\x00\x00\x00"
    "\x00\xf8\xff\xff\xff\xff\xff\xff\x00\x00\x00\x00\x00\x00\x00\x00\x5f\x79\xfe\xff\xff\xff\xff\xff\xa0\x86\x01\x00\x00\x00\x00\x00\x66\xa7\xff\xff\xff\xff\xff\xff\x99\x58\x00\x00\x00\x00\x00\x00\x06\x00\x00\xf0\xff\xff\xff\xff\x19\x00\x00\x00\x00\x00\x00\x00"
    "\x00\xf8\xff\xff\xff\xff\xff\xff\x00\x00\x00\x00\x00\x00\x00\x00\x5f\x79\xfe\xff\xff\xff\xff\xff\xa0\x86\x01\x00\x00\x00\x00\x00\x63\xa7\xff\xff\xff\xff\xff\xff\x9c\x58\x00\x00\x00\x00\x00\x00\x03\x00\x00\xf0\xff\xff\xff\xff\x1c\x00\x00\x00\x00\x00\x00\x00"
    "\x00\xf8\xff\xff\xff\xff\xff\xff\x00\x00\x00\x00\x00\x00\x00\x00\x5f\x79\xfe\xff\xff\xff\xff\xff\xa0\x86\x01\x00\x00\x00\x00\x00\x60\xa7\xff\xff\xff\xff\xff\xff\x9f\x58\x00\x00\x00\x00\x00\x00\x00\x00\x00\xf0\xff\xff\xff\xff\x1f\x00\x00\x00\x00\x00\x00\x00"
    "\x00\xf8\xff\xff\xff\xff\xff\xff\x00\x00\x00\x00\x00\x00\x00\x00\x5f\x79\xfe\xff\xff\xff\xff\xff\xa0\x86\x01\x00\x00\x00\x00\x00\x5d\xa7\xff\xff\xff\xff\xff\xff\xa2\x58\x00\x00\x00\x00\x00\x00\x1d\x00\x00\xf0\xff\xff\xff\xff\x02\x00\x00\x00\x00\x00\x00\x00"
    "\x00\xf8\xff\xff\xff\xff\xff\xff\x00\x00\x00\x00\x00\x00\x00\x00\x5f\x79\xfe\xff\xff\xff\xff\xff\xa0\x86\x01\x00\x00\x00\x00\x00\x59\xa7\xff\xff\xff\xff\xff\xff\xa6\x58\x00\x00\x00\x00\x00\x00\x19\x00\x00\xf0\xff\xff\xff\xff\x06\x00\x00\x00\x00\x00\x00\x00"
    "\x00\xf8\xff\xff\xff\xff\xff\xff\x00\x00\x00\x00\x00\x00\x00\x00\x5f\x79\xfe\xff\xff\xff\xff\xff\xa0\x86\x01\x00\x00\x00\x00\x00\x55\xa7\xff\xff\xff\xff\xff\xff\xaa\x58\x00\x00\x00\x00\x00\x00\x15\x00\x00\xf0\xff\xff\xff\xff\x0a\x00\x00\x00\x00\x00\x00\x00"
    "\x00\xf8\xff\xff\xff\xff\xff\xff\x00\x00\x00\x00\x00\x00\x00\x00\x5f\x79\xfe\xff\xff\xff\xff\xff\xa0\x86\x01\x00\x00\x00\x00\x00\x4f\xa7\xff\xff\xff\xff\xff\xff\xb0\x58\x00\x00\x00\x00\x00\x00\x0f\x00\x00\xf0\xff\xff\xff\xff\x10\x00\x00\x00\x00\x00\x00\x00"
    "\x00\xf8\xff\xff\xff\xff\xff\xff\x00\x00\x00\x00\x00\x00\x00\x00\x5f\x79\xfe\xff\xff\xff\xff\xff\xa0\x86\x01\x00\x00\x00\x00\x00\x4b\xa7\xff\xff\xff\xff\xff\xff\xb4\x58\x00\x00\x00\x00\x00\x00\x0b\x00\x00\xf0\xff\xff\xff\xff\x14\x00\x00\x00\x00\x00\x00\x00"
    "\x00\xf8\xff\xff\xff\xff\xff\xff\x00\x00\x00\x00\x00\x00\x00\x00\x5f\x79\xfe\xff\xff\xff\xff\xff\xa0\x86\x01\x00\x00\x00\x00\x00\x43\xa7\xff\xff\xff\xff\xff\xff\xbc\x58\x00\x00\x00\x00\x00\x00\x03\x00\x00\xf0\xff\xff\xff\xff\x1c\x00\x00\x00\x00\x00\x00\x00"
    "\x00\xf8\xff\xff\xff\xff\xff\xff\x00\x00\x00\x00\x00\x00\x00\x00\x5f\x79\xfe\xff\xff\xff\xff\xff\xa0\x86\x01\x00\x00\x00\x00\x00\x3f\xa7\xff\xff\xff\xff\xff\xff\xc0\x58\x00\x00\x00\x00\x00\x00\x1f\x00\x00\xf0\xff\xff\xff\xff\x00\x00\x00\x00\x00\x00\x00\x00"
    "\x00\xf8\xff\xff\xff\xff\xff\xff\x00\x00\x00\x00\x00\x00\x00\x00\x5f\x79\xfe\xff\xff\xff\xff\xff\xa0\x86\x01\x00\x00\x00\x00\x00\x3a\xa7\xff\xff\xff\xff\xff\xff\xc5\x58\x00\x00\x00\x00\x00\x00\x1a\x00\x00\xf0\xff\xff\xff\xff\x05\x00\x00\x00\x00\x00\x00\x00"
    "\x00\xf8\xff\xff\xff\xff\xff\xff\x00\x00\x00\x00\x00\x00\x00\x00\x5f\x79\xfe\xff\xff\xff\xff\xff\xa0\x86\x01\x00\x00\x00\x00\x00\x36\xa7\xff\xff\xff\xff\xff\xff\xc9\x58\x00\x00\x00\x00\x00\x00\x16\x00\x00\xf0\xff\xff\xff\xff\x09\x00\x00\x00\x00\x00\x00\x00"
    "\x00\xf8\xff\xff\xff\xff\xff\xff\x00\x00\x00\x00\x00\x00\x00\x00\x5f\x79\xfe\xff\xff\xff\xff\xff\xa0\x86\x01\x00\x00\x00\x00\x00\x32\xa7\xff\xff\xff\xff\xff\xff\xcd\x58\x00\x00\x00\x00\x00\x00\x12\x00\x00\xf0\xff\xff\xff\xff\x0d\x00\x00\x00\x00\x00\x00\x00"
    "\x00\xf8\xff\xff\xff\xff\xff\xff\x00\x00\x00\x00\x00\x00\x00\x00\x5f\x79\xfe\xff\xff\xff\xff\xff\xa0\x86\x01\x00\x00\x00\x00\x00\x2d\xa7\xff\xff\xff\xff\xff\xff\xd2\x58\x00\x00\x00\x00\x00\x00\x0d\x00\x00\xf0\xff\xff\xff\xff\x12\x00\x00\x00\x00\x00\x00\x00"
    "\x00\xf8\xff\xff\xff\xff\xff\xff\x00\x00\x00\x00\x00\x00\x00\x00\x5f\x79\xfe\xff\xff\xff\xff\xff\xa0\x86\x01\x00\x00\x00\x00\x00\x27\xa7\xff\xff\xff\xff\xff\xff\xd8\x58\x00\x00\x00\x00\x00\x00\x07\x00\x00\xf0\xff\xff\xff\xff\x18\x00\x00\x00\x00\x00\x00\x00"
    "\x00\xf8\xff\xff\xff\xff\xff\xff\x00\x00\x00\x00\x00\x00\x00\x00\x5f\x79\xfe\xff\xff\xff\xff\xff\xa0\x86\x01\x00\x00\x00\x00\x00\xdf\xa6\xff\xff\xff\xff\xff\xff\x20\x59\x00\x00\x00\x00\x00\x00\x1f\x00\x00\xf0\xff\xff\xff\xff\x00\x00\x00\x00\x00\x00\x00\x00"
    "\x00\xf8\xff\xff\xff\xff\xff\xff\x00\x00\x00\x00\x00\x00\x00\x00\x5f\x79\xfe\xff\xff\xff\xff\xff\xa0\x86\x01\x00\x00\x00\x00\x00\xd9\xa6\xff\xff\xff\xff\xff\xff\x26\x59\x00\x00\x00\x00\x00\x00\x19\x00\x00\xf0\xff\xff\xff\xff\x06\x00\x00\x00\x00\x00\x00\x00"
    "\x00\xf8\xff\xff\xff\xff\xff\xff\x00\x00\x00\x00\x00\x00\x00\x00\x5f\x79\xfe\xff\xff\xff\xff\xff\xa0\x86\x01\x00\x00\x00\x00\x00\xd4\xa6\xff\xff\xff\xff\xff\xff\x2b\x59\x00\x00\x00\x00\x00\x00\x14\x00\x00\xf0\xff\xff\xff\xff\x0b\x00\x00\x00\x00\x00\x00\x00"
    "\x00\xf8\xff\xff\xff\xff\xff\xff\x00\x00\x00\x00\x00\x00\x00\x00\x5f\x79\xfe\xff\xff\xff\xff\xff\xa0\x86\x01\x00\x00\x00\x00\x00\xd0\xa6\xff\xff\xff\xff\xff\xff\x2f\x59\x00\x00\x00\x00\x00\x00\x10\x00\x00\xf0\xff\xff\xff\xff\x0f\x00\x00\x00\x00\x00\x00\x00"
    "\x00\xf8\xff\xff\xff\xff\xff\xff\x00\x00\x00\x00\x00\x00\x00\x00\x5f\x79\xfe\xff\xff\xff\xff\xff\xa0\x86\x01\x00\x00\x00\x00\x00\xcc\xa6\xff\xff\xff\xff\xff\xff\x33\x59\x00\x00\x00\x00\x00\x00\x0c\x00\x00\xf0\xff\xff\xff\xff\x13\x00\x00\x00\x00\x00\x00\x00"
    "\x00\xf8\xff\xff\xff\xff\xff\xff\x00\x00\x00\x00\x00\x00\x00\x00\x5f\x79\xfe\xff\xff\xff\xff\xff\xa0\x86\x01\x00\x00\x00\x00\x00\xc8\xa6\xff\xff\xff\xff\xff\xff\x37\x59\x00\x00\x00\x00\x00\x00\x08\x00\x00\xf0\xff\xff\xff\xff\x17\x00\x00\x00\x00\x00\x00\x00"
    "\x00\xf8\xff\xff\xff\xff\xff\xff\x00\x00\x00\x00\x00\x00\x00\x00\x5f\x79\xfe\xff\xff\xff\xff\xff\xa0\x86\x01\x00\x00\x00\x00\x00\xc4\xa6\xff\xff\xff\xff\xff\xff\x3b\x59\x00\x00\x00\x00\x00\x00\x04\x00\x00\xf0\xff\xff\xff\xff\x1b\x00\x00\x00\x00\x00\x00\x00"
    "\x00\xf8\xff\xff\xff\xff\xff\xff\x00\x00\x00\x00\x00\x00\x00\x00\x5f\x79\xfe\xff\xff\xff\xff\xff\xa0\x86\x01\x00\x00\x00\x00\x00\xc0\xa6\xff\xff\xff\xff\xff\xff\x3f\x59\x00\x00\x00\x00\x00\x00\x00\x00\x00\xf0\xff\xff\xff\xff\x1f\x00\x00\x00\x00\x00\x00\x00"
    "\x00\xf8\xff\xff\xff\xff\xff\xff\x00\x00\x00\x00\x00\x00\x00\x00\x5f\x79\xfe\xff\xff\xff\xff\xff\xa0\x86\x01\x00\x00\x00\x00\x00\x48\xa6\xff\xff\xff\xff\xff\xff\xb7\x59\x00\x00\x00\x00\x00\x00\x08\x00\x00\xf0\xff\xff\xff\xff\x17\x00\x00\x00\x00\x00\x00\x00"
    "\x00\xf8\xff\xff\xff\xff\xff\xff\x00\x00\x00\x00\x00\x00\x00\x00\x5f\x79\xfe\xff\xff\xff\xff\xff\xa0\x86\x01\x00\x00\x00\x00\x00\x41\xa6\xff\xff\xff\xff\xff\xff\xbe\x59\x00\x00\x00\x00\x00\x00\x01\x00\x00\xf0\xff\xff\xff\xff\x1e\x00\x00\x00\x00\x00\x00\x00"
    "\x00\xf8\xff\xff\xff\xff\xff\xff\x00\x00\x00\x00\x00\x00\x00\x00\x5f\x79\xfe\xff\xff\xff\xff\xff\xa0\x86\x01\x00\x00\x00\x00\x00\xef\xa5\xff\xff\xff\xff\xff\xff\x10\x5a\x00\x00\x00\x00\x00\x00\x0f\x00\x00\xf0\xff\xff\xff\xff\x10\x00\x00\x00\x00\x00\x00\x00"
    "\x00\xf8\xff\xff\xff\xff\xff\xff\x00\x00\x00\x00\x00\x00\x00\x00\x5f\x79\xfe\xff\xff\xff\xff\xff\xa0\x86\x01\x00\x00\x00\x00\x00\xec\xa5\xff\xff\xff\xff\xff\xff\x13\x5a\x00\x00\x00\x00\x00\x00\x0c\x00\x00\xf0\xff\xff\xff\xff\x13\x00\x00\x00\x00\x00\x00\x00"
    "\x00\xf8\xff\xff\xff\xff\xff\xff\x00\x00\x00\x00\x00\x00\x00\x00\x5f\x79\xfe\xff\xff\xff\xff\xff\xa0\x86\x01\x00\x00\x00\x00\x00\xe0\xa5\xff\xff\xff\xff\xff\xff\x1f\x5a\x00\x00\x00\x00\x00\x00\x00\x00\x00\xf0\xff\xff\xff\xff\x1f\x00\x00\x00\x00\x00\x00\x00"
    "\x00\xf8\xff\xff\xff\xff\xff\xff\x00\x00\x00\x00\x00\x00\x00\x00\x5f\x79\xfe\xff\xff\xff\xff\xff\xa0\x86\x01\x00\x00\x00\x00\x00\xd7\xa5\xff\xff\xff\xff\xff\xff\x28\x5a\x00\x00\x00\x00\x00\x00\x17\x00\x00\xf0\xff\xff\xff\xff\x08\x00\x00\x00\x00\x00\x00\x00"
    "\x00\xf8\xff\xff\xff\xff\xff\xff\x00\x00\x00\x00\x00\x00\x00\x00\x5f\x79\xfe\xff\xff\xff\xff\xff\xa0\x86\x01\x00\x00\x00\x00\x00\xd0\xa5\xff\xff\xff\xff\xff\xff\x2f\x5a\x00\x00\x00\x00\x00\x00\x10\x00\x00\xf0\xff\xff\xff\xff\x0f\x00\x00\x00\x00\x00\x00\x00"
    "\x00\xf8\xff\xff\xff\xff\xff\xff\x00\x00\x00\x00\x00\x00\x00\x00\x5f\x79\xfe\xff\xff\xff\xff\xff\xa0\x86\x01\x00\x00\x00\x00\x00\xc9\xa5\xff\xff\xff\xff\xff\xff\x36\x5a\x00\x00\x00\x00\x00\x00\x09\x00\x00\xf0\xff\xff\xff\xff\x16\x00\x00\x00\x00\x00\x00\x00"
    "\x00\xf8\xff\xff\xff\xff\xff\xff\x00\x00\x00\x00\x00\x00\x00\x00\x5f\x79\xfe\xff\xff\xff\xff\xff\xa0\x86\x01\x00\x00\x00\x00\x00\xc2\xa5\xff\xff\xff\xff\xff\xff\x3d\x5a\x00\x00\x00\x00\x00\x00\x02\x00\x00\xf0\xff\xff\xff\xff\x1d\x00\x00\x00\x00\x00\x00\x00"
    "\x00\xf8\xff\xff\xff\xff\xff\xff\x00\x00\x00\x00\x00\x00\x00\x00\x5f\x79\xfe\xff\xff\xff\xff\xff\xa0\x86\x01\x00\x00\x00\x00\x00\xbb\xa5\xff\xff\xff\xff\xff\xff\x44\x5a\x00\x00\x00\x00\x00\x00\x1b\x00\x00\xf0\xff\xff\xff\xff\x04\x00\x00\x00\x00\x00\x00\x00"
    "\x00\xf8\xff\xff\xff\xff\xff\xff\x00\x00\x00\x00\x00\x00\x00\x00\x5f\x79\xfe\xff\xff\xff\xff\xff\xa0\x86\x01\x00\x00\x00\x00\x00\x0f\xa5\xff\xff\xff\xff\xff\xff\xf0\x5a\x00\x00\x00\x00\x00\x00\x0f\x00\x00\xf0\xff\xff\xff\xff\x10\x00\x00\x00\x00\x00\x00\x00"
    "\x00\xf8\xff\xff\xff\xff\xff\xff\x00\x00\x00\x00\x00\x00\x00\x00\x5f\x79\xfe\xff\xff\xff\xff\xff\xa0\x86\x01\x00\x00\x00\x00\x00\x0a\xa5\xff\xff\xff\xff\xff\xff\xf5\x5a\x00\x00\x00\x00\x00\x00\x0a\x00\x00\xf0\xff\xff\xff\xff\x15\x00\x00\x00\x00\x00\x00\x00"
    "\x00\xf8\xff\xff\xff\xff\xff\xff\x00\x00\x00\x00\x00\x00\x00\x00\x5f\x79\xfe\xff\xff\xff\xff\xff\xa0\x86\x01\x00\x00\x00\x00\x00\xf3\xa4\xff\xff\xff\xff\xff\xff\x0c\x5b\x00\x00\x00\x00\x00\x00\x13\x00\x00\xf0\xff\xff\xff\xff\x0c\x00\x00\x00\x00\x00\x00\x00"
    "\x00\xf8\xff\xff\xff\xff\xff\xff\x00\x00\x00\x00\x00\x00\x00\x00\x5f\x79\xfe\xff\xff\xff\xff\xff\xa0\x86\x01\x00\x00\x00\x00\x00\xee\xa4\xff\xff\xff\xff\xff\xff\x11\x5b\x00\x00\x00\x00\x00\x00\x0e\x00\x00\xf0\xff\xff\xff\xff\x11\x00\x00\x00\x00\x00\x00\x00"
    "\x00\xf8\xff\xff\xff\xff\xff\xff\x00\x00\x00\x00\x00\x00\x00\x00\x5f\x79\xfe\xff\xff\xff\xff\xff\xa0\x86\x01\x00\x00\x00\x00\x00\xea\xa4\xff\xff\xff\xff\xff\xff\x15\x5b\x00\x00\x00\x00\x00\x00\x0a\x00\x00\xf0\xff\xff\xff\xff\x15\x00\x00\x00\x00\x00\x00\x00"
    "\x00\xf8\xff\xff\xff\xff\xff\xff\x00\x00\x00\x00\x00\x00\x00\x00\x5f\x79\xfe\xff\xff\xff\xff\xff\xa0\x86\x01\x00\x00\x00\x00\x00\xd0\xa4\xff\xff\xff\xff\xff\xff\x2f\x5b\x00\x00\x00\x00\x00\x00\x10\x00\x00\xf0\xff\xff\xff\xff\x0f\x00\x00\x00\x00\x00\x00\x00"
    "\x00\xf8\xff\xff\xff\xff\xff\xff\x00\x00\x00\x00\x00\x00\x00\x00\x5f\x79\xfe\xff\xff\xff\xff\xff\xa0\x86\x01\x00\x00\x00\x00\x00\xcb\xa4\xff\xff\xff\xff\xff\xff\x34\x5b\x00\x00\x00\x00\x00\x00\x0b\x00\x00\xf0\xff\xff\xff\xff\x14\x00\x00\x00\x00\x00\x00\x00"
    "\x00\xf8\xff\xff\xff\xff\xff\xff\x00\x00\x00\x00\x00\x00\x00\x00\x5f\x79\xfe\xff\xff\xff\xff\xff\xa0\x86\x01\x00\x00\x00\x00\x00\xc1\xa4\xff\xff\xff\xff\xff\xff\x3e\x5b\x00\x00\x00\x00\x00\x00\x01\x00\x00\xf0\xff\xff\xff\xff\x1e\x00\x00\x00\x00\x00\x00\x00"
    "\x00\xf8\xff\xff\xff\xff\xff\xff\x00\x00\x00\x00\x00\x00\x00\x00\x5f\x79\xfe\xff\xff\xff\xff\xff\xa0\x86\x01\x00\x00\x00\x00\x00\xb9\xa4\xff\xff\xff\xff\xff\xff\x46\x5b\x00\x00\x00\x00\x00\x00\x19\x00\x00\xf0\xff\xff\xff\xff\x06\x00\x00\x00\x00\x00\x00\x00"
    "\x00\xf8\xff\xff\xff\xff\xff\xff\x00\x00\x00\x00\x00\x00\x00\x00\x5f\x79\xfe\xff\xff\xff\xff\xff\xa0\x86\x01\x00\x00\x00\x00\x00\xb2\xa4\xff\xff\xff\xff\xff\xff\x4d\x5b\x00\x00\x00\x00\x00\x00\x12\x00\x00\xf0\xff\xff\xff\xff\x0d\x00\x00\x00\x00\x00\x00\x00"
    "\x00\xf8\xff\xff\xff\xff\xff\xff\x00\x00\x00\x00\x00\x00\x00\x00\x5f\x79\xfe\xff\xff\xff\xff\xff\xa0\x86\x01\x00\x00\x00\x00\x00\xab\xa4\xff\xff\xff\xff\xff\xff\x54\x5b\x00\x00\x00\x00\x00\x00\x0b\x00\x00\xf0\xff\xff\xff\xff\x14\x00\x00\x00\x00\x00\x00\x00"
    "\x00\xf8\xff\xff\xff\xff\xff\xff\x00\x00\x00\x00\x00\x00\x00\x00\x5f\x79\xfe\xff\xff\xff\xff\xff\xa0\x86\x01\x00\x00\x00\x00\x00\xa4\xa4\xff\xff\xff\xff\xff\xff\x5b\x5b\x00\x00\x00\x00\x00\x00\x04\x00\x00\xf0\xff\xff\xff\xff\x1b\x00\x00\x00\x00\x00\x00\x00"
    "\x00\xf8\xff\xff\xff\xff\xff\xff\x00\x00\x00\x00\x00\x00\x00\x00\x5f\x79\xfe\xff\xff\xff\xff\xff\xa0\x86\x01\x00\x00\x00\x00\x00\x97\xa4\xff\xff\xff\xff\xff\xff\x68\x5b\x00\x00\x00\x00\x00\x00\x17\x00\x00\xf0\xff\xff\xff\xff\x08\x00\x00\x00\x00\x00\x00\x00"
    "\x00\xf8\xff\xff\xff\xff\xff\xff\x00\x00\x00\x00\x00\x00\x00\x00\x5f\x79\xfe\xff\xff\xff\xff\xff\xa0\x86\x01\x00\x00\x00\x00\x00\x93\xa4\xff\xff\xff\xff\xff\xff\x6c\x5b\x00\x00\x00\x00\x00\x00\x13\x00\x00\xf0\xff\xff\xff\xff\x0c\x00\x00\x00\x00\x00\x00\x00"
    "\x00\xf8\xff\xff\xff\xff\xff\xff\x00\x00\x00\x00\x00\x00\x00\x00\x5f\x79\xfe\xff\xff\xff\xff\xff\xa0\x86\x01\x00\x00\x00\x00\x00\xec\xa3\xff\xff\xff\xff\xff\xff\x13\x5c\x00\x00\x00\x00\x00\x00\x0c\x00\x00\xf0\xff\xff\xff\xff\x13\x00\x00\x00\x00\x00\x00\x00"
    "\x00\xf8\xff\xff\xff\xff\xff\xff\x00\x00\x00\x00\x00\x00\x00\x00\x5f\x79\xfe\xff\xff\xff\xff\xff\xa0\x86\x01\x00\x00\x00\x00\x00\xcc\xa3\xff\xff\xff\xff\xff\xff\x33\x5c\x00\x00\x00\x00\x00\x00\x0c\x00\x00\xf0\xff\xff\xff\xff\x13\x00\x00\x00\x00\x00\x00\x00"
    "\x00\xf8\xff\xff\xff\xff\xff\xff\x00\x00\x00\x00\x00\x00\x00\x00\x5f\x79\xfe\xff\xff\xff\xff\xff\xa0\x86\x01\x00\x00\x00\x00\x00\x4d\x96\xff\xff\xff\xff\xff\xff\xb2\x69\x00\x00\x00\x00\x00\x00\x0d\x00\x00\xf0\xff\xff\xff\xff\x12\x00\x00\x00\x00\x00\x00\x00"
    "\x00\xf8\xff\xff\xff\xff\xff\xff\x00\x00\x00\x00\x00\x00\x00\x00\x5f\x79\xfe\xff\xff\xff\xff\xff\xa0\x86\x01\x00\x00\x00\x00\x00\x44\x96\xff\xff\xff\xff\xff\xff\xbb\x69\x00\x00\x00\x00\x00\x00\x04\x00\x00\xf0\xff\xff\xff\xff\x1b\x00\x00\x00\x00\x00\x00\x00"
    "\x00\xf8\xff\xff\xff\xff\xff\xff\x00\x00\x00\x00\x00\x00\x00\x00\x5f\x79\xfe\xff\xff\xff\xff\xff\xa0\x86\x01\x00\x00\x00\x00\x00\x3f\x96\xff\xff\xff\xff\xff\xff\xc0\x69\x00\x00\x00\x00\x00\x00\x1f\x00\x00\xf0\xff\xff\xff\xff\x00\x00\x00\x00\x00\x00\x00\x00"
    "\x00\xf8\xff\xff\xff\xff\xff\xff\x00\x00\x00\x00\x00\x00\x00\x00\x5f\x79\xfe\xff\xff\xff\xff\xff\xa0\x86\x01\x00\x00\x00\x00\x00\x20\x96\xff\xff\xff\xff\xff\xff\xdf\x69\x00\x00\x00\x00\x00\x00\x00\x00\x00\xf0\xff\xff\xff\xff\x1f\x00\x00\x00\x00\x00\x00\x00"
    "\x00\xf8\xff\xff\xff\xff\xff\xff\x00\x00\x00\x00\x00\x00\x00\x00\x5f\x79\xfe\xff\xff\xff\xff\xff\xa0\x86\x01\x00\x00\x00\x00\x00\x30\x95\xff\xff\xff\xff\xff\xff\xcf\x6a\x00\x00\x00\x00\x00\x00\x10\x00\x00\xf0\xff\xff\xff\xff\x0f\x00\x00\x00\x00\x00\x00\x00"
    "\x00\xf8\xff\xff\xff\xff\xff\xff\x00\x00\x00\x00\x00\x00\x00\x00\x5f\x79\xfe\xff\xff\xff\xff\xff\xa0\x86\x01\x00\x00\x00\x00\x00\x25\x95\xff\xff\xff\xff\xff\xff\xda\x6a\x00\x00\x00\x00\x00\x00\x05\x00\x00\xf0\xff\xff\xff\xff\x1a\x00\x00\x00\x00\x00\x00\x00"
    "\x00\xf8\xff\xff\xff\xff\xff\xff\x00\x00\x00\x00\x00\x00\x00\x00\x5f\x79\xfe\xff\xff\xff\xff\xff\xa0\x86\x01\x00\x00\x00\x00\x00\x1a\x95\xff\xff\xff\xff\xff\xff\xe5\x6a\x00\x00\x00\x00\x00\x00\x1a\x00\x00\xf0\xff\xff\xff\xff\x05\x00\x00\x00\x00\x00\x00\x00"
    "\x00\xf8\xff\xff\xff\xff\xff\xff\x00\x00\x00\x00\x00\x00\x00\x00\x5f\x79\xfe\xff\xff\xff\xff\xff\xa0\x86\x01\x00\x00\x00\x00\x00\x10\x95\xff\xff\xff\xff\xff\xff\xef\x6a\x00\x00\x00\x00\x00\x00\x10\x00\x00\xf0\xff\xff\xff\xff\x0f\x00\x00\x00\x00\x00\x00\x00"
    "\x00\xf8\xff\xff\xff\xff\xff\xff\x00\x00\x00\x00\x00\x00\x00\x00\x5f\x79\xfe\xff\xff\xff\xff\xff\xa0\x86\x01\x00\x00\x00\x00\x00\x3a\x94\xff\xff\xff\xff\xff\xff\xc5\x6b\x00\x00\x00\x00\x00\x00\x1a\x00\x00\xf0\xff\xff\xff\xff\x05\x00\x00\x00\x00\x00\x00\x00"
    "\x00\xf8\xff\xff\xff\xff\xff\xff\x00\x00\x00\x00\x00\x00\x00\x00\x5f\x79\xfe\xff\xff\xff\xff\xff\xa0\x86\x01\x00\x00\x00\x00\x00\x5a\x8d\xff\xff\xff\xff\xff\xff\xa5\x72\x00\x00\x00\x00\x00\x00\x1a\x00\x00\xf0\xff\xff\xff\xff\x05\x00\x00\x00\x00\x00\x00\x00"
    "\x00\xf8\xff\xff\xff\xff\xff\xff\x00\x00\x00\x00\x00\x00\x00\x00\x5f\x79\xfe\xff\xff\xff\xff\xff\xa0\x86\x01\x00\x00\x00\x00\x00\x55\x8d\xff\xff\xff\xff\xff\xff\xaa\x72\x00\x00\x00\x00\x00\x00\x15\x00\x00\xf0\xff\xff\xff\xff\x0a\x00\x00\x00\x00\x00\x00\x00"
    "\x00\xf8\xff\xff\xff\xff\xff\xff\x00\x00\x00\x00\x00\x00\x00\x00\x5f\x79\xfe\xff\xff\xff\xff\xff\xa0\x86\x01\x00\x00\x00\x00\x00\x46\x8d\xff\xff\xff\xff\xff\xff\xb9\x72\x00\x00\x00\x00\x00\x00\x06\x00\x00\xf0\xff\xff\xff\xff\x19\x00\x00\x00\x00\x00\x00\x00"
    "\x00\xf8\xff\xff\xff\xff\xff\xff\x00\x00\x00\x00\x00\x00\x00\x00\x5f\x79\xfe\xff\xff\xff\xff\xff\xa0\x86\x01\x00\x00\x00\x00\x00\x3e\x8d\xff\xff\xff\xff\xff\xff\xc1\x72\x00\x00\x00\x00\x00\x00\x1e\x00\x00\xf0\xff\xff\xff\xff\x01\x00\x00\x00\x00\x00\x00\x00"
    "\x00\xf8\xff\xff\xff\xff\xff\xff\x00\x00\x00\x00\x00\x00\x00\x00\x5f\x79\xfe\xff\xff\xff\xff\xff\xa0\x86\x01\x00\x00\x00\x00\x00\x22\x8d\xff\xff\xff\xff\xff\xff\xdd\x72\x00\x00\x00\x00\x00\x00\x02\x00\x00\xf0\xff\xff\xff\xff\x1d\x00\x00\x00\x00\x00\x00\x00"
    "\x00\xf8\xff\xff\xff\xff\xff\xff\x00\x00\x00\x00\x00\x00\x00\x00\x5f\x79\xfe\xff\xff\xff\xff\xff\xa0\x86\x01\x00\x00\x00\x00\x00\x10\x89\xff\xff\xff\xff\xff\xff\xef\x76\x00\x00\x00\x00\x00\x00\x10\x00\x00\xf0\xff\xff\xff\xff\x0f\x00\x00\x00\x00\x00\x00\x00"
    "\x00\xf8\xff\xff\xff\xff\xff\xff\x00\x00\x00\x00\x00\x00\x00\x00\x5f\x79\xfe\xff\xff\xff\xff\xff\xa0\x86\x01\x00\x00\x00\x00\x00\x0a\x89\xff\xff\xff\xff\xff\xff\xf5\x76\x00\x00\x00\x00\x00\x00\x0a\x00\x00\xf0\xff\xff\xff\xff\x15\x00\x00\x00\x00\x00\x00\x00"
    "\x00\xf8\xff\xff\xff\xff\xff\xff\x00\x00\x00\x00\x00\x00\x00\x00\x5f\x79\xfe\xff\xff\xff\xff\xff\xa0\x86\x01\x00\x00\x00\x00\x00\xf2\x88\xff\xff\xff\xff\xff\xff\x0d\x77\x00\x00\x00\x00\x00\x00\x12\x00\x00\xf0\xff\xff\xff\xff\x0d\x00\x00\x00\x00\x00\x00\x00"
    "\x00\xf8\xff\xff\xff\xff\xff\xff\x00\x00\x00\x00\x00\x00\x00\x00\x5f\x79\xfe\xff\xff\xff\xff\xff\xa0\x86\x01\x00\x00\x00\x00\x00\xec\x88\xff\xff\xff\xff\xff\xff\x13\x77\x00\x00\x00\x00\x00\x00\x0c\x00\x00\xf0\xff\xff\xff\xff\x13\x00\x00\x00\x00\x00\x00\x00"
    "\x00\xf8\xff\xff\xff\xff\xff\xff\x00\x00\x00\x00\x00\x00\x00\x00\x5f\x79\xfe\xff\xff\xff\xff\xff\xa0\x86\x01\x00\x00\x00\x00\x00\xe5\x88\xff\xff\xff\xff\xff\xff\x1a\x77\x00\x00\x00\x00\x00\x00\x05\x00\x00\xf0\xff\xff\xff\xff\x1a\x00\x00\x00\x00\x00\x00\x00"
    "\x00\xf8\xff\xff\xff\xff\xff\xff\x00\x00\x00\x00\x00\x00\x00\x00\x5f\x79\xfe\xff\xff\xff\xff\xff\xa0\x86\x01\x00\x00\x00\x00\x00\xce\x88\xff\xff\xff\xff\xff\xff\x31\x77\x00\x00\x00\x00\x00\x00\x0e\x00\x00\xf0\xff\xff\xff\xff\x11\x00\x00\x00\x00\x00\x00\x00"
    "\x00\xf8\xff\xff\xff\xff\xff\xff\x00\x00\x00\x00\x00\x00\x00\x00\x5f\x79\xfe\xff\xff\xff\xff\xff\xa0\x86\x01\x00\x00\x00\x00\x00\xc6\x88\xff\xff\xff\xff\xff\xff\x39\x77\x00\x00\x00\x00\x00\x00\x06\x00\x00\xf0\xff\xff\xff\xff\x19\x00\x00\x00\x00\x00\x00\x00"
    "\x00\xf8\xff\xff\xff\xff\xff\xff\x00\x00\x00\x00\x00\x00\x00\x00\x5f\x79\xfe\xff\xff\xff\xff\xff\xa0\x86\x01\x00\x00\x00\x00\x00\x9f\x88\xff\xff\xff\xff\xff\xff\x60\x77\x00\x00\x00\x00\x00\x00\x1f\x00\x00\xf0\xff\xff\xff\xff\x00\x00\x00\x00\x00\x00\x00\x00"
    "\x00\xf8\xff\xff\xff\xff\xff\xff\x00\x00\x00\x00\x00\x00\x00\x00\x5f\x79\xfe\xff\xff\xff\xff\xff\xa0\x86\x01\x00\x00\x00\x00\x00\x8f\x88\xff\xff\xff\xff\xff\xff\x70\x77\x00\x00\x00\x00\x00\x00\x0f\x00\x00\xf0\xff\xff\xff\xff\x10\x00\x00\x00\x00\x00\x00\x00"
    "\x00\xf8\xff\xff\xff\xff\xff\xff\x00\x00\x00\x00\x00\x00\x00\x00\x5f\x79\xfe\xff\xff\xff\xff\xff\xa0\x86\x01\x00\x00\x00\x00\x00\x84\x88\xff\xff\xff\xff\xff\xff\x7b\x77\x00\x00\x00\x00\x00\x00\x04\x00\x00\xf0\xff\xff\xff\xff\x1b\x00\x00\x00\x00\x00\x00\x00"
    "\x00\xf8\xff\xff\xff\xff\xff\xff\x00\x00\x00\x00\x00\x00\x00\x00\x5f\x79\xfe\xff\xff\xff\xff\xff\xa0\x86\x01\x00\x00\x00\x00\x00\x79\x88\xff\xff\xff\xff\xff\xff\x86\x77\x00\x00\x00\x00\x00\x00\x19\x00\x00\xf0\xff\xff\xff\xff\x06\x00\x00\x00\x00\x00\x00\x00"
    "\x00\xf8\xff\xff\xff\xff\xff\xff\x00\x00\x00\x00\x00\x00\x00\x00\x5f\x79\xfe\xff\xff\xff\xff\xff\xa0\x86\x01\x00\x00\x00\x00\x00\x71\x88\xff\xff\xff\xff\xff\xff\x8e\x77\x00\x00\x00\x00\x00\x00\x11\x00\x00\xf0\xff\xff\xff\xff\x0e\x00\x00\x00\x00\x00\x00\x00"
    "\x00\xf8\xff\xff\xff\xff\xff\xff\x00\x00\x00\x00\x00\x00\x00\x00\x5f\x79\xfe\xff\xff\xff\xff\xff\xa0\x86\x01\x00\x00\x00\x00\x00\x5c\x88\xff\xff\xff\xff\xff\xff\xa3\x77\x00\x00\x00\x00\x00\x00\x1c\x00\x00\xf0\xff\xff\xff\xff\x03\x00\x00\x00\x00\x00\x00\x00"
    "\x00\xf8\xff\xff\xff\xff\xff\xff\x00\x00\x00\x00\x00\x00\x00\x00\x5f\x79\xfe\xff\xff\xff\xff\xff\xa0\x86\x01\x00\x00\x00\x00\x00\x46\x88\xff\xff\xff\xff\xff\xff\xb9\x77\x00\x00\x00\x00\x00\x00\x06\x00\x00\xf0\xff\xff\xff\xff\x19\x00\x00\x00\x00\x00\x00\x00"
    "\x00\xf8\xff\xff\xff\xff\xff\xff\x00\x00\x00\x00\x00\x00\x00\x00\x5f\x79\xfe\xff\xff\xff\xff\xff\xa0\x86\x01\x00\x00\x00\x00\x00\xc2\x87\xff\xff\xff\xff\xff\xff\x3d\x78\x00\x00\x00\x00\x00\x00\x02\x00\x00\xf0\xff\xff\xff\xff\x1d\x00\x00\x00\x00\x00\x00\x00"
    "\x00\xf8\xff\xff\xff\xff\xff\xff\x00\x00\x00\x00\x00\x00\x00\x00\x5f\x79\xfe\xff\xff\xff\xff\xff\xa0\x86\x01\x00\x00\x00\x00\x00\xbb\x87\xff\xff\xff\xff\xff\xff\x44\x78\x00\x00\x00\x00\x00\x00\x1b\x00\x00\xf0\xff\xff\xff\xff\x04\x00\x00\x00\x00\x00\x00\x00"
    "\x00\xf8\xff\xff\xff\xff\xff\xff\x00\x00\x00\x00\x00\x00\x00\x00\x5f\x79\xfe\xff\xff\xff\xff\xff\xa0\x86\x01\x00\x00\x00\x00\x00\xb6\x87\xff\xff\xff\xff\xff\xff\x49\x78\x00\x00\x00\x00\x00\x00\x16\x00\x00\xf0\xff\xff\xff\xff\x09\x00\x00\x00\x00\x00\x00\x00"
    "\x00\xf8\xff\xff\xff\xff\xff\xff\x00\x00\x00\x00\x00\x00\x00\x00\x5f\x79\xfe\xff\xff\xff\xff\xff\xa0\x86\x01\x00\x00\x00\x00\x00\xb1\x87\xff\xff\xff\xff\xff\xff\x4e\x78\x00\x00\x00\x00\x00\x00\x11\x00\x00\xf0\xff\xff\xff\xff\x0e\x00\x00\x00\x00\x00\x00\x00"
    "\x00\xf8\xff\xff\xff\xff\xff\xff\x00\x00\x00\x00\x00\x00\x00\x00\x5f\x79\xfe\xff\xff\xff\xff\xff\xa0\x86\x01\x00\x00\x00\x00\x00\xab\x87\xff\xff\xff\xff\xff\xff\x54\x78\x00\x00\x00\x00\x00\x00\x0b\x00\x00\xf0\xff\xff\xff\xff\x14\x00\x00\x00\x00\x00\x00\x00"
    "\x00\xf8\xff\xff\xff\xff\xff\xff\x00\x00\x00\x00\x00\x00\x00\x00\x5f\x79\xfe\xff\xff\xff\xff\xff\xa0\x86\x01\x00\x00\x00\x00\x00\xa6\x87\xff\xff\xff\xff\xff\xff\x59\x78\x00\x00\x00\x00\x00\x00\x06\x00\x00\xf0\xff\xff\xff\xff\x19\x00\x00\x00\x00\x00\x00\x00"
    "\x00\xf8\xff\xff\xff\xff\xff\xff\x00\x00\x00\x00\x00\x00\x00\x00\x5f\x79\xfe\xff\xff\xff\xff\xff\xa0\x86\x01\x00\x00\x00\x00\x00\x93\x87\xff\xff\xff\xff\xff\xff\x6c\x78\x00\x00\x00\x00\x00\x00\x13\x00\x00\xf0\xff\xff\xff\xff\x0c\x00\x00\x00\x00\x00\x00\x00"
    "\x00\xf8\xff\xff\xff\xff\xff\xff\x00\x00\x00\x00\x00\x00\x00\x00\x5f\x79\xfe\xff\xff\xff\xff\xff\xa0\x86\x01\x00\x00\x00\x00\x00\x8c\x87\xff\xff\xff\xff\xff\xff\x73\x78\x00\x00\x00\x00\x00\x00\x0c\x00\x00\xf0\xff\xff\xff\xff\x13\x00\x00\x00\x00\x00\x00\x00"
    "\x00\xf8\xff\xff\xff\xff\xff\xff\x00\x00\x00\x00\x00\x00\x00\x00\x5f\x79\xfe\xff\xff\xff\xff\xff\xa0\x86\x01\x00\x00\x00\x00\x00\x15\x87\xff\xff\xff\xff\xff\xff\xea\x78\x00\x00\x00\x00\x00\x00\x15\x00\x00\xf0\xff\xff\xff\xff\x0a\x00\x00\x00\x00\x00\x00\x00"
    "\x00\xf8\xff\xff\xff\xff\xff\xff\x00\x00\x00\x00\x00\x00\x00\x00\x5f\x79\xfe\xff\xff\xff\xff\xff\xa0\x86\x01\x00\x00\x00\x00\x00\x12\x87\xff\xff\xff\xff\xff\xff\xed\x78\x00\x00\x00\x00\x00\x00\x12\x00\x00\xf0\xff\xff\xff\xff\x0d\x00\x00\x00\x00\x00\x00\x00"
    "\x00\xf8\xff\xff\xff\xff\xff\xff\x00\x00\x00\x00\x00\x00\x00\x00\x5f\x79\xfe\xff\xff\xff\xff\xff\xa0\x86\x01\x00\x00\x00\x00\x00\x0f\x87\xff\xff\xff\xff\xff\xff\xf0\x78\x00\x00\x00\x00\x00\x00\x0f\x00\x00\xf0\xff\xff\xff\xff\x10\x00\x00\x00\x00\x00\x00\x00"
    "\x00\xf8\xff\xff\xff\xff\xff\xff\x00\x00\x00\x00\x00\x00\x00\x00\x5f\x79\xfe\xff\xff\xff\xff\xff\xa0\x86\x01\x00\x00\x00\x00\x00\xf4\x86\xff\xff\xff\xff\xff\xff\x0b\x79\x00\x00\x00\x00\x00\x00\x14\x00\x00\xf0\xff\xff\xff\xff\x0b\x00\x00\x00\x00\x00\x00\x00"
    "\x00\xf8\xff\xff\xff\xff\xff\xff\x00\x00\x00\x00\x00\x00\x00\x00\x5f\x79\xfe\xff\xff\xff\xff\xff\xa0\x86\x01\x00\x00\x00\x00\x00\xe9\x86\xff\xff\xff\xff\xff\xff\x16\x79\x00\x00\x00\x00\x00\x00\x09\x00\x00\xf0\xff\xff\xff\xff\x16\x00\x00\x00\x00\x00\x00\x00"
    "\x00\xf8\xff\xff\xff\xff\xff\xff\x00\x00\x00\x00\x00\x00\x00\x00\x5f\x79\xfe\xff\xff\xff\xff\xff\xa0\x86\x01\x00\x00\x00\x00\x00\xde\x86\xff\xff\xff\xff\xff\xff\x21\x79\x00\x00\x00\x00\x00\x00\x1e\x00\x00\xf0\xff\xff\xff\xff\x01\x00\x00\x00\x00\x00\x00\x00"
    "\x00\xf8\xff\xff\xff\xff\xff\xff\x00\x00\x00\x00\x00\x00\x00\x00\x5f\x79\xfe\xff\xff\xff\xff\xff\xa0\x86\x01\x00\x00\x00\x00\x00\xd0\x86\xff\xff\xff\xff\xff\xff\x2f\x79\x00\x00\x00\x00\x00\x00\x10\x00\x00\xf0\xff\xff\xff\xff\x0f\x00\x00\x00\x00\x00\x00\x00"
    "\x00\xf8\xff\xff\xff\xff\xff\xff\x00\x00\x00\x00\x00\x00\x00\x00\x5f\x79\xfe\xff\xff\xff\xff\xff\xa0\x86\x01\x00\x00\x00\x00\x00\xcd\x86\xff\xff\xff\xff\xff\xff\x32\x79\x00\x00\x00\x00\x00\x00\x0d\x00\x00\xf0\xff\xff\xff\xff\x12\x00\x00\x00\x00\x00\x00\x00"
    "\x00\xf8\xff\xff\xff\xff\xff\xff\x00\x00\x00\x00\x00\x00\x00\x00\x5f\x79\xfe\xff\xff\xff\xff\xff\xa0\x86\x01\x00\x00\x00\x00\x00\xc1\x86\xff\xff\xff\xff\xff\xff\x3e\x79\x00\x00\x00\x00\x00\x00\x01\x00\x00\xf0\xff\xff\xff\xff\x1e\x00\x00\x00\x00\x00\x00\x00"
    "\x00\xf8\xff\xff\xff\xff\xff\xff\x00\x00\x00\x00\x00\x00\x00\x00\x5f\x79\xfe\xff\xff\xff\xff\xff\xa0\x86\x01\x00\x00\x00\x00\x00\xb5\x86\xff\xff\xff\xff\xff\xff\x4a\x79\x00\x00\x00\x00\x00\x00\x15\x00\x00\xf0\xff\xff\xff\xff\x0a\x00\x00\x00\x00\x00\x00\x00"
    "\x00\xf8\xff\xff\xff\xff\xff\xff\x00\x00\x00\x00\x00\x00\x00\x00\x5f\x79\xfe\xff\xff\xff\xff\xff\xa0\x86\x01\x00\x00\x00\x00\x00\x7e\x86\xff\xff\xff\xff\xff\xff\x81\x79\x00\x00\x00\x00\x00\x00\x1e\x00\x00\xf0\xff\xff\xff\xff\x01\x00\x00\x00\x00\x00\x00\x00"
    "\x00\xf8\xff\xff\xff\xff\xff\xff\x00\x00\x00\x00\x00\x00\x00\x00\x5f\x79\xfe\xff\xff\xff\xff\xff\xa0\x86\x01\x00\x00\x00\x00\x00\x72\x86\xff\xff\xff\xff\xff\xff\x8d\x79\x00\x00\x00\x00\x00\x00\x12\x00\x00\xf0\xff\xff\xff\xff\x0d\x00\x00\x00\x00\x00\x00\x00"
    "\x00\xf8\xff\xff\xff\xff\xff\xff\x00\x00\x00\x00\x00\x00\x00\x00\x5f\x79\xfe\xff\xff\xff\xff\xff\xa0\x86\x01\x00\x00\x00\x00\x00\x65\x86\xff\xff\xff\xff\xff\xff\x9a\x79\x00\x00\x00\x00\x00\x00\x05\x00\x00\xf0\xff\xff\xff\xff\x1a\x00\x00\x00\x00\x00\x00\x00"
    "\x00\xf8\xff\xff\xff\xff\xff\xff\x00\x00\x00\x00\x00\x00\x00\x00\x5f\x79\xfe\xff\xff\xff\xff\xff\xa0\x86\x01\x00\x00\x00\x00\x00\x1b\x86\xff\xff\xff\xff\xff\xff\xe4\x79\x00\x00\x00\x00\x00\x00\x1b\x00\x00\xf0\xff\xff\xff\xff\x04\x00\x00\x00\x00\x00\x00\x00"
    "\x00\xf8\xff\xff\xff\xff\xff\xff\x00\x00\x00\x00\x00\x00\x00\x00\x5f\x79\xfe\xff\xff\xff\xff\xff\xa0\x86\x01\x00\x00\x00\x00\x00\x0c\x86\xff\xff\xff\xff\xff\xff\xf3\x79\x00\x00\x00\x00\x00\x00\x0c\x00\x00\xf0\xff\xff\xff\xff\x13\x00\x00\x00\x00\x00\x00\x00"
    "\x00\xf8\xff\xff\xff\xff\xff\xff\x00\x00\x00\x00\x00\x00\x00\x00\x5f\x79\xfe\xff\xff\xff\xff\xff\xa0\x86\x01\x00\x00\x00\x00\x00\xf6\x85\xff\xff\xff\xff\xff\xff\x09\x7a\x00\x00\x00\x00\x00\x00\x16\x00\x00\xf0\xff\xff\xff\xff\x09\x00\x00\x00\x00\x00\x00\x00"
    "\x00\xf8\xff\xff\xff\xff\xff\xff\x00\x00\x00\x00\x00\x00\x00\x00\x5f\x79\xfe\xff\xff\xff\xff\xff\xa0\x86\x01\x00\x00\x00\x00\x00\xe8\x85\xff\xff\xff\xff\xff\xff\x17\x7a\x00\x00\x00\x00\x00\x00\x08\x00\x00\xf0\xff\xff\xff\xff\x17\x00\x00\x00\x00\x00\x00\x00"
    "\x00\xf8\xff\xff\xff\xff\xff\xff\x00\x00\x00\x00\x00\x00\x00\x00\x5f\x79\xfe\xff\xff\xff\xff\xff\xa0\x86\x01\x00\x00\x00\x00\x00\xd8\x85\xff\xff\xff\xff\xff\xff\x27\x7a\x00\x00\x00\x00\x00\x00\x18\x00\x00\xf0\xff\xff\xff\xff\x07\x00\x00\x00\x00\x00\x00\x00"
    "\x00\xf8\xff\xff\xff\xff\xff\xff\x00\x00\x00\x00\x00\x00\x00\x00\x5f\x79\xfe\xff\xff\xff\xff\xff\xa0\x86\x01\x00\x00\x00\x00\x00\x23\x85\xff\xff\xff\xff\xff\xff\xdc\x7a\x00\x00\x00\x00\x00\x00\x03\x00\x00\xf0\xff\xff\xff\xff\x1c\x00\x00\x00\x00\x00\x00\x00"
    "\x00\xf8\xff\xff\xff\xff\xff\xff\x00\x00\x00\x00\x00\x00\x00\x00\x5f\x79\xfe\xff\xff\xff\xff\xff\xa0\x86\x01\x00\x00\x00\x00\x00\x09\x85\xff\xff\xff\xff\xff\xff\xf6\x7a\x00\x00\x00\x00\x00\x00\x09\x00\x00\xf0\xff\xff\xff\xff\x16\x00\x00\x00\x00\x00\x00\x00"
    "\x00\xf8\xff\xff\xff\xff\xff\xff\x00\x00\x00\x00\x00\x00\x00\x00\x5f\x79\xfe\xff\xff\xff\xff\xff\xa0\x86\x01\x00\x00\x00\x00\x00\x04\x85\xff\xff\xff\xff\xff\xff\xfb\x7a\x00\x00\x00\x00\x00\x00\x04\x00\x00\xf0\xff\xff\xff\xff\x1b\x00\x00\x00\x00\x00\x00\x00"
    "\x00\xf8\xff\xff\xff\xff\xff\xff\x00\x00\x00\x00\x00\x00\x00\x00\x5f\x79\xfe\xff\xff\xff\xff\xff\xa0\x86\x01\x00\x00\x00\x00\x00\xff\x84\xff\xff\xff\xff\xff\xff\x00\x7b\x00\x00\x00\x00\x00\x00\x1f\x00\x00\xf0\xff\xff\xff\xff\x00\x00\x00\x00\x00\x00\x00\x00"
    "\x00\xf8\xff\xff\xff\xff\xff\xff\x00\x00\x00\x00\x00\x00\x00\x00\x5f\x79\xfe\xff\xff\xff\xff\xff\xa0\x86\x01\x00\x00\x00\x00\x00\xfa\x84\xff\xff\xff\xff\xff\xff\x05\x7b\x00\x00\x00\x00\x00\x00\x1a\x00\x00\xf0\xff\xff\xff\xff\x05\x00\x00\x00\x00\x00\x00\x00"
    "\x00\xf8\xff\xff\xff\xff\xff\xff\x00\x00\x00\x00\x00\x00\x00\x00\x5f\x79\xfe\xff\xff\xff\xff\xff\xa0\x86\x01\x00\x00\x00\x00\x00\xf5\x84\xff\xff\xff\xff\xff\xff\x0a\x7b\x00\x00\x00\x00\x00\x00\x15\x00\x00\xf0\xff\xff\xff\xff\x0a\x00\x00\x00\x00\x00\x00\x00"
    "\x00\xf8\xff\xff\xff\xff\xff\xff\x00\x00\x00\x00\x00\x00\x00\x00\x5f\x79\xfe\xff\xff\xff\xff\xff\xa0\x86\x01\x00\x00\x00\x00\x00\xf0\x84\xff\xff\xff\xff\xff\xff\x0f\x7b\x00\x00\x00\x00\x00\x00\x10\x00\x00\xf0\xff\xff\xff\xff\x0f\x00\x00\x00\x00\x00\x00\x00"
    "\x00\xf8\xff\xff\xff\xff\xff\xff\x00\x00\x00\x00\x00\x00\x00\x00\x5f\x79\xfe\xff\xff\xff\xff\xff\xa0\x86\x01\x00\x00\x00\x00\x00\xeb\x84\xff\xff\xff\xff\xff\xff\x14\x7b\x00\x00\x00\x00\x00\x00\x0b\x00\x00\xf0\xff\xff\xff\xff\x14\x00\x00\x00\x00\x00\x00\x00"
    "\x00\xf8\xff\xff\xff\xff\xff\xff\x00\x00\x00\x00\x00\x00\x00\x00\x5f\x79\xfe\xff\xff\xff\xff\xff\xa0\x86\x01\x00\x00\x00\x00\x00\xe5\x84\xff\xff\xff\xff\xff\xff\x1a\x7b\x00\x00\x00\x00\x00\x00\x05\x00\x00\xf0\xff\xff\xff\xff\x1a\x00\x00\x00\x00\x00\x00\x00"
    "\x00\xf8\xff\xff\xff\xff\xff\xff\x00\x00\x00\x00\x00\x00\x00\x00\x5f\x79\xfe\xff\xff\xff\xff\xff\xa0\x86\x01\x00\x00\x00\x00\x00\xe0\x84\xff\xff\xff\xff\xff\xff\x1f\x7b\x00\x00\x00\x00\x00\x00\x00\x00\x00\xf0\xff\xff\xff\xff\x1f\x00\x00\x00\x00\x00\x00\x00"
    "\x00\xf8\xff\xff\xff\xff\xff\xff\x00\x00\x00\x00\x00\x00\x00\x00\x5f\x79\xfe\xff\xff\xff\xff\xff\xa0\x86\x01\x00\x00\x00\x00\x00\xdb\x84\xff\xff\xff\xff\xff\xff\x24\x7b\x00\x00\x00\x00\x00\x00\x1b\x00\x00\xf0\xff\xff\xff\xff\x04\x00\x00\x00\x00\x00\x00\x00"
    "\x00\xf8\xff\xff\xff\xff\xff\xff\x00\x00\x00\x00\x00\x00\x00\x00\x5f\x79\xfe\xff\xff\xff\xff\xff\xa0\x86\x01\x00\x00\x00\x00\x00\xd6\x84\xff\xff\xff\xff\xff\xff\x29\x7b\x00\x00\x00\x00\x00\x00\x16\x00\x00\xf0\xff\xff\xff\xff\x09\x00\x00\x00\x00\x00\x00\x00"
    "\x00\xf8\xff\xff\xff\xff\xff\xff\x00\x00\x00\x00\x00\x00\x00\x00\x5f\x79\xfe\xff\xff\xff\xff\xff\xa0\x86\x01\x00\x00\x00\x00\x00\xd1\x84\xff\xff\xff\xff\xff\xff\x2e\x7b\x00\x00\x00\x00\x00\x00\x11\x00\x00\xf0\xff\xff\xff\xff\x0e\x00\x00\x00\x00\x00\x00\x00"
    "\x00\xf8\xff\xff\xff\xff\xff\xff\x00\x00\x00\x00\x00\x00\x00\x00\x5f\x79\xfe\xff\xff\xff\xff\xff\xa0\x86\x01\x00\x00\x00\x00\x00\xcc\x84\xff\xff\xff\xff\xff\xff\x33\x7b\x00\x00\x00\x00\x00\x00\x0c\x00\x00\xf0\xff\xff\xff\xff\x13\x00\x00\x00\x00\x00\x00\x00"
    "\x00\xf8\xff\xff\xff\xff\xff\xff\x00\x00\x00\x00\x00\x00\x00\x00\x5f\x79\xfe\xff\xff\xff\xff\xff\xa0\x86\x01\x00\x00\x00\x00\x00\xc7\x84\xff\xff\xff\xff\xff\xff\x38\x7b\x00\x00\x00\x00\x00\x00\x07\x00\x00\xf0\xff\xff\xff\xff\x18\x00\x00\x00\x00\x00\x00\x00"
    "\x00\xf8\xff\xff\xff\xff\xff\xff\x00\x00\x00\x00\x00\x00\x00\x00\x5f\x79\xfe\xff\xff\xff\xff\xff\xa0\x86\x01\x00\x00\x00\x00\x00\xc0\x84\xff\xff\xff\xff\xff\xff\x3f\x7b\x00\x00\x00\x00\x00\x00\x00\x00\x00\xf0\xff\xff\xff\xff\x1f\x00\x00\x00\x00\x00\x00\x00"
    "\x00\xf8\xff\xff\xff\xff\xff\xff\x00\x00\x00\x00\x00\x00\x00\x00\x5f\x79\xfe\xff\xff\xff\xff\xff\xa0\x86\x01\x00\x00\x00\x00\x00\xbb\x84\xff\xff\xff\xff\xff\xff\x44\x7b\x00\x00\x00\x00\x00\x00\x1b\x00\x00\xf0\xff\xff\xff\xff\x04\x00\x00\x00\x00\x00\x00\x00"
    "\x00\xf8\xff\xff\xff\xff\xff\xff\x00\x00\x00\x00\x00\x00\x00\x00\x5f\x79\xfe\xff\xff\xff\xff\xff\xa0\x86\x01\x00\x00\x00\x00\x00\xaf\x84\xff\xff\xff\xff\xff\xff\x50\x7b\x00\x00\x00\x00\x00\x00\x0f\x00\x00\xf0\xff\xff\xff\xff\x10\x00\x00\x00\x00\x00\x00\x00"
    "\x00\xf8\xff\xff\xff\xff\xff\xff\x00\x00\x00\x00\x00\x00\x00\x00\x5f\x79\xfe\xff\xff\xff\xff\xff\xa0\x86\x01\x00\x00\x00\x00\x00\xaa\x84\xff\xff\xff\xff\xff\xff\x55\x7b\x00\x00\x00\x00\x00\x00\x0a\x00\x00\xf0\xff\xff\xff\xff\x15\x00\x00\x00\x00\x00\x00\x00"
    "\x00\xf8\xff\xff\xff\xff\xff\xff\x00\x00\x00\x00\x00\x00\x00\x00\x5f\x79\xfe\xff\xff\xff\xff\xff\xa0\x86\x01\x00\x00\x00\x00\x00\xa4\x84\xff\xff\xff\xff\xff\xff\x5b\x7b\x00\x00\x00\x00\x00\x00\x04\x00\x00\xf0\xff\xff\xff\xff\x1b\x00\x00\x00\x00\x00\x00\x00"
    "\x00\xf8\xff\xff\xff\xff\xff\xff\x00\x00\x00\x00\x00\x00\x00\x00\x5f\x79\xfe\xff\xff\xff\xff\xff\xa0\x86\x01\x00\x00\x00\x00\x00\xa1\x84\xff\xff\xff\xff\xff\xff\x5e\x7b\x00\x00\x00\x00\x00\x00\x01\x00\x00\xf0\xff\xff\xff\xff\x1e\x00\x00\x00\x00\x00\x00\x00"
    "\x00\xf8\xff\xff\xff\xff\xff\xff\x00\x00\x00\x00\x00\x00\x00\x00\x5f\x79\xfe\xff\xff\xff\xff\xff\xa0\x86\x01\x00\x00\x00\x00\x00\x58\x84\xff\xff\xff\xff\xff\xff\xa7\x7b\x00\x00\x00\x00\x00\x00\x18\x00\x00\xf0\xff\xff\xff\xff\x07\x00\x00\x00\x00\x00\x00\x00"
    "\x00\xf8\xff\xff\xff\xff\xff\xff\x00\x00\x00\x00\x00\x00\x00\x00\x5f\x79\xfe\xff\xff\xff\xff\xff\xa0\x86\x01\x00\x00\x00\x00\x00\x52\x84\xff\xff\xff\xff\xff\xff\xad\x7b\x00\x00\x00\x00\x00\x00\x12\x00\x00\xf0\xff\xff\xff\xff\x0d\x00\x00\x00\x00\x00\x00\x00"
    "\x00\xf8\xff\xff\xff\xff\xff\xff\x00\x00\x00\x00\x00\x00\x00\x00\x5f\x79\xfe\xff\xff\xff\xff\xff\xa0\x86\x01\x00\x00\x00\x00\x00\x4b\x84\xff\xff\xff\xff\xff\xff\xb4\x7b\x00\x00\x00\x00\x00\x00\x0b\x00\x00\xf0\xff\xff\xff\xff\x14\x00\x00\x00\x00\x00\x00\x00"
    "\x00\xf8\xff\xff\xff\xff\xff\xff\x00\x00\x00\x00\x00\x00\x00\x00\x5f\x79\xfe\xff\xff\xff\xff\xff\xa0\x86\x01\x00\x00\x00\x00\x00\x45\x84\xff\xff\xff\xff\xff\xff\xba\x7b\x00\x00\x00\x00\x00\x00\x05\x00\x00\xf0\xff\xff\xff\xff\x1a\x00\x00\x00\x00\x00\x00\x00"
    "\x00\xf8\xff\xff\xff\xff\xff\xff\x00\x00\x00\x00\x00\x00\x00\x00\x5f\x79\xfe\xff\xff\xff\xff\xff\xa0\x86\x01\x00\x00\x00\x00\x00\x1d\x84\xff\xff\xff\xff\xff\xff\xe2\x7b\x00\x00\x00\x00\x00\x00\x1d\x00\x00\xf0\xff\xff\xff\xff\x02\x00\x00\x00\x00\x00\x00\x00"
    "\x00\xf8\xff\xff\xff\xff\xff\xff\x00\x00\x00\x00\x00\x00\x00\x00\x5f\x79\xfe\xff\xff\xff\xff\xff\xa0\x86\x01\x00\x00\x00\x00\x00\x19\x84\xff\xff\xff\xff\xff\xff\xe6\x7b\x00\x00\x00\x00\x00\x00\x19\x00\x00\xf0\xff\xff\xff\xff\x06\x00\x00\x00\x00\x00\x00\x00"
    "\x00\xf8\xff\xff\xff\xff\xff\xff\x00\x00\x00\x00\x00\x00\x00\x00\x5f\x79\xfe\xff\xff\xff\xff\xff\xa0\x86\x01\x00\x00\x00\x00\x00\x15\x84\xff\xff\xff\xff\xff\xff\xea\x7b\x00\x00\x00\x00\x00\x00\x15\x00\x00\xf0\xff\xff\xff\xff\x0a\x00\x00\x00\x00\x00\x00\x00"
    "\x00\xf8\xff\xff\xff\xff\xff\xff\x00\x00\x00\x00\x00\x00\x00\x00\x5f\x79\xfe\xff\xff\xff\xff\xff\xa0\x86\x01\x00\x00\x00\x00\x00\x0e\x84\xff\xff\xff\xff\xff\xff\xf1\x7b\x00\x00\x00\x00\x00\x00\x0e\x00\x00\xf0\xff\xff\xff\xff\x11\x00\x00\x00\x00\x00\x00\x00"
    "\x00\xf8\xff\xff\xff\xff\xff\xff\x00\x00\x00\x00\x00\x00\x00\x00\x5f\x79\xfe\xff\xff\xff\xff\xff\xa0\x86\x01\x00\x00\x00\x00\x00\x07\x84\xff\xff\xff\xff\xff\xff\xf8\x7b\x00\x00\x00\x00\x00\x00\x07\x00\x00\xf0\xff\xff\xff\xff\x18\x00\x00\x00\x00\x00\x00\x00"
    "\x00\xf8\xff\xff\xff\xff\xff\xff\x00\x00\x00\x00\x00\x00\x00\x00\x5f\x79\xfe\xff\xff\xff\xff\xff\xa0\x86\x01\x00\x00\x00\x00\x00\xff\x83\xff\xff\xff\xff\xff\xff\x00\x7c\x00\x00\x00\x00\x00\x00\x1f\x00\x00\xf0\xff\xff\xff\xff\x00\x00\x00\x00\x00\x00\x00\x00"
    "\x00\xf8\xff\xff\xff\xff\xff\xff\x00\x00\x00\x00\x00\x00\x00\x00\x5f\x79\xfe\xff\xff\xff\xff\xff\xa0\x86\x01\x00\x00\x00\x00\x00\xf6\x83\xff\xff\xff\xff\xff\xff\x09\x7c\x00\x00\x00\x00\x00\x00\x16\x00\x00\xf0\xff\xff\xff\xff\x09\x00\x00\x00\x00\x00\x00\x00"
    "\x00\xf8\xff\xff\xff\xff\xff\xff\x00\x00\x00\x00\x00\x00\x00\x00\x5f\x79\xfe\xff\xff\xff\xff\xff\xa0\x86\x01\x00\x00\x00\x00\x00\xf0\x83\xff\xff\xff\xff\xff\xff\x0f\x7c\x00\x00\x00\x00\x00\x00\x10\x00\x00\xf0\xff\xff\xff\xff\x0f\x00\x00\x00\x00\x00\x00\x00"
    "\x00\xf8\xff\xff\xff\xff\xff\xff\x00\x00\x00\x00\x00\x00\x00\x00\x5f\x79\xfe\xff\xff\xff\xff\xff\xa0\x86\x01\x00\x00\x00\x00\x00\xe5\x83\xff\xff\xff\xff\xff\xff\x1a\x7c\x00\x00\x00\x00\x00\x00\x05\x00\x00\xf0\xff\xff\xff\xff\x1a\x00\x00\x00\x00\x00\x00\x00"
    "\x00\xf8\xff\xff\xff\xff\xff\xff\x00\x00\x00\x00\x00\x00\x00\x00\x5f\x79\xfe\xff\xff\xff\xff\xff\xa0\x86\x01\x00\x00\x00\x00\x00\xdf\x83\xff\xff\xff\xff\xff\xff\x20\x7c\x00\x00\x00\x00\x00\x00\x1f\x00\x00\xf0\xff\xff\xff\xff\x00\x00\x00\x00\x00\x00\x00\x00"
    "\x00\xf8\xff\xff\xff\xff\xff\xff\x00\x00\x00\x00\x00\x00\x00\x00\x5f\x79\xfe\xff\xff\xff\xff\xff\xa0\x86\x01\x00\x00\x00\x00\x00\xa0\x83\xff\xff\xff\xff\xff\xff\x5f\x7c\x00\x00\x00\x00\x00\x00\x00\x00\x00\xf0\xff\xff\xff\xff\x1f\x00\x00\x00\x00\x00\x00\x00"
    "\x00\xf8\xff\xff\xff\xff\xff\xff\x00\x00\x00\x00\x00\x00\x00\x00\x5f\x79\xfe\xff\xff\xff\xff\xff\xa0\x86\x01\x00\x00\x00\x00\x00\x6b\x83\xff\xff\xff\xff\xff\xff\x94\x7c\x00\x00\x00\x00\x00\x00\x0b\x00\x00\xf0\xff\xff\xff\xff\x14\x00\x00\x00\x00\x00\x00\x00"
    "\x00\xf8\xff\xff\xff\xff\xff\xff\x00\x00\x00\x00\x00\x00\x00\x00\x5f\x79\xfe\xff\xff\xff\xff\xff\xa0\x86\x01\x00\x00\x00\x00\x00\x68\x83\xff\xff\xff\xff\xff\xff\x97\x7c\x00\x00\x00\x00\x00\x00\x08\x00\x00\xf0\xff\xff\xff\xff\x17\x00\x00\x00\x00\x00\x00\x00"
    "\x00\xf8\xff\xff\xff\xff\xff\xff\x00\x00\x00\x00\x00\x00\x00\x00\x5f\x79\xfe\xff\xff\xff\xff\xff\xa0\x86\x01\x00\x00\x00\x00\x00\x65\x83\xff\xff\xff\xff\xff\xff\x9a\x7c\x00\x00\x00\x00\x00\x00\x05\x00\x00\xf0\xff\xff\xff\xff\x1a\x00\x00\x00\x00\x00\x00\x00"
    "\x00\xf8\xff\xff\xff\xff\xff\xff\x00\x00\x00\x00\x00\x00\x00\x00\x5f\x79\xfe\xff\xff\xff\xff\xff\xa0\x86\x01\x00\x00\x00\x00\x00\x62\x83\xff\xff\xff\xff\xff\xff\x9d\x7c\x00\x00\x00\x00\x00\x00\x02\x00\x00\xf0\xff\xff\xff\xff\x1d\x00\x00\x00\x00\x00\x00\x00"
    "\x00\xf8\xff\xff\xff\xff\xff\xff\x00\x00\x00\x00\x00\x00\x00\x00\x5f\x79\xfe\xff\xff\xff\xff\xff\xa0\x86\x01\x00\x00\x00\x00\x00\x5b\x83\xff\xff\xff\xff\xff\xff\xa4\x7c\x00\x00\x00\x00\x00\x00\x1b\x00\x00\xf0\xff\xff\xff\xff\x04\x00\x00\x00\x00\x00\x00\x00"
    "\x00\xf8\xff\xff\xff\xff\xff\xff\x00\x00\x00\x00\x00\x00\x00\x00\x5f\x79\xfe\xff\xff\xff\xff\xff\xa0\x86\x01\x00\x00\x00\x00\x00\x4c\x83\xff\xff\xff\xff\xff\xff\xb3\x7c\x00\x00\x00\x00\x00\x00\x0c\x00\x00\xf0\xff\xff\xff\xff\x13\x00\x00\x00\x00\x00\x00\x00"
    "\x00\xf8\xff\xff\xff\xff\xff\xff\x00\x00\x00\x00\x00\x00\x00\x00\x5f\x79\xfe\xff\xff\xff\xff\xff\xa0\x86\x01\x00\x00\x00\x00\x00\x2d\x83\xff\xff\xff\xff\xff\xff\xd2\x7c\x00\x00\x00\x00\x00\x00\x0d\x00\x00\xf0\xff\xff\xff\xff\x12\x00\x00\x00\x00\x00\x00\x00"
    "\x00\xf8\xff\xff\xff\xff\xff\xff\x00\x00\x00\x00\x00\x00\x00\x00\x5f\x79\xfe\xff\xff\xff\xff\xff\xa0\x86\x01\x00\x00\x00\x00\x00\x28\x83\xff\xff\xff\xff\xff\xff\xd7\x7c\x00\x00\x00\x00\x00\x00\x08\x00\x00\xf0\xff\xff\xff\xff\x17\x00\x00\x00\x00\x00\x00\x00"
    "\x00\xf8\xff\xff\xff\xff\xff\xff\x00\x00\x00\x00\x00\x00\x00\x00\x5f\x79\xfe\xff\xff\xff\xff\xff\xa0\x86\x01\x00\x00\x00\x00\x00\xfb\x82\xff\xff\xff\xff\xff\xff\x04\x7d\x00\x00\x00\x00\x00\x00\x1b\x00\x00\xf0\xff\xff\xff\xff\x04\x00\x00\x00\x00\x00\x00\x00"
    "\x00\xf8\xff\xff\xff\xff\xff\xff\x00\x00\x00\x00\x00\x00\x00\x00\x5f\x79\xfe\xff\xff\xff\xff\xff\xa0\x86\x01\x00\x00\x00\x00\x00\xf6\x82\xff\xff\xff\xff\xff\xff\x09\x7d\x00\x00\x00\x00\x00\x00\x16\x00\x00\xf0\xff\xff\xff\xff\x09\x00\x00\x00\x00\x00\x00\x00"
    "\x00\xf8\xff\xff\xff\xff\xff\xff\x00\x00\x00\x00\x00\x00\x00\x00\x5f\x79\xfe\xff\xff\xff\xff\xff\xa0\x86\x01\x00\x00\x00\x00\x00\x49\x7e\xff\xff\xff\xff\xff\xff\xb6\x81\x00\x00\x00\x00\x00\x00\x09\x00\x00\xf0\xff\xff\xff\xff\x16\x00\x00\x00\x00\x00\x00\x00"
    "\x00\xf8\xff\xff\xff\xff\xff\xff\x00\x00\x00\x00\x00\x00\x00\x00\x5f\x79\xfe\xff\xff\xff\xff\xff\xa0\x86\x01\x00\x00\x00\x00\x00\x40\x7e\xff\xff\xff\xff\xff\xff\xbf\x81\x00\x00\x00\x00\x00\x00\x00\x00\x00\xf0\xff\xff\xff\xff\x1f\x00\x00\x00\x00\x00\x00\x00"
    "\x00\xf8\xff\xff\xff\xff\xff\xff\x00\x00\x00\x00\x00\x00\x00\x00\x5f\x79\xfe\xff\xff\xff\xff\xff\xa0\x86\x01\x00\x00\x00\x00\x00\x3e\x7c\xff\xff\xff\xff\xff\xff\xc1\x83\x00\x00\x00\x00\x00\x00\x1e\x00\x00\xf0\xff\xff\xff\xff\x01\x00\x00\x00\x00\x00\x00\x00"
    "\x00\xf8\xff\xff\xff\xff\xff\xff\x00\x00\x00\x00\x00\x00\x00\x00\x5f\x79\xfe\xff\xff\xff\xff\xff\xa0\x86\x01\x00\x00\x00\x00\x00\x3b\x7c\xff\xff\xff\xff\xff\xff\xc4\x83\x00\x00\x00\x00\x00\x00\x1b\x00\x00\xf0\xff\xff\xff\xff\x04\x00\x00\x00\x00\x00\x00\x00"
    "\x00\xf8\xff\xff\xff\xff\xff\xff\x00\x00\x00\x00\x00\x00\x00\x00\x5f\x79\xfe\xff\xff\xff\xff\xff\xa0\x86\x01\x00\x00\x00\x00\x00\x31\x7c\xff\xff\xff\xff\xff\xff\xce\x83\x00\x00\x00\x00\x00\x00\x11\x00\x00\xf0\xff\xff\xff\xff\x0e\x00\x00\x00\x00\x00\x00\x00"
    "\x00\xf8\xff\xff\xff\xff\xff\xff\x00\x00\x00\x00\x00\x00\x00\x00\x5f\x79\xfe\xff\xff\xff\xff\xff\xa0\x86\x01\x00\x00\x00\x00\x00\x2e\x7c\xff\xff\xff\xff\xff\xff\xd1\x83\x00\x00\x00\x00\x00\x00\x0e\x00\x00\xf0\xff\xff\xff\xff\x11\x00\x00\x00\x00\x00\x00\x00"
    "\x00\xf8\xff\xff\xff\xff\xff\xff\x00\x00\x00\x00\x00\x00\x00\x00\x5f\x79\xfe\xff\xff\xff\xff\xff\xa0\x86\x01\x00\x00\x00\x00\x00\x2b\x7c\xff\xff\xff\xff\xff\xff\xd4\x83\x00\x00\x00\x00\x00\x00\x0b\x00\x00\xf0\xff\xff\xff\xff\x14\x00\x00\x00\x00\x00\x00\x00"
    "\x00\xf8\xff\xff\xff\xff\xff\xff\x00\x00\x00\x00\x00\x00\x00\x00\x5f\x79\xfe\xff\xff\xff\xff\xff\xa0\x86\x01\x00\x00\x00\x00\x00\x28\x7c\xff\xff\xff\xff\xff\xff\xd7\x83\x00\x00\x00\x00\x00\x00\x08\x00\x00\xf0\xff\xff\xff\xff\x17\x00\x00\x00\x00\x00\x00\x00"
    "\x00\xf8\xff\xff\xff\xff\xff\xff\x00\x00\x00\x00\x00\x00\x00\x00\x5f\x79\xfe\xff\xff\xff\xff\xff\xa0\x86\x01\x00\x00\x00\x00\x00\x25\x7c\xff\xff\xff\xff\xff\xff\xda\x83\x00\x00\x00\x00\x00\x00\x05\x00\x00\xf0\xff\xff\xff\xff\x1a\x00\x00\x00\x00\x00\x00\x00"
    "\x00\xf8\xff\xff\xff\xff\xff\xff\x00\x00\x00\x00\x00\x00\x00\x00\x5f\x79\xfe\xff\xff\xff\xff\xff\xa0\x86\x01\x00\x00\x00\x00\x00\x05\x7c\xff\xff\xff\xff\xff\xff\xfa\x83\x00\x00\x00\x00\x00\x00\x05\x00\x00\xf0\xff\xff\xff\xff\x1a\x00\x00\x00\x00\x00\x00\x00"
    "\x00\xf8\xff\xff\xff\xff\xff\xff\x00\x00\x00\x00\x00\x00\x00\x00\x5f\x79\xfe\xff\xff\xff\xff\xff\xa0\x86\x01\x00\x00\x00\x00\x00\xa1\x1c\xff\xff\xff\xff\xff\xff\x5e\xe3\x00\x00\x00\x00\x00\x00\x01\x00\x00\xf0\xff\xff\xff\xff\x1e\x00\x00\x00\x00\x00\x00\x00"
    "\x00\xf8\xff\xff\xff\xff\xff\xff\x00\x00\x00\x00\x00\x00\x00\x00\x5f\x79\xfe\xff\xff\xff\xff\xff\xa0\x86\x01\x00\x00\x00\x00\x00\x9d\x1c\xff\xff\xff\xff\xff\xff\x62\xe3\x00\x00\x00\x00\x00\x00\x1d\x00\x00\xf0\xff\xff\xff\xff\x02\x00\x00\x00\x00\x00\x00\x00"
    "\x00\xf8\xff\xff\xff\xff\xff\xff\x00\x00\x00\x00\x00\x00\x00\x00\x5f\x79\xfe\xff\xff\xff\xff\xff\xa0\x86\x01\x00\x00\x00\x00\x00\x78\x1c\xff\xff\xff\xff\xff\xff\x87\xe3\x00\x00\x00\x00\x00\x00\x18\x00\x00\xf0\xff\xff\xff\xff\x07\x00\x00\x00\x00\x00\x00\x00"
    "\x00\xf8\xff\xff\xff\xff\xff\xff\x00\x00\x00\x00\x00\x00\x00\x00\x5f\x79\xfe\xff\xff\xff\xff\xff\xa0\x86\x01\x00\x00\x00\x00\x00\x6f\x1c\xff\xff\xff\xff\xff\xff\x90\xe3\x00\x00\x00\x00\x00\x00\x0f\x00\x00\xf0\xff\xff\xff\xff\x10\x00\x00\x00\x00\x00\x00\x00"
    "\x00\xf8\xff\xff\xff\xff\xff\xff\x00\x00\x00\x00\x00\x00\x00\x00\x5f\x79\xfe\xff\xff\xff\xff\xff\xa0\x86\x01\x00\x00\x00\x00\x00\x6c\x1c\xff\xff\xff\xff\xff\xff\x93\xe3\x00\x00\x00\x00\x00\x00\x0c\x00\x00\xf0\xff\xff\xff\xff\x13\x00\x00\x00\x00\x00\x00\x00"
    "\x00\xf8\xff\xff\xff\xff\xff\xff\x00\x00\x00\x00\x00\x00\x00\x00\x5f\x79\xfe\xff\xff\xff\xff\xff\xa0\x86\x01\x00\x00\x00\x00\x00\x62\x1c\xff\xff\xff\xff\xff\xff\x9d\xe3\x00\x00\x00\x00\x00\x00\x02\x00\x00\xf0\xff\xff\xff\xff\x1d\x00\x00\x00\x00\x00\x00\x00"
    "\x00\xf8\xff\xff\xff\xff\xff\xff\x00\x00\x00\x00\x00\x00\x00\x00\x5f\x79\xfe\xff\xff\xff\xff\xff\xa0\x86\x01\x00\x00\x00\x00\x00\x5f\x1c\xff\xff\xff\xff\xff\xff\xa0\xe3\x00\x00\x00\x00\x00\x00\x1f\x00\x00\xf0\xff\xff\xff\xff\x00\x00\x00\x00\x00\x00\x00\x00"
    "\x00\xf8\xff\xff\xff\xff\xff\xff\x00\x00\x00\x00\x00\x00\x00\x00\x5f\x79\xfe\xff\xff\xff\xff\xff\xa0\x86\x01\x00\x00\x00\x00\x00\xff\x1b\xff\xff\xff\xff\xff\xff\x00\xe4\x00\x00\x00\x00\x00\x00\x1f\x00\x00\xf0\xff\xff\xff\xff\x00\x00\x00\x00\x00\x00\x00\x00"
    "\x00\xf8\xff\xff\xff\xff\xff\xff\x00\x00\x00\x00\x00\x00\x00\x00\x5f\x79\xfe\xff\xff\xff\xff\xff\xa0\x86\x01\x00\x00\x00\x00\x00\xf7\x1b\xff\xff\xff\xff\xff\xff\x08\xe4\x00\x00\x00\x00\x00\x00\x17\x00\x00\xf0\xff\xff\xff\xff\x08\x00\x00\x00\x00\x00\x00\x00"
    "\x00\xf8\xff\xff\xff\xff\xff\xff\x00\x00\x00\x00\x00\x00\x00\x00\x5f\x79\xfe\xff\xff\xff\xff\xff\xa0\x86\x01\x00\x00\x00\x00\x00\xed\x1b\xff\xff\xff\xff\xff\xff\x12\xe4\x00\x00\x00\x00\x00\x00\x0d\x00\x00\xf0\xff\xff\xff\xff\x12\x00\x00\x00\x00\x00\x00\x00"
    "\x00\xf8\xff\xff\xff\xff\xff\xff\x00\x00\x00\x00\x00\x00\x00\x00\x5f\x79\xfe\xff\xff\xff\xff\xff\xa0\x86\x01\x00\x00\x00\x00\x00\xa9\x15\xff\xff\xff\xff\xff\xff\x56\xea\x00\x00\x00\x00\x00\x00\x09\x00\x00\xf0\xff\xff\xff\xff\x16\x00\x00\x00\x00\x00\x00\x00"
    "\x00\xf8\xff\xff\xff\xff\xff\xff\x00\x00\x00\x00\x00\x00\x00\x00\x5f\x79\xfe\xff\xff\xff\xff\xff\xa0\x86\x01\x00\x00\x00\x00\x00\xa3\x15\xff\xff\xff\xff\xff\xff\x5c\xea\x00\x00\x00\x00\x00\x00\x03\x00\x00\xf0\xff\xff\xff\xff\x1c\x00\x00\x00\x00\x00\x00\x00"
    "\x00\xf8\xff\xff\xff\xff\xff\xff\x00\x00\x00\x00\x00\x00\x00\x00\x5f\x79\xfe\xff\xff\xff\xff\xff\xa0\x86\x01\x00\x00\x00\x00\x00\x9e\x15\xff\xff\xff\xff\xff\xff\x61\xea\x00\x00\x00\x00\x00\x00\x1e\x00\x00\xf0\xff\xff\xff\xff\x01\x00\x00\x00\x00\x00\x00\x00"
    "\x00\x00\x00\x00\x00\x00\xf0\xff\x00\x00\x00\x00\x00\x00\x00\x00\x9b\xff\xff\xff\xff\xff\xff\xff\x64\x00\x00\x00\x00\x00\x00\x00\x80\xff\xff\xff\xff\xff\xff\xff\x00\x00\x00\x00\x00\x00\x00\x00\x00\x00\x00\x00\x00\x00\x00\xf8\x00\x00\x00\x00\x00\x00\x00\x00"
    "\x00\x80\xff\xff\xff\xff\xff\xff\x00\x00\x00\x00\x00\x00\x00\x00\xeb\xff\xff\xff\xff\xff\xff\xff\x14\x00\x00\x00\x00\x00\x00\x00\x01\x00\xfc\xff\xff\xff\xff\xff\x02\x00\x00\x00\x00\x00\x00\x00\x01\x00\xf0\xff\xff\xff\xff\xff\x02\x00\x00\x00\x00\x00\x00\x00"
    "\xc0\xff\xff\xff\xff\xff\xff\xff\x00\x00\x00\x00\x00\x00\x00\x00\x27\x00\x00\x00\x00\x00\x00\x00\xd8\xff\xff\xff\xff\xff\xff\xff\xff\xf5\xff\xff\xff\xff\xff\xff\x00\x0a\x00\x00\x00\x00\x00\x00\x07\xf0\xff\xff\xff\xff\xff\xff\x00\x00\x00\x00\x00\x00\x00\x00"
    "\x80\xff\xff\xff\xff\xff\xff\xff\x00\x00\x00\x00\x00\x00\x00\x00\x0b\x00\x00\x00\x00\x00\x00\x00\xf4\xff\xff\xff\xff\xff\xff\xff\xff\xf9\xff\xff\xff\xff\xff\xff\x00\x06\x00\x00\x00\x00\x00\x00\x03\xf8\xff\xff\xff\xff\xff\xff\x00\x00\x00\x00\x00\x00\x00\x00";

static const ::KnownBitsPatterns::BwTable kTables[] = {
  {32u, 108u, kBlob_bw32_0},
  {64u, 742u, kBlob_bw64_0},
};
} // namespace

std::array<APInt, 2> solution(unsigned bw, std::array<APInt, 2> ssa_0, std::array<APInt, 2> ssa_1, std::array<APInt, 2> ssa_2) {
  const std::array<APInt, 2> args[3] = {ssa_0, ssa_1, ssa_2};
  return ::KnownBitsPatterns::lookupKB<3>(bw, args, kTables, std::size(kTables));
}
}
