namespace AddNswNuw_MulNswNuw_arg0_arg1_arg2 {
namespace {
static const unsigned char kBlob_bw8_0[] =
    "\xfc\x00\xfc\x03\xfe\x01\xf0\x00"
    "\xfc\x00\xf9\x06\xf9\x06\xe1\x00"
    "\xfe\x00\xfc\x03\xfc\x03\xf8\x02"
    "\xfc\x00\xfc\x03\xfc\x03\xf0\x00"
    "\xfe\x00\xfc\x03\xfe\x01\xfa\x00"
    "\xf8\x00\xfc\x03\xfc\x00\xe0\x00"
    "\xfc\x00\xfc\x03\xfb\x04\xf0\x00";
static const unsigned char kBlob_bw16_0[] =
    "\xe0\xff\x00\x00\x00\xff\xff\x00\xef\xff\x10\x00\x00\xe0\x00\x00"
    "\xc0\xff\x00\x00\x00\xff\xff\x00\xdf\xff\x20\x00\x00\xc0\x00\x00"
    "\x00\xff\x00\x00\xfa\xff\x05\x00\x00\xfe\x00\x00\x00\xf8\x00\x00"
    "\x00\xff\x00\x00\xe0\xff\x1f\x00\x7f\xff\x80\x00\x00\xe0\x00\x00"
    "\x00\xff\x00\x00\xc0\xff\x3f\x00\x7f\xff\x80\x00\x00\xc0\x00\x00"
    "\x00\xff\x00\x00\xfc\xff\x03\x00\x00\xff\x00\x00\x00\xfc\x00\x00"
    "\x80\xff\x00\x00\xf5\xff\x0a\x00\x80\xff\x00\x00\x00\xf8\x00\x00"
    "\x00\xff\x00\x00\xf9\xff\x06\x00\x00\xfe\x00\x00\x00\xf8\x00\x00"
    "\x00\xff\x00\x00\xe0\xff\x1f\x00\x81\xff\x7e\x00\x00\xe0\x00\x00"
    "\xf0\xff\x00\x00\xf9\xff\x06\x00\xf9\xff\x06\x00\x81\xff\x00\x00"
    "\x00\xfe\x00\x00\xeb\xff\x14\x00\x00\xff\x00\x00\x00\xc0\x00\x00"
    "\x00\xff\x00\x00\xc0\xff\x3f\x00\x81\xff\x7e\x00\x00\xc0\x00\x00"
    "\x00\xff\x00\x00\xf6\xff\x09\x00\x00\xfc\x00\x00\x00\xf0\x00\x00"
    "\x00\xff\x00\x00\xcc\xff\x33\x00\xbf\xff\x40\x00\x00\xc0\x00\x00"
    "\x00\xff\x00\x00\xe6\xff\x19\x00\xbf\xff\x40\x00\x00\xe0\x00\x00"
    "\x00\xff\x00\x00\xe2\xff\x1d\x00\x7f\xff\x80\x00\x00\xe0\x00\x00"
    "\x00\xfe\x00\x00\xf5\xff\x0a\x00\x80\xff\x00\x00\x00\xe0\x00\x00"
    "\xf0\xff\x00\x00\xf5\xff\x0a\x00\xf0\xff\x00\x00\x00\xff\x00\x00"
    "\x00\xff\x00\x00\xf5\xff\x0a\x00\x80\xff\x00\x00\x00\xf0\x00\x00"
    "\x00\xff\x00\x00\xf9\xff\x06\x00\xf7\xff\x08\x00\x01\xf8\x00\x00"
    "\xf8\xff\x00\x00\xfa\xff\x05\x00\xfa\xff\x05\x00\xc0\xff\x00\x00"
    "\x00\xff\x00\x00\xe0\xff\x00\x00\xf7\xff\x08\x00\x00\xe0\x00\x00"
    "\x00\xff\x00\x00\xf5\xff\x0a\x00\xf7\xff\x08\x00\x01\xf0\x00\x00"
    "\x80\xff\x00\x00\xc0\xff\x3f\x00\xcd\xff\x32\x00\x00\xe0\x00\x00"
    "\x80\xff\x00\x00\xf9\xff\x06\x00\xf0\xff\x00\x00\x00\xfc\x00\x00"
    "\x80\xff\x00\x00\x9b\xff\x64\x00\x80\xff\x00\x00\x00\xc0\x00\x00"
    "\xf0\xff\x00\x00\xfc\xff\x03\x00\xfe\xff\x01\x00\xc0\xff\x00\x00"
    "\xf0\xff\x00\x00\x9b\xff\x64\x00\x01\xff\x00\x00\x01\xf8\x00\x00"
    "\xf0\xff\x00\x00\xf9\xff\x06\x00\xf0\xff\x00\x00\x80\xff\x00\x00"
    "\xe0\xff\x00\x00\xc3\xff\x3c\x00\x80\xff\x00\x00\x00\xf8\x00\x00";
static const unsigned char kBlob_bw32_0[] =
    "\x00\xff\xff\xff\x00\x00\x00\x00\x00\xff\xff\xff\x00\x00\x00\x00\x00\xff\xff\xff\x00\x00\x00\x00\x00\x00\xff\xff\x00\x00\x00\x00"
    "\xe0\xff\xff\xff\x00\x00\x00\x00\xf6\xff\xff\xff\x09\x00\x00\x00\xb6\xff\xff\xff\x49\x00\x00\x00\x00\xfe\xff\xff\x00\x00\x00\x00"
    "\x00\x00\xfe\xff\x00\x00\x00\x00\xeb\xff\xff\xff\x14\x00\x00\x00\x00\x00\xfc\xff\x00\x00\x00\x00\x00\x00\xc0\xff\x00\x00\x00\x00"
    "\x00\xff\xff\xff\x00\x00\x00\x00\xfc\xff\xff\xff\x03\x00\x00\x00\x00\xff\xff\xff\x00\x00\x00\x00\x00\xfc\xff\xff\x00\x00\x00\x00"
    "\x00\xfe\xff\xff\x00\x00\x00\x00\xa2\xf7\xff\xff\x5d\x08\x00\x00\xe6\xfa\xfc\xff\x19\x05\x03\x00\x00\x00\xe0\xff\x00\x00\x00\x00"
    "\x00\xfe\xff\xff\x00\x00\x00\x00\xeb\xff\xff\xff\x14\x00\x00\x00\x00\xfc\xff\xff\x00\x00\x00\x00\x00\xc0\xff\xff\x00\x00\x00\x00"
    "\xc0\xff\xff\xff\x00\x00\x00\x00\xf6\xff\xff\xff\x09\x00\x00\x00\xb6\xff\xff\xff\x49\x00\x00\x00\x00\xfc\xff\xff\x00\x00\x00\x00"
    "\x00\xff\xff\xff\x00\x00\x00\x00\x8c\xef\xff\xff\x73\x10\x00\x00\xff\xdf\xfb\xff\x00\x20\x04\x00\x00\x00\xe0\xff\x00\x00\x00\x00"
    "\xe0\xff\xff\xff\x00\x00\x00\x00\xf0\xfd\xff\xff\x0f\x02\x00\x00\xe8\xff\xff\xff\x17\x00\x00\x00\x00\xc0\xff\xff\x00\x00\x00\x00"
    "\x00\xfe\xff\xff\x00\x00\x00\x00\xf3\xf1\xff\xff\x0c\x0e\x00\x00\xff\xdf\xdf\xff\x00\x20\x20\x00\x03\x00\xc0\xff\x00\x00\x20\x00"
    "\x00\xfe\xff\xff\x00\x00\x00\x00\xeb\xff\xff\xff\x14\x00\x00\x00\xe3\xff\xff\xff\x00\x00\x00\x00\x03\xc0\xff\xff\x00\x00\x00\x00"
    "\x00\xff\xff\xff\x00\x00\x00\x00\xe2\xff\xff\xff\x1d\x00\x00\x00\x7f\xff\xff\xff\x80\x00\x00\x00\x00\xe0\xff\xff\x00\x00\x00\x00"
    "\xc0\xff\xff\xff\x00\x00\x00\x00\xfc\xfe\xff\xff\x03\x01\x00\x00\xde\xff\xff\xff\x21\x00\x00\x00\x00\xc0\xff\xff\x00\x00\x00\x00"
    "\x00\x80\xff\xff\x00\x00\x00\x00\x9b\xff\xff\xff\x64\x00\x00\x00\x1f\x80\xff\xff\xe0\x7f\x00\x00\x03\x00\xc0\xff\x00\x00\x00\x00"
    "\xfc\xff\xff\xff\x00\x00\x00\x00\xfc\xff\xff\xff\x03\x00\x00\x00\xfc\xff\xff\xff\x00\x00\x00\x00\xf0\xff\xff\xff\x00\x00\x00\x00"
    "\x00\xff\xff\xff\x00\x00\x00\x00\xf9\xff\xff\xff\x06\x00\x00\x00\xf9\xff\xff\xff\x06\x00\x00\x00\x01\xf8\xff\xff\x00\x00\x00\x00"
    "\xc0\xff\xff\xff\x00\x00\x00\x00\x00\x00\xff\xff\x00\x00\x00\x00\xef\xff\xff\xff\x10\x00\x00\x00\x00\x00\xc0\xff\x00\x00\x00\x00"
    "\x00\x00\xfe\xff\x00\x00\x00\x00\x00\xff\xff\xff\x00\x00\x00\x00\xfd\xff\xff\xff\x02\x00\x00\x00\x00\x00\x00\xfe\x00\x00\x00\x00"
    "\x00\x00\xff\xff\x00\x00\x00\x00\xfc\xff\xff\xff\x03\x00\x00\x00\x00\x00\xff\xff\x00\x00\x00\x00\x00\x00\xfc\xff\x00\x00\x00\x00"
    "\x00\x00\xff\xff\x00\x00\x00\x00\x00\xff\xff\xff\x00\x00\x00\x00\x00\x00\xff\xff\x00\x00\x00\x00\x00\x00\x00\xff\x00\x00\x00\x00"
    "\x00\xff\xff\xff\x00\x00\x00\x00\xfa\xff\xff\xff\x05\x00\x00\x00\x00\xfe\xff\xff\x00\x00\x00\x00\x00\xf8\xff\xff\x00\x00\x00\x00"
    "\x00\xff\xff\xff\x00\x00\x00\x00\x38\xbe\xff\xff\xc7\x41\x00\x00\xff\x7f\xef\xff\x00\x80\x10\x00\x00\x00\x80\xff\x00\x00\x00\x00"
    "\x00\x00\xfe\xff\x00\x00\x00\x00\xeb\xff\xff\xff\x14\x00\x00\x00\xef\xff\xff\xff\x10\x00\x00\x00\x03\x00\xc0\xff\x00\x00\x00\x00"
    "\x00\xff\x00\xff\x00\x00\x00\x00\xfc\xff\xff\xff\x03\x00\x00\x00\x00\xff\x00\xff\x00\x00\x00\x00\x00\xfc\x00\xfc\x00\x00\x00\x00"
    "\xc0\xff\xff\xff\x00\x00\x00\x00\x00\xff\xff\xff\x00\x00\x00\x00\xef\xff\xff\xff\x10\x00\x00\x00\x00\xc0\xff\xff\x00\x00\x00\x00"
    "\x00\xff\xff\xff\x00\x00\x00\x00\x22\x69\xff\xff\xdd\x96\x00\x00\x03\x00\xe0\xff\x00\x00\x00\x00\x00\x00\x00\xff\x00\x00\x00\x00"
    "\x00\xff\xff\xff\x00\x00\x00\x00\xf5\xff\xff\xff\x0a\x00\x00\x00\x00\xff\xff\xff\x00\x00\x00\x00\x00\xf0\xff\xff\x00\x00\x00\x00"
    "\x00\xfe\xff\xff\x00\x00\x00\x00\xeb\xff\xff\xff\x14\x00\x00\x00\xf0\xff\xff\xff\x0f\x00\x00\x00\x00\xc0\xff\xff\x03\x00\x00\x00"
    "\x00\xff\xff\xff\x00\x00\x00\x00\xf9\xff\xff\xff\x06\x00\x00\x00\x00\xfe\xff\xff\x00\x00\x00\x00\x00\xf8\xff\xff\x00\x00\x00\x00"
    "\x00\xff\xff\xff\x00\x00\x00\x00\xcd\xfe\xff\xff\x32\x01\x00\x00\xff\xfd\xff\xff\x00\x02\x00\x00\x01\x00\xfe\xff\x00\x00\x00\x00"
    "\x00\xff\xff\xff\x00\x00\x00\x00\x69\xff\xff\xff\x96\x00\x00\x00\x00\xc0\xff\xff\x00\x00\x00\x00\x00\x00\xff\xff\x00\x00\x00\x00"
    "\x00\x00\xff\xff\x00\x00\x00\x00\x00\xfc\xff\xff\xff\x03\x00\x00\x00\x80\xff\xff\xff\x7f\x00\x00\x00\x00\x00\xfc\x00\x00\x00\x00"
    "\x00\xff\xff\xff\x00\x00\x00\x00\xeb\xff\xff\xff\x14\x00\x00\x00\x00\xfe\xff\xff\x00\x00\x00\x00\x00\xe0\xff\xff\x00\x00\x00\x00"
    "\x00\xff\xff\xff\x00\x00\x00\x00\xcb\xff\xff\xff\x34\x00\x00\x00\x00\xfe\xff\xff\x00\x00\x00\x00\x00\xc0\xff\xff\x00\x00\x00\x00"
    "\x00\xff\xff\xff\x00\x00\x00\x00\x3d\xfe\xff\xff\xc2\x01\x00\x00\x00\xfe\xff\xff\xff\x01\x00\x00\x00\x00\xfe\xff\x01\x00\x00\x00"
    "\x00\xff\xff\xff\x00\x00\x00\x00\xe5\xff\xff\xff\x1a\x00\x00\x00\x00\xff\xff\xff\x00\x00\x00\x00\x00\xe0\xff\xff\x00\x00\x00\x00"
    "\x00\xff\xff\xff\x00\x00\x00\x00\xf8\xfc\xfe\xff\x07\x03\x01\x00\xfc\xff\xff\xff\x03\x00\x00\x00\x00\x00\x00\xfe\x00\x00\x00\x00"
    "\x00\x00\xff\xff\x00\x00\x00\x00\x00\xc0\xff\xff\x00\x00\x00\x00\x01\x00\xff\xff\x00\x00\x00\x00\x00\x00\x00\xc0\x00\x00\x00\x00"
    "\xe0\xff\xff\xff\x00\x00\x00\x00\xf6\xff\xff\xff\x09\x00\x00\x00\x76\xff\xff\xff\x89\x00\x00\x00\x00\xfe\xff\xff\x00\x00\x00\x00"
    "\x00\x00\xfe\xff\x00\x00\x00\x00\xe8\xff\xff\xff\x17\x00\x00\x00\x01\x00\xfe\xff\x00\x00\x00\x00\x00\x00\xc0\xff\x00\x00\x00\x00"
    "\xfc\xff\xff\xff\x00\x00\x00\x00\x00\x00\xff\xff\x00\x00\x00\x00\xfb\xff\xff\xff\x04\x00\x00\x00\x00\x00\xfc\xff\x00\x00\x00\x00"
    "\xf8\xff\xff\xff\x00\x00\x00\x00\x00\x00\xff\xff\x00\x00\x00\x00\xf7\xff\xff\xff\x08\x00\x00\x00\x00\x00\xf8\xff\x00\x00\x00\x00"
    "\xf0\xff\xff\xff\x00\x00\x00\x00\x00\x00\xff\xff\x00\x00\x00\x00\xef\xff\xff\xff\x10\x00\x00\x00\x00\x00\xf0\xff\x00\x00\x00\x00"
    "\xe0\xff\xff\xff\x00\x00\x00\x00\x00\x00\xff\xff\x00\x00\x00\x00\xdf\xff\xff\xff\x20\x00\x00\x00\x00\x00\xe0\xff\x00\x00\x00\x00"
    "\x00\xff\x00\xff\x00\x00\x00\x00\xf8\xff\xff\xff\x07\x00\x00\x00\x00\xff\x00\xff\x00\x00\x00\x00\x00\xf8\x00\xf8\x00\x00\x00\x00"
    "\x00\x80\xff\xff\x00\x00\x00\x00\xfc\xff\xff\xff\x03\x00\x00\x00\xc3\xff\xff\xff\x3c\x00\x00\x00\x00\x00\xfe\xff\x00\x00\x00\x00"
    "\x00\xff\xff\xff\x00\x00\x00\x00\xac\x00\xfc\xff\x53\xff\x03\x00\x00\xfe\xff\xff\xff\x01\x00\x00\x00\x00\x00\xfc\x00\x00\x00\x00"
    "\x00\xff\xff\xff\x00\x00\x00\x00\x44\xff\xff\xff\xbb\x00\x00\x00\xff\xbd\xff\xff\x00\x42\x00\x00\x00\x00\xff\xff\x00\x00\x00\x00"
    "\x00\xff\xff\xff\x00\x00\x00\x00\x9d\xef\xf7\xff\x62\x10\x08\x00\xff\xff\xf7\xfe\x00\x00\x08\x01\x01\x00\x00\xf0\x00\x00\x00\x00"
    "\x00\xff\xff\xff\x00\x00\x00\x00\x00\x00\xff\xff\x00\x00\x00\x00\x3f\x80\xff\xff\x00\x00\x00\x00\x00\x00\x00\xff\x00\x00\x00\x00"
    "\x00\xfe\xff\xff\x00\x00\x00\x00\xea\xff\xff\xff\x15\x00\x00\x00\xef\xff\xff\xff\x10\x00\x00\x00\x00\xc0\xff\xff\x00\x00\x00\x00"
    "\x00\x00\xff\xff\x00\x00\x00\x00\xfe\xfe\xff\xff\x01\x01\x00\x00\x7f\x7f\xff\xff\x80\x80\x00\x00\x00\x00\x00\xfe\x00\x00\x00\x00"
    "\x07\xff\xff\xff\x00\x00\x00\x00\x68\xf1\xff\xff\x97\x0e\x00\x00\xff\xbf\xff\xff\x00\x40\x00\x00\x07\x00\xf0\xff\x00\x00\x00\x00"
    "\x00\xff\x00\xff\x00\x00\x00\x00\xfa\xff\xff\xff\x05\x00\x00\x00\x01\xfe\x01\xfe\x00\x00\x00\x00\x00\xf8\x00\xf8\x00\x00\x00\x00"
    "\x00\xfc\xff\xff\x00\x00\x00\x00\x00\x00\xff\xff\xff\xff\x00\x00\x00\xfe\xff\xff\xff\x01\x00\x00\x00\x00\x00\xfc\x00\x00\x00\x00"
    "\x01\xfc\xff\xff\x00\x00\x00\x00\x7f\x8f\xff\xff\x80\x70\x00\x00\xff\xff\xfd\xfd\x00\x00\x02\x02\xff\x00\x00\xfc\x00\x00\x00\x02"
    "\x00\x00\xff\xff\x00\x00\x00\x00\xfa\xff\xff\xff\x05\x00\x00\x00\x00\x00\xfe\xff\x00\x00\x00\x00\x00\x00\xf8\xff\x00\x00\x00\x00"
    "\x80\xff\xff\xff\x00\x00\x00\x00\xfc\xff\xff\xff\x03\x00\x00\x00\x80\xff\xff\xff\x00\x00\x00\x00\x00\xfe\xff\xff\x00\x00\x00\x00"
    "\x00\x00\xff\xff\x00\x00\x00\x00\xf9\xff\xff\xff\x06\x00\x00\x00\x00\x00\xff\xff\x00\x00\x00\x00\x00\x00\xf8\xff\x00\x00\x00\x00"
    "\x00\x00\xff\xff\x00\x00\x00\x00\xf6\xff\xff\xff\x09\x00\x00\x00\x00\x00\xfc\xff\x00\x00\x00\x00\x00\x00\xf0\xff\x00\x00\x00\x00"
    "\x00\xff\xff\xff\x00\x00\x00\x00\x97\x00\xfc\xff\x68\xff\x03\x00\x00\xfe\xff\xff\xff\x01\x00\x00\x00\x00\x00\xfc\x07\x00\x00\x00"
    "\x03\xfc\xff\xff\x00\x00\x00\x00\x7f\x8f\xff\xff\x80\x70\x00\x00\xff\xff\xfd\xfd\x00\x00\x02\x02\xff\x01\x00\xfc\x00\x00\x00\x02"
    "\xf0\xff\xff\xff\x00\x00\x00\x00\xf5\xff\xff\xff\x0a\x00\x00\x00\xf0\xff\xff\xff\x00\x00\x00\x00\x00\xff\xff\xff\x00\x00\x00\x00"
    "\x00\x00\xff\xff\x00\x00\x00\x00\xf9\xff\xff\xff\x06\x00\x00\x00\x03\x00\xfe\xff\x00\x00\x00\x00\x01\x00\xf8\xff\x00\x00\x00\x00"
    "\x00\xff\xff\xff\x00\x00\x00\x00\xe0\xff\xff\xff\x1f\x00\x00\x00\x7f\xff\xff\xff\x80\x00\x00\x00\x00\xe0\xff\xff\x00\x00\x00\x00"
    "\xfe\xff\xff\xff\x00\x00\x00\x00\xfc\xff\xff\xff\x03\x00\x00\x00\xfc\xff\xff\xff\x03\x00\x00\x00\xf8\xff\xff\xff\x02\x00\x00\x00"
    "\x00\xff\xff\xff\x00\x00\x00\x00\xc3\xff\xff\xff\x3c\x00\x00\x00\x00\xff\xff\xff\x00\x00\x00\x00\x00\xc0\xff\xff\x00\x00\x00\x00"
    "\x00\xff\xff\xff\x00\x00\x00\x00\x20\xff\xff\xff\xdf\x00\x00\x00\x1f\xe0\xff\xff\x00\x00\x00\x00\x00\x00\xff\xff\x00\x00\x00\x00"
    "\x00\xff\x00\x80\x00\x00\x00\x00\xfc\xff\xff\xff\x03\x00\x00\x00\x00\xff\x00\xff\x00\x00\x00\x00\x00\xfc\x00\x80\x00\x00\x00\x00"
    "\x00\xfe\xff\xff\x00\x00\x00\x00\xfc\xff\xff\xff\x03\x00\x00\x00\x01\xfe\xff\xff\x00\x00\x00\x00\x00\xf8\xff\xff\x00\x00\x00\x00"
    "\xf0\xff\xff\xff\x00\x00\x00\x00\x00\xff\xff\xff\x00\x00\x00\x00\x00\xff\xff\xff\x00\x00\x00\x00\x00\xf0\xff\xff\x00\x00\x00\x00"
    "\x00\xff\xff\xff\x00\x00\x00\x00\x38\xbe\xff\xff\xc7\x41\x00\x00\xff\xff\xef\xff\x00\x00\x10\x00\x00\x00\x80\xff\x00\x00\x00\x00"
    "\x00\xfe\xff\xff\x00\x00\x00\x00\xf6\xff\xff\xff\x09\x00\x00\x00\xf7\xff\xff\xff\x08\x00\x00\x00\x00\xe0\xff\xff\x00\x00\x00\x00"
    "\xf8\xff\xff\xff\x00\x00\x00\x00\x00\xff\xff\xff\x00\x00\x00\x00\x00\xff\xff\xff\x00\x00\x00\x00\x00\xf8\xff\xff\x00\x00\x00\x00"
    "\xfc\xff\xff\xff\x00\x00\x00\x00\x00\xff\xff\xff\x00\x00\x00\x00\xfb\xff\xff\xff\x04\x00\x00\x00\x00\xfc\xff\xff\x00\x00\x00\x00"
    "\xe0\xff\xff\xff\x00\x00\x00\x00\x00\xff\xff\xff\x00\x00\x00\x00\xdf\xff\xff\xff\x20\x00\x00\x00\x00\xe0\xff\xff\x00\x00\x00\x00"
    "\x00\xff\xff\xff\x00\x00\x00\x00\x36\xfb\xff\xff\xc9\x04\x00\x00\xff\xf7\xff\xff\x00\x08\x00\x00\x00\x00\xf8\xff\x00\x00\x00\x00"
    "\x00\xff\x00\xff\x00\x00\x00\x00\xf9\xff\xff\xff\x06\x00\x00\x00\x00\xfe\x00\xfe\x00\x00\x00\x00\x00\xf8\x00\xf8\x00\x00\x00\x00"
    "\x00\xe0\xff\xff\x00\x00\x00\x00\xf5\xff\xff\xff\x0a\x00\x00\x00\x00\xff\xff\xff\x00\x00\x00\x00\x00\x00\xfe\xff\x00\x00\x00\x00"
    "\xf0\xff\xff\xff\x00\x00\x00\x00\x9b\xff\xff\xff\x64\x00\x00\x00\x01\xff\xff\xff\x00\x00\x00\x00\x01\xf8\xff\xff\x00\x00\x00\x00"
    "\x00\xff\x00\xff\x00\x00\x00\x00\xfa\xff\xff\xff\x05\x00\x00\x00\x00\xff\x00\xff\x00\x00\x00\x00\x00\xf8\x00\xf8\x00\x00\x00\x00"
    "\xf8\xff\xff\xff\x00\x00\x00\x00\xfa\xff\xff\xff\x05\x00\x00\x00\xf8\xff\xff\xff\x00\x00\x00\x00\xc0\xff\xff\xff\x00\x00\x00\x00"
    "\x00\xff\xff\xff\x00\x00\x00\x00\x66\x00\xfc\xff\x99\xff\x03\x00\x00\xfe\xff\xff\xff\x01\x00\x00\x00\x00\x00\xfc\x00\x00\x00\x00"
    "\x00\xfe\xff\xff\x00\x00\x00\x00\xfc\xff\xff\xff\x03\x00\x00\x00\xfe\xff\xff\xff\x01\x00\x00\x00\x00\xf8\xff\xff\x00\x00\x00\x00"
    "\x00\xff\xff\xff\x00\x00\x00\x00\x48\x00\xfc\xff\xb7\xff\x03\x00\x00\xfe\xff\xff\xff\x01\x00\x00\x00\x00\x00\xfc\x00\x00\x00\x00"
    "\x00\x00\x00\xf8\x00\x00\x00\x00\xfc\xff\xff\xff\x03\x00\x00\x00\xfe\xff\xff\xff\x01\x00\x00\x00\x00\x00\x00\xe0\x00\x00\x00\x00"
    "\xf8\xff\xff\xff\x00\x00\x00\x00\xf0\xff\xff\xff\x00\x00\x00\x00\xfd\xff\xff\xff\x02\x00\x00\x00\x80\xff\xff\xff\x00\x00\x00\x00"
    "\x00\xfc\xff\xff\x00\x00\x00\x00\x54\xfd\xff\xff\xab\x02\x00\x00\x54\xfd\xff\xff\xab\x02\x00\x00\x00\x00\xf0\xff\x00\x00\x00\x00"
    "\x00\x00\xff\xff\x00\x00\x00\x00\xda\xff\xff\xff\x25\x00\x00\x00\x00\x00\xff\xff\x00\x00\x00\x00\x00\x00\xc0\xff\x00\x00\x00\x00"
    "\xfc\xff\xff\xff\x00\x00\x00\x00\xf3\xff\xff\xff\x0c\x00\x00\x00\xf0\xff\xff\xff\x00\x00\x00\x00\xc0\xff\xff\xff\x00\x00\x00\x00"
    "\x00\x00\xff\xff\x00\x00\x00\x00\x54\xd5\xff\xff\xab\x2a\x00\x00\xa8\x2a\xff\xff\x57\xd5\x00\x00\x00\x00\x00\xc0\x00\x00\x00\x00"
    "\x00\xff\xff\xff\x00\x00\x00\x00\xf8\xfe\xff\xff\x07\x01\x00\x00\xff\xbd\xff\xff\x00\x42\x00\x00\x00\x00\xfe\xff\x00\x00\x00\x00"
    "\x00\x80\xff\xff\x00\x00\x00\x00\x00\xff\xff\xff\x00\x00\x00\x00\xcd\xff\xff\xff\x32\x00\x00\x00\x00\x00\x80\xff\x00\x00\x00\x00"
    "\x00\xff\xff\xff\x00\x00\x00\x00\xc0\xff\xff\xff\x3f\x00\x00\x00\x7f\xff\xff\xff\x80\x00\x00\x00\x00\xc0\xff\xff\x00\x00\x00\x00"
    "\x00\x80\xff\xff\x00\x00\x00\x00\x9b\xff\xff\xff\x64\x00\x00\x00\xbf\x12\xff\xff\x40\xed\x00\x00\x03\x00\xc0\xff\x00\x00\x00\x00"
    "\x00\xf8\xff\xff\x00\x00\x00\x00\x00\x00\xff\xff\x00\x00\x00\x00\xff\xfb\xff\xff\x00\x04\x00\x00\x00\x00\x00\xf8\x00\x00\x00\x00"
    "\x00\xff\xff\xff\x00\x00\x00\x00\xac\x01\xfc\xff\x53\xfe\x03\x00\x00\x00\xfe\xff\xff\x01\x00\x00\x00\x00\x00\xfc\x00\x00\x00\x00"
    "\xc0\xff\xff\xff\x00\x00\x00\x00\xc3\xff\xff\xff\x3c\x00\x00\x00\xc0\xff\xff\xff\x00\x00\x00\x00\x00\xf0\xff\xff\x00\x00\x00\x00"
    "\xe0\xff\xff\xff\x00\x00\x00\x00\x00\xff\xff\xff\xff\x00\x00\x00\xef\xff\xff\xff\x10\x00\x00\x00\x00\xe0\xff\xff\x00\x00\x00\x00"
    "\x00\xff\xff\xff\x00\x00\x00\x00\xa4\xff\xff\xff\x5b\x00\x00\x00\x00\xff\xff\xff\x00\x00\x00\x00\x00\x80\xff\xff\x00\x00\x00\x00"
    "\x00\xff\xff\xff\x00\x00\x00\x00\x00\x00\xff\xff\x00\x00\x00\x00\xff\x7f\xff\xff\x00\x80\x00\x00\x00\x00\x00\xff\x00\x00\x00\x00"
    "\x00\xff\xff\xff\x00\x00\x00\x00\xef\xf1\xff\xff\x10\x0e\x00\x00\x03\xc0\xff\xff\x00\x00\x00\x00\x03\x00\xf0\xff\x00\x00\x00\x00"
    "\x00\xff\xff\xff\x00\x00\x00\x00\x00\x00\xff\xff\xff\xff\x00\x00\x00\x00\xff\xff\x00\x00\x00\x00\x00\x00\x00\xff\x00\x00\x00\x00"
    "\xf8\xff\xff\xff\x00\x00\x00\x00\xf9\xff\xff\xff\x06\x00\x00\x00\xf9\xff\xff\xff\x06\x00\x00\x00\xc1\xff\xff\xff\x00\x00\x00\x00"
    "\x00\x00\xff\xff\x00\x00\x00\x00\xeb\xff\xff\xff\x14\x00\x00\x00\xe0\xff\xff\xff\x1f\x00\x00\x00\x00\x00\xe0\xff\x03\x00\x00\x00"
    "\xc0\xff\xff\xff\x00\x00\x00\x00\xfa\xff\xff\xff\x05\x00\x00\x00\xf3\xff\xff\xff\x0c\x00\x00\x00\x00\xfe\xff\xff\x00\x00\x00\x00"
    "\xc0\xff\xff\xff\x30\x00\x00\x00\xf5\xff\xff\xff\x0a\x00\x00\x00\xc0\xff\xff\xff\x30\x00\x00\x00\x00\xfd\xff\xff\x00\x02\x00\x00"
    "\x00\xff\xff\xff\x00\x00\x00\x00\x78\x01\xfc\xff\x87\xfe\x03\x00\x01\x00\xfe\xff\x00\x00\x00\x00\x00\x00\x00\xfc\x00\x00\x00\x00"
    "\x00\xf8\xff\xff\x00\x00\x00\x00\x00\xff\xff\xff\x00\x00\x00\x00\xff\xfd\xff\xff\x00\x02\x00\x00\x00\x00\xf8\xff\x00\x00\x00\x00"
    "\xf0\xff\xff\xff\x00\x00\x00\x00\xfc\xff\xff\xff\x03\x00\x00\x00\xfc\xff\xff\xff\x00\x00\x00\x00\xc0\xff\xff\xff\x00\x00\x00\x00"
    "\x00\xff\xff\xff\x00\x00\x00\x00\x00\x00\xff\xff\x00\x00\x00\x00\xf8\xff\xff\xff\x07\x00\x00\x00\x00\x00\x00\xff\x00\x00\x00\x00"
    "\x00\x00\xff\xff\x00\x00\x00\x00\x17\xfc\xff\xff\xe8\x03\x00\x00\xaf\xff\xff\xff\x50\x00\x00\x00\x07\x00\x00\xfc\x00\x00\x00\x00"
    "\x00\xff\xff\xff\x00\x00\x00\x00\xaa\xff\xff\xff\x55\x00\x00\x00\x00\xff\xff\xff\x00\x00\x00\x00\x00\x80\xff\xff\x00\x00\x00\x00"
    "\x80\xff\xff\xff\x00\x00\x00\x00\xf5\xff\xff\xff\x0a\x00\x00\x00\x80\xff\xff\xff\x00\x00\x00\x00\x00\xf8\xff\xff\x00\x00\x00\x00"
    "\x00\xff\x00\xff\x00\x00\x00\x00\xf1\xff\xff\xff\x0e\x00\x00\x00\x00\xfe\x00\xfe\x00\x00\x00\x00\x00\xf0\x00\xf0\x00\x00\x00\x00"
    "\xf8\xff\xff\xff\x00\x00\x00\x00\xfc\xff\xff\xff\x03\x00\x00\x00\xf7\xff\xff\xff\x08\x00\x00\x00\xe0\xff\xff\xff\x00\x00\x00\x00"
    "\xe0\xff\xff\xff\x00\x00\x00\x00\xc3\xff\xff\xff\x3c\x00\x00\x00\xc0\xff\xff\xff\x00\x00\x00\x00\x00\xf8\xff\xff\x00\x00\x00\x00"
    "\xf0\xff\xff\xff\x00\x00\x00\x00\xf6\xff\xff\xff\x09\x00\x00\x00\xb6\xff\xff\xff\x49\x00\x00\x00\x00\xff\xff\xff\x00\x00\x00\x00"
    "\x00\x00\xff\xff\x00\x00\x00\x00\x17\xfc\xff\xff\xe8\x03\x00\x00\x00\x00\xfc\xff\x00\x00\x00\x00\x00\x00\x00\xfc\x00\x00\x00\x00"
    "\x00\xff\xff\xff\x00\x00\x00\x00\x3f\xff\xff\xff\xc0\x00\x00\x00\x00\xc0\xff\xff\x00\x00\x00\x00\x00\x00\xff\xff\x00\x00\x00\x00"
    "\xe0\xff\xff\xff\x00\x00\x00\x00\x2e\xfb\xff\xff\xd1\x04\x00\x00\x2e\xfb\xff\xff\xd1\x04\x00\x00\x00\x00\xff\xff\x00\x00\x00\x00"
    "\x00\xff\xff\xff\x00\x00\x00\x00\xc7\xce\xff\xff\x38\x31\x00\x00\x03\x00\xf8\xff\x00\x00\x00\x00\x03\x00\xc0\xff\x00\x00\x00\x00"
    "\xc0\xff\xff\xff\x00\x00\x00\x00\x00\xff\xff\xff\x00\x00\x00\x00\xdf\xff\xff\xff\x20\x00\x00\x00\x00\xc0\xff\xff\x00\x00\x00\x00"
    "\x00\x00\xff\xff\x00\x00\x00\x00\xcc\xff\xff\xff\x33\x00\x00\x00\x9b\xff\xff\xff\x64\x00\x00\x00\x00\x00\xc0\xff\x00\x00\x00\x00"
    "\x00\x00\xff\xff\x00\x00\x00\x00\xf6\xfd\xff\xff\x09\x02\x00\x00\xfc\xfe\xff\xff\x03\x01\x00\x00\x00\x00\x00\xfc\x00\x00\x00\x00"
    "\xf8\xff\xff\xff\x00\x00\x00\x00\xf9\xff\xff\xff\x06\x00\x00\x00\xfb\xff\xff\xff\x04\x00\x00\x00\xc1\xff\xff\xff\x00\x00\x00\x00"
    "\x01\x80\xff\xff\x00\x00\x00\x00\x00\xff\xff\xff\x00\x00\x00\x00\x00\xfe\xff\xff\x00\x00\x00\x00\x00\x00\x80\xff\x00\x00\x00\x00"
    "\x00\xff\xff\xff\x00\x00\x00\x00\x78\x01\xfc\xff\x87\xfe\x03\x00\x00\x00\xfc\xff\x01\x00\x00\x00\x00\x00\x00\xfc\x00\x00\x00\x00"
    "\x00\xff\xff\xff\x00\x00\x00\x00\xff\x3d\xfe\xff\x00\xc2\x01\x00\xff\xff\xfd\xfd\x00\x00\x02\x02\xff\x01\x00\xfc\x00\x00\x00\x02"
    "\x00\xe0\xff\xff\x00\x00\x00\x00\x81\xff\xff\xff\x7e\x00\x00\x00\x00\xff\xff\xff\x00\x00\x00\x00\x00\x00\xf0\xff\x00\x00\x00\x00"
    "\x00\xc0\xff\xff\x00\x00\x00\x00\x69\xff\xff\xff\x96\x00\x00\x00\x01\xc0\xff\xff\x00\x00\x00\x00\x01\x00\xc0\xff\x00\x00\x00\x00"
    "\x00\x00\xff\xff\x00\x00\x00\x00\x00\xc0\xff\xff\xff\x3f\x00\x00\x00\x80\xff\xff\xff\x7f\x00\x00\x00\x00\x00\xc0\x00\x00\x00\x00"
    "\x00\xff\xff\xff\x00\x00\x00\x00\x28\x5c\xff\xff\xd7\xa3\x00\x00\xef\xff\xff\xff\x10\x00\x00\x00\x00\x00\x00\xff\x00\x00\x00\x00"
    "\x00\xff\xff\xff\x00\x00\x00\x00\x8f\xff\xff\xff\x70\x00\x00\x00\x7f\xff\xff\xff\x80\x00\x00\x00\x0f\x80\xff\xff\x00\x00\x00\x00"
    "\x00\x00\x80\xff\x00\x00\x00\x00\xda\xff\xff\xff\x25\x00\x00\x00\x00\x00\xff\xff\x00\x00\x00\x00\x00\x00\x00\xe0\x00\x00\x00\x00"
    "\x00\xfe\xff\xff\x00\x00\x00\x00\x54\xd5\xff\xff\xab\x2a\x00\x00\x86\x2a\xee\xff\x79\xd5\x11\x00\x00\x00\x80\xff\x00\x00\x00\x00"
    "\xc0\xff\xff\xff\x00\x00\x00\x00\x00\xff\xff\xff\x00\x00\x00\x00\xf7\xff\xff\xff\x08\x00\x00\x00\x00\xc0\xff\xff\x00\x00\x00\x00"
    "\x00\xfe\xff\xff\x00\x00\x00\x00\xa2\xf7\xff\xff\x5d\x08\x00\x00\xe6\xfa\xfd\xff\x19\x05\x02\x00\x00\x00\xe0\xff\x00\x00\x00\x00"
    "\x00\x00\xff\xff\x00\x00\x00\x00\x97\xff\xff\xff\x68\x00\x00\x00\x2f\xf7\xff\xff\xd0\x08\x00\x00\x07\x00\x80\xff\x00\x00\x00\x00"
    "\x00\xff\xff\xff\x00\x00\x00\x00\xaf\xff\xff\xff\x50\x00\x00\x00\x79\xfe\xff\xff\x86\x01\x00\x00\x09\x80\xff\xff\x06\x00\x00\x00"
    "\xf0\xff\xff\xff\x00\x00\x00\x00\xf6\xff\xff\xff\x09\x00\x00\x00\xf0\xff\xff\xff\x00\x00\x00\x00\x00\xff\xff\xff\x00\x00\x00\x00"
    "\x00\xff\xff\xff\x00\x00\x00\x00\xbd\xff\xff\xff\x42\x00\x00\x00\x7f\xff\xff\xff\x80\x00\x00\x00\x01\x80\xff\xff\x00\x00\x00\x00"
    "\x00\xc0\xff\xff\x00\x00\x00\x00\x00\x00\xff\xff\xff\xff\x00\x00\x00\xe0\xff\xff\xff\x1f\x00\x00\x00\x00\x00\xc0\x00\x00\x00\x00"
    "\x00\xff\xff\xff\x00\x00\x00\x00\x9b\xff\xff\xff\x64\x00\x00\x00\x01\xf0\xff\xff\x00\x00\x00\x00\x01\x80\xff\xff\x00\x00\x00\x00"
    "\x00\x00\x00\xff\x00\x00\x00\x00\xf9\xff\xff\xff\x06\x00\x00\x00\x00\x00\x00\xff\x00\x00\x00\x00\x00\x00\x00\xf8\x00\x00\x00\x00"
    "\x00\x00\xff\xff\x00\x00\x00\x00\xc0\xff\xff\xff\x3f\x00\x00\x00\xbf\xfe\xff\xff\x40\x01\x00\x00\x00\x00\xc0\xff\x00\x00\x00\x00"
    "\x00\xfe\x00\xfe\x00\x00\x00\x00\xfc\xff\xff\xff\x03\x00\x00\x00\x01\xfe\x01\xfe\x00\x00\x00\x00\x00\xf8\x00\xf8\x00\x00\x00\x00"
    "\x00\xfe\x00\xfe\x00\x00\x00\x00\xf8\xff\xff\xff\x07\x00\x00\x00\x01\xfe\x01\xfe\x00\x00\x00\x00\x00\xf0\x00\xf0\x00\x00\x00\x00"
    "\x00\xff\xff\xff\x00\x00\x00\x00\x53\xe3\xfb\xff\xac\x1c\x04\x00\xff\xff\xf7\xfe\x00\x00\x08\x01\x03\x00\x00\xf8\x00\x00\x00\x00"
    "\xe0\xff\xff\xff\x00\x00\x00\x00\xfc\xff\xff\xff\x03\x00\x00\x00\xf8\xff\xff\xff\x00\x00\x00\x00\x80\xff\xff\xff\x00\x00\x00\x00"
    "\x00\xff\xff\xff\x00\x00\x00\x00\xdb\xf9\xf8\xff\x24\x06\x07\x00\xff\xff\xf7\xf7\x00\x00\x08\x08\x03\x00\x00\xf0\x00\x00\x00\x08"
    "\xfc\xff\xff\xff\x00\x00\x00\x00\x7f\x4d\x19\xf1\x80\xb2\xe6\x0e\x00\x00\x00\xf0\x00\x00\x00\x00\x00\x00\x00\xc0\x00\x00\x00\x00"
    "\x00\xff\xff\xff\x00\x00\x00\x00\xac\x01\xfc\xff\x53\xfe\x03\x00\xff\x01\xfe\xff\x00\x00\x00\x00\x00\x00\x00\xfc\x00\x00\x00\x00"
    "\x00\xff\xff\xff\x00\x00\x00\x00\x6c\xe7\xfb\xff\x93\x18\x04\x00\x7f\xff\xff\xff\x80\x00\x00\x00\x00\x00\x00\xf8\x00\x00\x00\x00"
    "\x00\xff\xff\xff\x00\x00\x00\x00\xb3\xfd\xff\xff\x4c\x02\x00\x00\xff\x53\xff\xff\x00\xac\x00\x00\x03\x00\xfc\xff\x00\x00\x00\x00"
    "\xf4\xff\xff\xff\x00\x00\x00\x00\xf8\xff\xff\xff\x00\x00\x00\x00\xf4\xff\xff\xff\x0b\x00\x00\x00\x80\xff\xff\xff\x00\x00\x00\x00"
    "\xf8\xff\xff\xff\x00\x00\x00\x00\xbf\xa6\x8c\xf8\x40\x59\x73\x07\x00\x00\x00\xf8\x00\x00\x00\x00\x00\x00\x00\xc0\x00\x00\x00\x00"
    "\xf0\xff\xff\xff\x00\x00\x00\x00\x9b\xff\xff\xff\x64\x00\x00\x00\xf0\xff\xff\xff\x00\x00\x00\x00\x00\xf8\xff\xff\x00\x00\x00\x00"
    "\x00\xff\xff\xff\x00\x00\x00\x00\x97\x00\xfc\xff\x68\xff\x03\x00\x00\x00\xfc\xff\x01\x00\x00\x00\x00\x00\x00\xfc\x01\x00\x00\x00"
    "\x00\xff\xff\xff\x00\x00\x00\x00\x98\x01\xfc\xff\x67\xfe\x03\x00\x00\x00\xfc\xff\x01\x00\x00\x00\x00\x00\x00\xfc\x00\x00\x00\x00"
    "\x07\xff\xff\xff\x00\x00\x00\x00\xdc\xb4\xff\xff\x23\x4b\x00\x00\x07\x00\xe0\xff\x00\x00\x00\x00\x07\x00\x80\xff\x00\x00\x00\x00"
    "\x03\xff\xff\xff\x00\x00\x00\x00\xdc\xb4\xff\xff\x23\x4b\x00\x00\x07\x00\xe0\xff\x00\x00\x00\x00\x03\x00\x80\xff\x00\x00\x00\x00"
    "\xf0\xff\xff\xff\x00\x00\x00\x00\xeb\xff\xff\xff\x14\x00\x00\x00\xe1\xff\xff\xff\x00\x00\x00\x00\x01\xfe\xff\xff\x00\x00\x00\x00"
    "\x80\xff\xff\xff\x00\x00\x00\x00\xe6\xff\xff\xff\x19\x00\x00\x00\xe6\xff\xff\xff\x19\x00\x00\x00\x00\xf0\xff\xff\x00\x00\x00\x00"
    "\x00\xf8\xff\xff\x00\x00\x00\x00\xfc\xff\xff\xff\x03\x00\x00\x00\x00\xf8\xff\xff\x00\x00\x00\x00\x00\xe0\xff\xff\x00\x00\x00\x00"
    "\xcb\xff\xff\xff\x00\x00\x00\x00\xf3\xff\xff\xff\x0c\x00\x00\x00\x6f\xff\xff\xff\x90\x00\x00\x00\x2f\xfc\xff\xff\x00\x00\x00\x00"
    "\xfc\xff\xff\xff\x00\x00\x00\x00\xf0\xff\xff\xff\x0f\x00\x00\x00\xfe\xff\xff\xff\x01\x00\x00\x00\xc0\xff\xff\xff\x00\x00\x00\x00"
    "\xf0\xff\xff\xff\x00\x00\x00\x00\xeb\xff\xff\xff\x14\x00\x00\x00\xe0\xff\xff\xff\x01\x00\x00\x00\x00\xfe\xff\xff\x01\x00\x00\x00"
    "\xc0\xff\xff\xff\x00\x00\x00\x00\x00\x00\xff\xff\x00\x00\x00\x00\xdf\xff\xff\xff\x20\x00\x00\x00\x00\x00\xc0\xff\x00\x00\x00\x00"
    "\x00\xff\xff\xff\x00\x00\x00\x00\x7e\xff\xff\xff\x81\x00\x00\x00\x00\xe0\xff\xff\x00\x00\x00\x00\x00\x00\xff\xff\x00\x00\x00\x00"
    "\xf0\xff\xff\xff\x00\x00\x00\x00\xf5\xff\xff\xff\x0a\x00\x00\x00\xc0\xff\xff\xff\x30\x00\x00\x00\x00\xff\xff\xff\x00\x00\x00\x00"
    "\x00\xff\xff\xff\x00\x00\x00\x00\x98\x01\xfc\xff\x67\xfe\x03\x00\x01\x00\xfe\xff\x00\x00\x00\x00\x00\x00\x00\xfc\x00\x00\x00\x00"
    "\x03\xfc\xff\xff\x00\x00\x00\x00\x00\x80\xff\xff\x00\x00\x00\x00\xdf\xff\xff\xff\x20\x00\x00\x00\x03\x00\x00\xfe\x00\x00\x00\x00"
    "\x00\x00\xe0\xff\x00\x00\x00\x00\x09\xff\xff\xff\xf6\x00\x00\x00\x00\x00\xf8\xff\x00\x00\x00\x00\x00\x00\x00\xe0\x00\x00\x00\x00"
    "\x00\xff\xff\xff\x00\x00\x00\x00\xf5\xff\xff\xff\x0a\x00\x00\x00\xf0\xfe\xff\xff\x00\x01\x00\x00\x00\xf0\xff\xff\x00\x00\x00\x00"
    "\x00\x00\xff\xff\x00\x00\x00\x00\x09\xff\xff\xff\xf6\x00\x00\x00\x00\x00\xf8\xff\x00\x00\x00\x00\x00\x00\x00\xff\x00\x00\x00\x00"
    "\x80\xff\xff\xff\x00\x00\x00\x00\xf3\xff\xff\xff\x0c\x00\x00\x00\xf0\xff\xff\xff\x00\x00\x00\x00\x00\xf8\xff\xff\x00\x00\x00\x00"
    "\x00\x00\xff\xff\x00\x00\x00\x00\xf3\xff\xff\xff\x0c\x00\x00\x00\xf9\xff\xff\xff\x06\x00\x00\x00\x01\x00\xf0\xff\x02\x00\x00\x00"
    "\x80\xff\xff\xff\x00\x00\x00\x00\xaf\xff\xff\xff\x50\x00\x00\x00\x80\xff\xff\xff\x00\x00\x00\x00\x00\xc0\xff\xff\x00\x00\x00\x00"
    "\xc0\xff\xff\xff\x00\x00\x00\x00\xeb\xff\xff\xff\x14\x00\x00\x00\xe0\xff\xff\xff\x00\x00\x00\x00\x00\xf8\xff\xff\x00\x00\x00\x00"
    "\x00\x00\xff\xff\x00\x00\x00\x00\xa4\xff\xff\xff\x5b\x00\x00\x00\x00\xff\xff\xff\x00\x00\x00\x00\x00\x00\x80\xff\x00\x00\x00\x00"
    "\x00\x00\xff\xff\x00\x00\x00\x00\xf5\xff\xff\xff\x0a\x00\x00\x00\xf0\xff\xfe\xff\x00\x00\x01\x00\x00\x00\xf0\xff\x00\x00\x00\x00"
    "\x01\x00\xfe\xff\x00\x00\x00\x00\xfc\xff\xff\xff\x00\x00\x00\x00\xfb\xff\xff\xff\x04\x00\x00\x00\x01\x00\xf8\xff\x00\x00\x00\x00"
    "\x00\x00\xff\xff\x00\x00\x00\x00\xfe\xfe\xff\xff\x01\x01\x00\x00\xff\xfe\xff\xff\x00\x01\x00\x00\x00\x00\x00\xfe\x00\x00\x00\x00"
    "\x00\x00\xf8\xff\x00\x00\x00\x00\x09\xff\xff\xff\xf6\x00\x00\x00\x00\x00\xc0\xff\x00\x00\x00\x00\x00\x00\x00\xf8\x00\x00\x00\x00"
    "\x00\x00\xfc\xff\x00\x00\x00\x00\xf3\xff\xff\xff\x0c\x00\x00\x00\xdc\xff\xff\xff\x23\x00\x00\x00\x00\x00\xc0\xff\x03\x00\x00\x00"
    "\x80\xff\xff\xff\x00\x00\x00\x00\xa1\xff\xff\xff\x5e\x00\x00\x00\x00\xff\xff\xff\x80\x00\x00\x00\x00\xc0\xff\xff\x00\x00\x00\x00"
    "\x00\xf0\xff\xff\x00\x00\x00\x00\x03\xff\xff\xff\xfc\x00\x00\x00\xf3\xff\xff\xff\x0c\x00\x00\x00\x03\x00\xf0\xff\x00\x00\x00\x00"
    "\x00\x00\xff\xff\x00\x00\x00\x00\xf3\xff\xff\xff\x0c\x00\x00\x00\x00\x00\xff\xff\x00\x00\x00\x00\x00\x00\xf0\xff\x00\x00\x00\x00"
    "\x00\x00\xfe\xff\x00\x00\x00\x00\xfa\xff\xff\xff\x05\x00\x00\x00\xfc\xff\xff\xff\x03\x00\x00\x00\x00\x00\xf0\xff\x00\x00\x00\x00"
    "\xf4\xff\xff\xff\x08\x00\x00\x00\xf8\xff\xff\xff\x00\x00\x00\x00\xf1\xff\xff\xff\x0e\x00\x00\x00\x80\xff\xff\xff\x00\x00\x00\x00"
    "\xf0\xff\xff\xff\x00\x00\x00\x00\xae\x54\xfb\xff\x51\xab\x04\x00\xae\x54\xfb\xff\x51\xab\x04\x00\x00\x00\x80\xff\x00\x00\x00\x00"
    "\xf8\xff\xff\xff\x00\x00\x00\x00\x9b\xff\xff\xff\x64\x00\x00\x00\x80\xff\xff\xff\x00\x00\x00\x00\x00\xfc\xff\xff\x00\x00\x00\x00"
    "\xf8\xff\xff\xff\x00\x00\x00\x00\xf9\xff\xff\xff\x06\x00\x00\x00\xf8\xff\xff\xff\x00\x00\x00\x00\xc0\xff\xff\xff\x00\x00\x00\x00"
    "\x00\xff\xff\xff\x00\x00\x00\x00\xfb\xfd\xff\xff\x04\x02\x00\x00\x03\x00\xff\xff\x00\x00\x00\x00\x03\x00\xfc\xff\x00\x00\x00\x00"
    "\xfc\xff\xff\xff\x00\x00\x00\x00\x00\x00\x00\xff\xff\xff\xff\x00\x00\x80\xff\xff\xff\x7f\x00\x00\x00\x80\xff\xfc\xfc\x7f\x00\x00"
    "\xf0\xff\xff\xff\x00\x00\x00\x00\x05\x00\xff\xff\xfa\xff\x00\x00\x00\xff\xff\xff\x00\x00\x00\x00\x00\x00\xf0\xff\x00\x00\x00\x00"
    "\x00\x00\x80\xff\x00\x00\x00\x00\xf9\xff\xff\xff\x06\x00\x00\x00\x00\x00\x80\xff\x00\x00\x00\x00\x00\x00\x00\xfc\x00\x00\x00\x00"
    "\x00\x00\xff\xff\x00\x00\x00\x00\xab\xc2\xff\xff\x54\x3d\x00\x00\x00\x00\xff\xff\x00\x00\x00\x00\x00\x00\x00\xc0\x00\x00\x00\x00"
    "\x00\x80\xff\xff\x00\x00\x00\x00\x65\xfe\xff\xff\x9a\x01\x00\x00\xff\xbf\xff\xff\x00\x40\x00\x00\x01\x00\x00\xff\x00\x00\x00\x00"
    "\x03\xfe\xff\xff\x00\x00\x00\x00\x00\x00\xff\xff\x00\x00\x00\x00\x18\xfc\xff\xff\xe7\x03\x00\x00\x00\x00\x00\xfe\x03\x00\x00\x00"
    "\xc0\xff\xff\xff\x00\x00\x00\x00\x2e\xfb\xff\xff\xd1\x04\x00\x00\x2e\xfb\xff\xff\xd1\x04\x00\x00\x00\x00\xfe\xff\x00\x00\x00\x00"
    "\x00\x00\xc0\xff\x00\x00\x00\x00\x09\xff\xff\xff\xf6\x00\x00\x00\x00\x00\xf8\xff\x00\x00\x00\x00\x00\x00\x00\xc0\x00\x00\x00\x00"
    "\x00\xff\xff\xff\x00\x00\x00\x00\xf8\xff\xff\xff\x07\x00\x00\x00\xfc\xff\xff\xff\x03\x00\x00\x00\x00\xf8\xff\xff\x00\x00\x00\x00"
    "\x00\xfc\xff\xff\x00\x00\x00\x00\x7f\x8f\xff\xff\x80\x70\x00\x00\xff\xff\xfd\xfd\x00\x00\x02\x02\x7f\x00\x00\xfc\x00\x00\x00\x02"
    "\x00\xff\xff\xff\x00\x00\x00\x00\xc3\xff\xff\xff\x3c\x00\x00\x00\x87\xff\xff\xff\x78\x00\x00\x00\x03\xc0\xff\xff\x00\x00\x00\x00"
    "\x00\x00\xff\xff\x00\x00\x00\x00\xf5\xff\xff\xff\x0a\x00\x00\x00\xfd\xff\xff\xff\x02\x00\x00\x00\x01\x00\xf0\xff\x00\x00\x00\x00"
    "\xf0\xff\xff\xff\x00\x00\x00\x00\xf8\xff\xff\xff\x00\x00\x00\x00\xfd\xff\xff\xff\x02\x00\x00\x00\x80\xff\xff\xff\x00\x00\x00\x00"
    "\x00\xff\xff\xff\x00\x00\x00\x00\xf3\xff\xff\xff\x0c\x00\x00\x00\xe5\xff\xff\xff\x1a\x00\x00\x00\x01\xf0\xff\xff\x02\x00\x00\x00"
    "\xc0\xff\xff\xff\x00\x00\x00\x00\x9c\xff\xff\xff\x63\x00\x00\x00\x00\xff\xff\xff\x00\x00\x00\x00\x00\xe0\xff\xff\x00\x00\x00\x00"
    "\xe0\xff\xff\xff\x00\x00\x00\x00\x09\xff\xff\xff\xf6\x00\x00\x00\x00\xff\xff\xff\x00\x00\x00\x00\x00\xe0\xff\xff\x00\x00\x00\x00"
    "\x00\xe0\xff\xff\x00\x00\x00\x00\x09\xff\xff\xff\xf6\x00\x00\x00\x00\x00\xff\xff\x00\x00\x00\x00\x00\x00\xe0\xff\x00\x00\x00\x00"
    "\x00\x00\xff\xff\x00\x00\x00\x00\xf5\xff\xff\xff\x0a\x00\x00\x00\x00\x00\xff\xff\x00\x00\x00\x00\x00\x00\xf0\xff\x00\x00\x00\x00"
    "\x80\xff\xff\xff\x00\x00\x00\x00\x9b\xff\xff\xff\x64\x00\x00\x00\x01\xf8\xff\xff\x00\x00\x00\x00\x01\xc0\xff\xff\x00\x00\x00\x00"
    "\x00\x00\xff\xff\x00\x00\x00\x00\x54\xd5\xff\xff\xab\x2a\x00\x00\x86\x2a\xee\xff\x79\xd5\x11\x00\x00\x00\x00\xc0\x00\x00\x00\x00"
    "\x00\xf0\xff\xff\x00\x00\x00\x00\x20\xff\xff\xff\xdf\x00\x00\x00\x7f\xff\xff\xff\x80\x00\x00\x00\x00\x00\xf0\xff\x00\x00\x00\x00"
    "\x00\xff\xff\xff\x00\x00\x00\x00\x3f\xff\xff\xff\xc0\x00\x00\x00\xff\xfe\xff\xff\x00\x01\x00\x00\x3f\x00\xff\xff\x00\x00\x00\x00"
    "\x00\xf0\xff\xff\x00\x00\x00\x00\xff\xf1\xff\xff\x00\x0e\x00\x00\xfe\x8b\xfe\xff\x01\x74\x01\x00\xfe\x01\x00\xff\x01\x00\x00\x00"
    "\x00\x00\xff\xff\x00\x00\x00\x00\xaa\xff\xff\xff\x55\x00\x00\x00\x00\xff\xff\xff\x00\x00\x00\x00\x00\x00\x80\xff\x00\x00\x00\x00"
    "\x00\xff\xff\xff\x00\x00\x00\x00\xf5\xff\xff\xff\x0a\x00\x00\x00\x2f\xff\xff\xff\xd0\x00\x00\x00\x01\xf0\xff\xff\x00\x00\x00\x00"
    "\x00\x00\xff\xff\x00\x00\x00\x00\xf5\xff\xff\xff\x0a\x00\x00\x00\x2f\x00\xff\xff\xd0\xff\x00\x00\x01\x00\xf0\xff\x00\x00\x00\x00"
    "\xfc\xff\xff\xff\x00\x00\x00\x00\xe0\xff\xff\xff\x00\x00\x00\x00\xfc\xff\xff\xff\x03\x00\x00\x00\x80\xff\xff\xff\x00\x00\x00\x00"
    "\x00\xff\xff\xff\x00\x00\x00\x00\xf5\xff\xff\xff\x0a\x00\x00\x00\xdf\xff\xff\xff\x20\x00\x00\x00\x01\xf0\xff\xff\x00\x00\x00\x00"
    "\x00\x80\xff\xff\x00\x00\x00\x00\xf5\xff\xff\xff\x0a\x00\x00\x00\xf0\xff\xfe\xff\x00\x00\x01\x00\x00\x00\xf8\xff\x00\x00\x00\x00"
    "\xc0\xff\xff\xff\x00\x00\x00\x00\xfa\xff\xff\xff\x05\x00\x00\x00\xf8\xff\xff\xff\x00\x00\x00\x00\x00\xfe\xff\xff\x00\x00\x00\x00"
    "\x00\x00\xff\xff\x00\x00\x00\x00\xda\xff\xff\xff\x25\x00\x00\x00\x72\xac\xaa\x37\x8d\x53\x55\xc8\x00\x00\x80\x37\x00\x00\x40\xc8"
    "\x00\xff\xff\xff\x00\x00\x00\x00\xf6\xff\xff\xff\x09\x00\x00\x00\x00\xfc\xff\xff\x00\x00\x00\x00\x00\xf0\xff\xff\x00\x00\x00\x00"
    "\xf0\xff\xff\xff\x00\x00\x00\x00\x00\xfc\xff\xff\x00\x00\x00\x00\xe0\xff\xff\xff\x00\x00\x00\x00\x00\xc0\xff\xff\x00\x00\x00\x00"
    "\xe0\xff\xff\xff\x00\x00\x00\x00\xfc\xff\xff\xff\x00\x00\x00\x00\xfc\xff\xff\xff\x03\x00\x00\x00\x80\xff\xff\xff\x00\x00\x00\x00"
    "\xc0\xff\xff\xff\x00\x00\x00\x00\xcf\xff\xff\xff\x30\x00\x00\x00\xc0\xff\xff\xff\x00\x00\x00\x00\x00\xf0\xff\xff\x00\x00\x00\x00"
    "\x00\x00\x80\xff\x00\x00\x00\x00\xf1\xff\xff\xff\x00\x00\x00\x00\x24\xfa\xff\xff\xdb\x05\x00\x00\x00\x00\x00\xf8\x01\x00\x00\x00"
    "\xc0\xff\xff\xff\x00\x00\x00\x00\x3c\xf3\xff\xff\xc3\x0c\x00\x00\x00\xc0\xff\xff\x00\x00\x00\x00\x00\x00\xfc\xff\x00\x00\x00\x00"
    "\x00\x00\xfe\xff\x00\x00\x00\x00\xf3\xff\xff\xff\x0c\x00\x00\x00\x00\xfe\xff\xff\x00\x00\x00\x00\x00\x00\xe0\xff\x00\x00\x00\x00"
    "\x00\xff\xff\xff\xf0\x00\x00\x00\x43\xff\xff\xff\xbc\x00\x00\x00\x3f\xd0\xff\xff\xc0\x2f\x00\x00\x03\x10\xff\xff\x00\xe0\x00\x00"
    "\x00\x00\xff\xff\x00\x00\x00\x00\xfe\xfe\xff\xff\x01\x01\x00\x00\xfe\xfe\xff\xff\x01\x01\x00\x00\x00\x00\x00\xfe\x00\x00\x00\x00"
    "\x7c\xff\xff\xff\x82\x00\x00\x00\xc7\xce\xff\xff\x38\x31\x00\x00\x00\xbc\x19\x00\x00\x40\xe6\xff\x00\x80\x00\x00\x00\x00\xff\xff"
    "\xe0\xff\xff\xff\x00\x00\x00\x00\xfa\xff\xff\xff\x05\x00\x00\x00\xf8\xff\xff\xff\x00\x00\x00\x00\x00\xff\xff\xff\x00\x00\x00\x00"
    "\xfc\xff\xff\xff\x00\x00\x00\x00\x00\xff\xff\xff\xff\x00\x00\x00\x00\xff\xff\xff\x00\x00\x00\x00\x00\xfc\xff\xff\x00\x00\x00\x00"
    "\xfc\xff\xff\xff\x00\x00\x00\x00\xc0\xff\xff\xff\x3f\x00\x00\x00\xc0\xff\xff\xff\x3f\x00\x00\x00\x00\xff\xff\xff\x3c\x00\x00\x00"
    "\xfc\xff\xff\xff\x00\x00\x00\x00\xf2\xff\xff\xff\x0d\x00\x00\x00\xf0\xff\xff\xff\x00\x00\x00\x00\xc0\xff\xff\xff\x00\x00\x00\x00"
    "\xc0\xff\xff\xff\x00\x00\x00\x00\x00\xff\xff\xff\x00\x00\x00\x00\xee\xff\xff\xff\x11\x00\x00\x00\x00\xc0\xff\xff\x00\x00\x00\x00"
    "\xf8\xff\xff\xff\x00\x00\x00\x00\xfc\xff\xff\xff\x03\x00\x00\x00\xfd\xff\xff\xff\x02\x00\x00\x00\xe0\xff\xff\xff\x00\x00\x00\x00"
    "\xe0\xff\xff\xff\x00\x00\x00\x00\xef\xd8\xff\xff\x10\x27\x00\x00\xc0\xff\xff\xff\x00\x00\x00\x00\x00\x00\xf8\xff\x00\x00\x00\x00"
    "\xe0\xff\xff\xff\x00\x00\x00\x00\xef\xf1\xff\xff\x10\x0e\x00\x00\x03\xf0\xff\xff\x00\x00\x00\x00\x03\x00\xfe\xff\x00\x00\x00\x00"
    "\xf0\xff\xff\xff\x00\x00\x00\x00\xfa\xff\xff\xff\x05\x00\x00\x00\xf8\xff\xff\xff\x00\x00\x00\x00\x80\xff\xff\xff\x00\x00\x00\x00"
    "\x00\xff\xff\xff\x00\x00\x00\x00\xf9\xff\xff\xff\x06\x00\x00\x00\xfb\xff\xff\xff\x04\x00\x00\x00\x01\xf8\xff\xff\x00\x00\x00\x00"
    "\x00\xff\xff\xff\x00\x00\x00\x00\xdd\xff\xff\xff\x22\x00\x00\x00\xd6\xff\xff\xff\x29\x00\x00\x00\x00\xc0\xff\xff\x01\x00\x00\x00"
    "\x00\x00\xfc\xff\x00\x00\x00\x00\xf3\xff\xff\xff\x0c\x00\x00\x00\xe3\xff\xff\xff\x1c\x00\x00\x00\x03\x00\xc0\xff\x00\x00\x00\x00"
    "\x00\xc0\xff\xff\x00\x00\x00\x00\x9b\xff\xff\xff\x64\x00\x00\x00\x01\xc0\xff\xff\x00\x00\x00\x00\x01\x00\xe0\xff\x00\x00\x00\x00"
    "\xe0\xff\xff\xff\x00\x00\x00\x00\xe0\xff\xff\xff\x1f\x00\x00\x00\xe0\xff\xff\xff\x00\x00\x00\x00\x00\xfc\xff\xff\x00\x00\x00\x00"
    "\xf8\xff\xff\xff\x00\x00\x00\x00\xcf\xff\xff\xff\x30\x00\x00\x00\xcf\xff\xff\xff\x30\x00\x00\x00\x0f\xfe\xff\xff\x00\x00\x00\x00"
    "\x00\xff\xff\xff\x00\x00\x00\x00\x3f\xff\xff\xff\xc0\x00\x00\x00\x7f\xff\xff\xff\x80\x00\x00\x00\x3f\x00\xff\xff\x00\x00\x00\x00"
    "\x00\x80\xff\xff\x00\x00\x00\x00\xdc\xf7\xff\xff\x23\x08\x00\x00\x06\x3e\xf6\xff\xf9\xc1\x09\x00\x00\x00\x00\xf8\x00\x00\x00\x00"
    "\x00\x00\xf8\xff\x00\x00\x00\x00\x2a\xff\xff\xff\xd5\x00\x00\x00\x00\x00\x80\xff\x00\x00\x00\x00\x00\x00\x00\xf8\x00\x00\x00\x00"
    "\xf8\xff\xff\xff\x00\x00\x00\x00\xfc\xff\xff\xff\x03\x00\x00\x00\xfe\xff\xff\xff\x01\x00\x00\x00\xe0\xff\xff\xff\x00\x00\x00\x00"
    "\x00\x00\xff\xff\x00\x00\x00\x00\xe7\xff\xff\xff\x18\x00\x00\x00\xef\xff\xff\xff\x10\x00\x00\x00\x07\x00\xe0\xff\x00\x00\x00\x00"
    "\x00\x00\xff\xff\x00\x00\x00\x00\xf3\xff\xff\xff\x0c\x00\x00\x00\xf7\xff\xff\xff\x08\x00\x00\x00\x03\x00\xf0\xff\x00\x00\x00\x00"
    "\x80\xff\xff\xff\x00\x00\x00\x00\xcf\xff\xff\xff\x30\x00\x00\x00\xe7\xff\xff\xff\x00\x00\x00\x00\x07\xe0\xff\xff\x00\x00\x00\x00"
    "\xc0\xff\xff\xff\x00\x00\x00\x00\x9b\xff\xff\xff\x64\x00\x00\x00\x9f\xf8\xff\xff\x00\x02\x00\x00\x03\xe0\xff\xff\x00\x00\x00\x00"
    "\x00\x00\xc0\xff\x00\x00\x00\x00\xf8\xff\xff\xff\x07\x00\x00\x00\xfb\xff\xff\xff\x04\x00\x00\x00\x00\x00\x00\xfe\x00\x00\x00\x00"
    "\x00\xfe\xff\xff\x00\x00\x00\x00\x00\x00\xff\xff\x00\x00\x00\x00\xdf\xff\xff\xff\x20\x00\x00\x00\x00\x00\x00\xfe\x00\x00\x00\x00"
    "\x00\x00\xff\xff\x00\x00\x00\x00\x9b\xff\xff\xff\x64\x00\x00\x00\x00\x00\xfe\xff\x00\x00\x00\x00\x00\x00\x80\xff\x00\x00\x00\x00"
    "\x00\xff\xff\xff\x00\x00\x00\x00\x5e\xdf\xff\xff\xa1\x20\x00\x00\x00\xff\xff\xff\x00\x00\x00\x00\x00\x00\xc0\xff\x00\x00\x00\x00"
    "\x00\x00\x00\xff\x00\x00\x00\x00\xf4\xff\xff\xff\x0b\x00\x00\x00\xfd\xff\xff\xff\x02\x00\x00\x00\x00\x00\x00\xf0\x00\x00\x00\x00"
    "\xf8\xff\xff\xff\x00\x00\x00\x00\xf3\xff\xff\xff\x0c\x00\x00\x00\xfb\xff\xff\xff\x00\x00\x00\x00\x83\xff\xff\xff\x00\x00\x00\x00"
    "\x00\xff\xff\xff\x00\x00\x00\x00\x25\x00\xff\xff\xda\xff\x00\x00\x0f\x80\xff\xff\x00\x00\x00\x00\x01\x00\x00\xff\x00\x00\x00\x00"
    "\x00\xff\xff\xff\x00\x00\x00\x00\x11\x00\xff\xff\xee\xff\x00\x00\x0f\x80\xff\xff\x00\x00\x00\x00\x01\x00\x00\xff\x00\x00\x00\x00"
    "\x00\x00\xfc\xff\x00\x00\x00\x00\xe3\xff\xff\xff\x1c\x00\x00\x00\xff\x53\xff\xff\x00\xac\x00\x00\x03\x00\x80\xff\x00\x00\x00\x00"
    "\xf0\xff\xff\xff\x00\x00\x00\x00\xc3\xff\xff\xff\x3c\x00\x00\x00\xc0\xff\xff\xff\x00\x00\x00\x00\x00\xfc\xff\xff\x00\x00\x00\x00"
    "\xfc\xff\xff\xff\x00\x00\x00\x00\xff\xc0\xff\xff\x00\x3f\x00\x00\xff\xc0\xff\xff\x00\x3f\x00\x00\xff\x00\xff\xff\x00\x3c\x00\x00"
    "\x00\xc0\xff\xff\x00\x00\x00\x00\xe1\xff\xff\xff\x00\x00\x00\x00\xfc\xff\xff\xff\x03\x00\x00\x00\x00\x00\xf8\xff\x01\x00\x00\x00"
    "\x58\xff\xff\xff\xa0\x00\x00\x00\x9f\xff\xff\xff\x60\x00\x00\x00\xd9\x57\xff\xff\x26\xa8\x00\x00\x19\x18\xff\xff\x06\xe4\x00\x00"
    "\xf8\xff\xff\xff\x00\x00\x00\x00\xf8\xff\xff\xff\x07\x00\x00\x00\xf8\xff\xff\xff\x00\x00\x00\x00\xc0\xff\xff\xff\x00\x00\x00\x00"
    "\xcb\xff\xff\xff\x00\x00\x00\x00\xf3\xff\xff\xff\x0c\x00\x00\x00\xef\xff\xff\xff\x10\x00\x00\x00\x2f\xfc\xff\xff\x00\x00\x00\x00"
    "\x00\xff\xff\xff\x00\x00\x00\x00\xf8\xff\xff\xff\x07\x00\x00\x00\xfb\xff\xff\xff\x04\x00\x00\x00\x00\xf8\xff\xff\x00\x00\x00\x00"
    "\x00\xff\xff\xff\x00\x00\x00\x00\xf9\xff\xff\xff\x06\x00\x00\x00\xfd\xff\xff\xff\x02\x00\x00\x00\x01\xf8\xff\xff\x00\x00\x00\x00"
    "\xc3\xff\xff\xff\x00\x00\x00\x00\x00\xff\xff\xff\x00\x00\x00\x00\xf3\xff\xff\xff\x00\x00\x00\x00\x03\xc0\xff\xff\x00\x00\x00\x00"
    "\x00\x00\xf0\xff\x00\x00\x00\x00\xee\xff\xff\xff\x11\x00\x00\x00\x00\xff\xff\xff\x00\x00\x00\x00\x00\x00\x00\xfe\x00\x00\x00\x00"
    "\x00\xf8\xff\xff\x00\x00\x00\x00\xf3\xff\xff\xff\x00\x00\x00\x00\xd3\xff\xff\xff\x2c\x00\x00\x00\x03\x80\xff\xff\x00\x00\x00\x00"
    "\x00\xf8\xff\xff\x00\x00\x00\x00\xf1\xff\xff\xff\x00\x00\x00\x00\xd3\xff\xff\xff\x2c\x00\x00\x00\x01\x80\xff\xff\x00\x00\x00\x00"
    "\x01\xf0\xff\xff\x00\x00\x00\x00\x81\xff\xff\xff\x10\x00\x00\x00\xf8\xff\xff\xff\x07\x00\x00\x00\x00\x00\xf8\xff\x03\x00\x00\x00"
    "\x00\xff\xff\xff\x00\x00\x00\x00\xee\xff\xff\xff\x11\x00\x00\x00\xfe\xff\xff\xff\x01\x00\x00\x00\x00\xe0\xff\xff\x00\x00\x00\x00"
    "\xfe\xff\xff\xff\x00\x00\x00\x00\xfc\xff\xff\xff\x03\x00\x00\x00\xfe\xff\xff\xff\x01\x00\x00\x00\xfa\xff\xff\xff\x00\x00\x00\x00"
    "\x00\xff\xff\xff\x00\x00\x00\x00\x00\x80\xff\xff\x00\x00\x00\x00\xcd\xff\xff\xff\x32\x00\x00\x00\x00\x00\x80\xff\x00\x00\x00\x00"
    "\x00\xe0\xff\xff\x00\x00\x00\x00\x17\xfc\xff\xff\xe8\x03\x00\x00\x0b\xfe\xff\xff\x00\x00\x00\x00\x03\x00\x80\xff\x00\x00\x00\x00"
    "\xc0\xff\xff\xff\x00\x00\x00\x00\xf6\xff\xff\xff\x09\x00\x00\x00\x76\xff\xff\xff\x89\x00\x00\x00\x00\xfc\xff\xff\x00\x00\x00\x00"
    "\x00\x00\xff\xff\x00\x00\x00\x00\xf9\xff\xff\xff\x06\x00\x00\x00\xfa\xff\xff\xff\x05\x00\x00\x00\x00\x00\xf8\xff\x01\x00\x00\x00"
    "\x00\xff\xff\xff\x00\x00\x00\x00\x17\xfc\xff\xff\xe8\x03\x00\x00\x01\xf0\xff\xff\x00\x00\x00\x00\x01\x00\xfc\xff\x00\x00\x00\x00"
    "\xc0\xff\xff\xff\x30\x00\x00\x00\x9b\xff\xff\xff\x64\x00\x00\x00\x01\xfc\xff\xff\x00\x00\x00\x00\x01\xe0\xff\xff\x00\x10\x00\x00"
    "\x00\x00\xff\xff\x00\x00\x00\x00\xf3\xff\xff\xff\x0c\x00\x00\x00\xf5\xff\xff\xff\x0a\x00\x00\x00\x01\x00\xf0\xff\x02\x00\x00\x00"
    "\x00\xfe\xff\xff\x00\x00\x00\x00\x1f\xff\xff\xff\xe0\x00\x00\x00\x00\xff\xff\xff\x00\x00\x00\x00\x00\x00\xfe\xff\x00\x00\x00\x00"
    "\x00\xff\xff\xff\x00\x00\x00\x00\xf8\xff\xff\xff\x07\x00\x00\x00\xfd\xff\xff\xff\x02\x00\x00\x00\x00\xf8\xff\xff\x00\x00\x00\x00"
    "\x00\xff\xff\xff\x00\x00\x00\x00\xf8\xff\xff\xff\x07\x00\x00\x00\xfa\xff\xff\xff\x05\x00\x00\x00\x00\xf8\xff\xff\x00\x00\x00\x00"
    "\x00\xff\xff\xff\x00\x00\x00\x00\xf8\xff\xff\xff\x07\x00\x00\x00\xf9\xff\xff\xff\x06\x00\x00\x00\x00\xf8\xff\xff\x00\x00\x00\x00"
    "\xfc\xff\xff\xff\x00\x00\x00\x00\xe7\xff\xff\xff\x18\x00\x00\x00\xd0\xff\xff\xff\x2f\x00\x00\x00\x80\xff\xff\xff\x07\x00\x00\x00"
    "\x00\xf0\xff\xff\x00\x00\x00\x00\xc3\xff\xff\xff\x3c\x00\x00\x00\xc0\xff\xff\xff\x00\x00\x00\x00\x00\x00\xfc\xff\x00\x00\x00\x00"
    "\x00\x00\xff\xff\x00\x00\x00\x00\x92\xfe\xff\xff\x6d\x01\x00\x00\x00\xc0\xff\xff\x00\x00\x00\x00\x00\x00\x00\xfe\x00\x00\x00\x00"
    "\xfc\xff\xff\xff\x00\x00\x00\x00\xfc\xff\xff\xff\x00\x00\x00\x00\xfd\xff\xff\xff\x02\x00\x00\x00\xf0\xff\xff\xff\x00\x00\x00\x00"
    "\x00\x00\xff\xff\x00\x00\x00\x00\xf5\xff\xff\xff\x0a\x00\x00\x00\xfa\xff\xff\xff\x05\x00\x00\x00\x00\x00\xf0\xff\x01\x00\x00\x00"
    "\x00\x00\xff\xff\x00\x00\x00\x00\xde\xff\xff\xff\x21\x00\x00\x00\xfe\xff\xff\xff\x01\x00\x00\x00\x00\x00\xc0\xff\x00\x00\x00\x00"
    "\xc0\xff\xff\xff\x00\x00\x00\x00\xe7\xfc\xff\xff\x18\x03\x00\x00\x07\xf8\xff\xff\x00\x00\x00\x00\x07\x00\xff\xff\x00\x00\x00\x00"
    "\xf0\xff\xff\xff\x00\x00\x00\x00\xe1\xff\xff\xff\x1e\x00\x00\x00\xe1\xff\xff\xff\x00\x00\x00\x00\x01\xfe\xff\xff\x00\x00\x00\x00"
    "\x00\xf0\xff\xff\x00\x00\x00\x00\x13\xfb\xff\xff\xec\x04\x00\x00\x01\xf8\xff\xff\x00\x00\x00\x00\x01\x00\x80\xff\x00\x00\x00\x00"
    "\xe0\xff\xff\xff\x00\x00\x00\x00\xf5\xff\xff\xff\x0a\x00\x00\x00\xf7\xff\xff\xff\x08\x00\x00\x00\x01\xfe\xff\xff\x00\x00\x00\x00"
    "\x00\x00\x00\xfe\x00\x00\x00\x00\xfc\xff\xff\xff\x03\x00\x00\x00\xfd\xff\xff\xff\x02\x00\x00\x00\x00\x00\x00\xf8\x00\x00\x00\x00"
    "\x00\x00\x00\xfe\x00\x00\x00\x00\xfa\xff\xff\xff\x05\x00\x00\x00\xfd\xff\xff\xff\x02\x00\x00\x00\x00\x00\x00\xf0\x00\x00\x00\x00"
    "\x00\x00\x00\xfe\x00\x00\x00\x00\xee\xff\xff\xff\x11\x00\x00\x00\xf7\xff\xff\xff\x08\x00\x00\x00\x00\x00\x00\xc0\x00\x00\x00\x00"
    "\x00\x00\xfc\xff\x00\x00\x00\x00\x2a\xff\xff\xff\xd5\x00\x00\x00\x00\x00\xff\xff\x00\x00\x00\x00\x00\x00\x00\xfc\x00\x00\x00\x00"
    "\xc0\xff\xff\xff\x00\x00\x00\x00\xff\xd4\xff\xff\x00\x2b\x00\x00\x00\xc0\xff\xff\x00\x00\x00\x00\x00\x00\xf0\xff\x00\x00\x00\x00"
    "\xfe\xff\xff\xff\x00\x00\x00\x00\xe6\xff\xff\xff\x19\x00\x00\x00\xe6\xff\xff\xff\x19\x00\x00\x00\xc4\xff\xff\xff\x10\x00\x00\x00"
    "\x0f\x00\x00\xff\x00\x00\x00\x00\xf0\xff\xff\xff\x00\x00\x00\x00\x07\x00\x00\xff\x00\x00\x00\x00\x07\x00\x00\xf0\x00\x00\x00\x00"
    "\xfc\xff\xff\xff\x00\x00\x00\x00\xff\xff\xc0\xff\x00\x00\x3f\x00\xff\xff\xc0\xff\x00\x00\x3f\x00\xff\xff\x00\xff\x00\x00\x3c\x00"
    "\x01\x00\xfe\xff\x00\x00\x00\x00\x00\xff\xff\xff\x00\x00\x00\x00\xfc\xff\xff\xff\x03\x00\x00\x00\x00\x00\x00\xfe\x01\x00\x00\x00"
    "\xe0\xff\xff\xff\x00\x00\x00\x00\xea\xff\xff\xff\x15\x00\x00\x00\xe0\xff\xff\xff\x00\x00\x00\x00\x00\xfc\xff\xff\x00\x00\x00\x00"
    "\xe0\xff\xff\xff\x00\x00\x00\x00\xde\xfe\xff\xff\x21\x01\x00\x00\x00\xfc\xff\xff\x00\x00\x00\x00\x00\xc0\xff\xff\x00\x00\x00\x00"
    "\x00\xff\xff\xff\x00\x00\x00\x00\xeb\xff\xff\xff\x14\x00\x00\x00\xf7\xff\xff\xff\x08\x00\x00\x00\x03\xe0\xff\xff\x00\x00\x00\x00"
    "\xfc\xff\xff\xff\x00\x00\x00\x00\xe7\xff\xff\xff\x18\x00\x00\x00\xef\xff\xff\xff\x10\x00\x00\x00\x87\xff\xff\xff\x00\x00\x00\x00"
    "\xe0\xff\xff\xff\x00\x00\x00\x00\x7f\x11\xc9\xff\x80\xee\x36\x00\x1f\x00\xc0\xff\x00\x00\x00\x00\x1f\x00\x00\xf8\x00\x00\x00\x00"
    "\x80\xff\xff\xff\x00\x00\x00\x00\xcb\xff\xff\xff\x34\x00\x00\x00\xb3\x7f\xff\xff\x4c\x80\x00\x00\x03\x60\xff\xff\x00\x80\x00\x00"
    "\x00\xff\xff\xff\x00\x00\x00\x00\x68\xff\xff\xff\x97\x00\x00\x00\x03\xe0\xff\xff\x00\x00\x00\x00\x00\x00\xff\xff\x00\x00\x00\x00"
    "\x00\xf8\xff\xff\x00\x00\x00\x00\x2a\xff\xff\xff\xd5\x00\x00\x00\x00\x00\xff\xff\x00\x00\x00\x00\x00\x00\xf8\xff\x00\x00\x00\x00"
    "\x00\x80\xff\xff\x00\x00\x00\x00\xe8\xff\xff\xff\x17\x00\x00\x00\xfc\xff\xff\xff\x03\x00\x00\x00\x00\x00\xf0\xff\x00\x00\x00\x00"
    "\xf8\xff\xff\xff\x00\x00\x00\x00\xf4\xff\xff\xff\x00\x00\x00\x00\xf4\xff\xff\xff\x0b\x00\x00\x00\x80\xff\xff\xff\x00\x00\x00\x00"
    "\xf0\xff\xff\xff\x00\x00\x00\x00\xe1\xff\xff\xff\x1e\x00\x00\x00\xe0\xff\xff\xff\x01\x00\x00\x00\x00\xfe\xff\xff\x01\x00\x00\x00"
    "\xe0\xff\xff\xff\x00\x00\x00\x00\xd7\xff\xff\xff\x28\x00\x00\x00\xc1\xff\xff\xff\x00\x00\x00\x00\x01\xf8\xff\xff\x00\x00\x00\x00"
    "\x03\xfc\xff\xff\x00\x00\x00\x00\xfc\xff\xff\xff\x00\x00\x00\x00\xdf\xff\xff\xff\x20\x00\x00\x00\x03\xf0\xff\xff\x00\x00\x00\x00"
    "\x81\xff\xff\xff\x10\x00\x00\x00\x00\x00\xfc\xff\x00\x00\x00\x00\xf8\xff\xff\xff\x07\x00\x00\x00\x00\x00\x00\xfe\x01\x00\x00\x00"
    "\xe0\xff\xff\xff\x00\x00\x00\x00\xe3\xff\xff\xff\x1c\x00\x00\x00\xf7\xff\xff\xff\x08\x00\x00\x00\x03\xfc\xff\xff\x00\x00\x00\x00"
    "\xc0\xff\xff\xff\x00\x00\x00\x00\xf5\xff\xff\xff\x0a\x00\x00\x00\xc0\xff\xff\xff\x00\x00\x00\x00\x00\xfc\xff\xff\x00\x00\x00\x00"
    "\x00\xe0\xff\xff\x00\x00\x00\x00\xf5\xff\xff\xff\x0a\x00\x00\x00\xf0\xfe\xff\xff\x00\x01\x00\x00\x00\x00\xfe\xff\x00\x00\x00\x00"
    "\x00\x00\xe0\xff\x00\x00\x00\x00\xf5\xff\xff\xff\x0a\x00\x00\x00\xf0\xff\xfe\xff\x00\x00\x01\x00\x00\x00\x00\xfe\x00\x00\x00\x00"
    "\x00\xff\xff\xff\x00\x00\x00\x00\x5b\xfd\xff\xff\xa4\x02\x00\x00\x01\xe0\xff\xff\x00\x00\x00\x00\x01\x00\xfc\xff\x00\x00\x00\x00"
    "\xe0\xff\xff\xff\x00\x00\x00\x00\xbf\xbd\xf0\xff\x40\x42\x0f\x00\x0f\x00\xf8\xff\x00\x00\x00\x00\x0f\x00\x00\xfe\x00\x00\x00\x00"
    "\xe0\xff\xff\xff\x00\x00\x00\x00\xbf\xbd\xf0\xff\x40\x42\x0f\x00\x00\x00\xf0\xff\x00\x00\x00\x00\x00\x00\x00\xfe\x00\x00\x00\x00"
    "\xf9\xff\xff\xff\x02\x00\x00\x00\x00\xff\xff\xff\x00\x00\x00\x00\xf9\xff\xff\xff\x06\x00\x00\x00\x01\xf8\xff\xff\x00\x00\x00\x00"
    "\x00\x00\xf8\xff\x00\x00\x00\x00\xf6\xff\xff\xff\x09\x00\x00\x00\x01\x00\xf0\xff\x00\x00\x00\x00\x00\x00\x80\xff\x00\x00\x00\x00"
    "\x00\xff\xff\xff\x00\x00\x00\x00\xf8\xff\xff\xff\x07\x00\x00\x00\xfe\xff\xff\xff\x01\x00\x00\x00\x00\xf8\xff\xff\x00\x00\x00\x00"
    "\x80\xff\xff\xff\x00\x00\x00\x00\x9b\xff\xff\xff\x64\x00\x00\x00\x80\xff\xff\xff\x00\x00\x00\x00\x00\xc0\xff\xff\x00\x00\x00\x00"
    "\x00\x00\xe0\xff\x00\x00\x00\x00\x00\xff\xff\xff\x00\x00\x00\x00\x00\x80\xff\xff\x00\x00\x00\x00\x00\x00\x00\xe0\x00\x00\x00\x00"
    "\xf8\xff\xff\xff\x00\x00\x00\x00\xe0\xff\xff\xff\x00\x00\x00\x00\xf8\xff\xff\xff\x00\x00\x00\x00\x00\xff\xff\xff\x00\x00\x00\x00"
    "\xe0\xff\xff\xff\x00\x00\x00\x00\xf9\xff\xff\xff\x06\x00\x00\x00\xf8\xff\xff\xff\x00\x00\x00\x00\x00\xff\xff\xff\x00\x00\x00\x00"
    "\xe0\xff\xff\xff\x00\x00\x00\x00\xf8\xff\xff\xff\x07\x00\x00\x00\xf8\xff\xff\xff\x00\x00\x00\x00\x00\xff\xff\xff\x00\x00\x00\x00"
    "\xf0\xff\xff\xff\x00\x00\x00\x00\xf3\xff\xff\xff\x0c\x00\x00\x00\xf0\xff\xff\xff\x00\x00\x00\x00\x00\xff\xff\xff\x00\x00\x00\x00"
    "\x00\x80\xff\xff\x00\x00\x00\x00\xe8\xff\xff\xff\x17\x00\x00\x00\xed\xff\xff\xff\x12\x00\x00\x00\x00\x00\xf0\xff\x00\x00\x00\x00"
    "\xf0\xff\xff\xff\x00\x00\x00\x00\xf9\xff\xff\xff\x06\x00\x00\x00\xf8\xff\xff\xff\x00\x00\x00\x00\x80\xff\xff\xff\x00\x00\x00\x00"
    "\x00\x00\xff\xff\x00\x00\x00\x00\xf5\xff\xff\xff\x0a\x00\x00\x00\xf7\xff\xff\xff\x08\x00\x00\x00\x01\x00\xf0\xff\x00\x00\x00\x00"
    "\x7c\xff\xff\xff\x82\x00\x00\x00\xc7\xce\xff\xff\x38\x31\x00\x00\x00\x68\x19\x00\x00\x96\xe6\xff\x00\x28\x00\x00\x00\x84\xff\xff"
    "\x00\xfe\xff\xff\x00\x00\x00\x00\xf5\xff\xff\xff\x0a\x00\x00\x00\xf0\xff\xff\xff\x00\x00\x00\x00\x00\xe0\xff\xff\x00\x00\x00\x00"
    "\xf8\xff\xff\xff\x00\x00\x00\x00\xe7\xff\xff\xff\x18\x00\x00\x00\xdb\xff\xff\xff\x00\x00\x00\x00\x03\xff\xff\xff\x00\x00\x00\x00"
    "\x00\x00\x00\xff\x00\x00\x00\x00\xee\xff\xff\xff\x11\x00\x00\x00\xfb\xff\xff\xff\x04\x00\x00\x00\x00\x00\x00\xe0\x00\x00\x00\x00"
    "\xfc\xff\xff\xff\x00\x00\x00\x00\xe7\xff\xff\xff\x18\x00\x00\x00\xf7\xff\xff\xff\x08\x00\x00\x00\x87\xff\xff\xff\x00\x00\x00\x00"
    "\xfc\xff\xff\xff\x01\x00\x00\x00\xe7\xfc\xff\xff\x00\x00\x00\x00\xe0\xff\xff\xff\x1f\x00\x00\x00\x80\xf0\xff\xff\x07\x00\x00\x00"
    "\xfc\xff\xff\xff\x00\x00\x00\x00\xfc\xff\xff\xff\x03\x00\x00\x00\xee\xff\xff\xff\x11\x00\x00\x00\xe0\xff\xff\xff\x10\x00\x00\x00"
    "\xfc\xff\xff\xff\x00\x00\x00\x00\xfc\xff\xff\xff\x03\x00\x00\x00\xec\xff\xff\xff\x13\x00\x00\x00\xe0\xff\xff\xff\x10\x00\x00\x00"
    "\x00\xfe\xff\xff\x00\x00\x00\x00\x00\x00\xff\xff\xff\xff\x00\x00\x7f\xff\xff\xff\x80\x00\x00\x00\x00\x00\x00\xfe\x00\x00\x00\x00"
    "\x01\xf0\xff\xff\x00\x00\x00\x00\xf8\xff\xff\xff\x00\x00\x00\x00\xfc\xff\xff\xff\x03\x00\x00\x00\x00\x80\xff\xff\x01\x00\x00\x00"
    "\x00\xff\xff\xff\x00\x00\x00\x00\xe3\xff\xff\xff\x1c\x00\x00\x00\xf7\xff\xff\xff\x08\x00\x00\x00\x03\xe0\xff\xff\x00\x00\x00\x00"
    "\xfc\xff\xff\xff\x00\x00\x00\x00\x5f\x79\xfe\xff\xa0\x86\x01\x00\x8c\xf4\xff\x9f\x73\x0b\x00\x60\x0c\x60\xf8\x9f\x13\x00\x00\x60"
    "\xfc\xff\xff\xff\x00\x00\x00\x00\x5f\x79\xfe\xff\xa0\x86\x01\x00\x89\xf4\xff\x9f\x76\x0b\x00\x60\x09\x60\xf8\x9f\x16\x00\x00\x60"
    "\xf8\xff\xff\xff\x00\x00\x00\x00\x5f\x79\xfe\xff\xa0\x86\x01\x00\x44\xf3\xff\x9f\xbb\x0c\x00\x60\x04\x40\xf0\x9f\x1b\x00\x00\x60"
    "\xf8\xff\xff\xff\x00\x00\x00\x00\x5f\x79\xfe\xff\xa0\x86\x01\x00\x40\xf3\xff\x9f\xbf\x0c\x00\x60\x00\x40\xf0\x9f\x1f\x00\x00\x60"
    "\xf8\xff\xff\xff\x00\x00\x00\x00\x5f\x79\xfe\xff\xa0\x86\x01\x00\x3c\xf3\xff\x9f\xc3\x0c\x00\x60\x1c\x40\xf0\x9f\x03\x00\x00\x60"
    "\xf8\xff\xff\xff\x00\x00\x00\x00\x5f\x79\xfe\xff\xa0\x86\x01\x00\x38\xf3\xff\x9f\xc7\x0c\x00\x60\x18\x40\xf0\x9f\x07\x00\x00\x60"
    "\xf8\xff\xff\xff\x00\x00\x00\x00\x5f\x79\xfe\xff\xa0\x86\x01\x00\x33\xf3\xff\x9f\xcc\x0c\x00\x60\x13\x40\xf0\x9f\x0c\x00\x00\x60"
    "\xf8\xff\xff\xff\x00\x00\x00\x00\x5f\x79\xfe\xff\xa0\x86\x01\x00\x30\xf3\xff\x9f\xcf\x0c\x00\x60\x10\x40\xf0\x9f\x0f\x00\x00\x60"
    "\xf8\xff\xff\xff\x00\x00\x00\x00\x5f\x79\xfe\xff\xa0\x86\x01\x00\x78\xf2\xff\x9f\x87\x0d\x00\x60\x18\x40\xf0\x9f\x07\x00\x00\x60"
    "\xf8\xff\xff\xff\x00\x00\x00\x00\x5f\x79\xfe\xff\xa0\x86\x01\x00\x75\xf2\xff\x9f\x8a\x0d\x00\x60\x15\x40\xf0\x9f\x0a\x00\x00\x60"
    "\xf8\xff\xff\xff\x00\x00\x00\x00\x5f\x79\xfe\xff\xa0\x86\x01\x00\x72\xf2\xff\x9f\x8d\x0d\x00\x60\x12\x40\xf0\x9f\x0d\x00\x00\x60"
    "\xf8\xff\xff\xff\x00\x00\x00\x00\x5f\x79\xfe\xff\xa0\x86\x01\x00\x6f\xf2\xff\x9f\x90\x0d\x00\x60\x0f\x40\xf0\x9f\x10\x00\x00\x60"
    "\xf8\xff\xff\xff\x00\x00\x00\x00\x5f\x79\xfe\xff\xa0\x86\x01\x00\x6b\xf2\xff\x9f\x94\x0d\x00\x60\x0b\x40\xf0\x9f\x14\x00\x00\x60"
    "\xf8\xff\xff\xff\x00\x00\x00\x00\x5f\x79\xfe\xff\xa0\x86\x01\x00\x69\xf2\xff\x9f\x96\x0d\x00\x60\x09\x40\xf0\x9f\x16\x00\x00\x60"
    "\xf8\xff\xff\xff\x00\x00\x00\x00\x5f\x79\xfe\xff\xa0\x86\x01\x00\x41\xa6\xff\x9f\xbe\x59\x00\x60\x01\x00\xf0\x9f\x1e\x00\x00\x60"
    "\xf0\xff\xff\xff\x00\x00\x00\x00\x5f\x79\xfe\xff\xa0\x86\x01\x00\x79\xf4\xff\x9f\x86\x0b\x00\x60\x19\x00\xe0\x9f\x06\x00\x00\x60"
    "\xf0\xff\xff\xff\x00\x00\x00\x00\x5f\x79\xfe\xff\xa0\x86\x01\x00\xf3\xe7\xff\x9f\x0c\x18\x00\x60\x13\x00\xe0\x9f\x0c\x00\x00\x60"
    "\xf0\xff\xff\xff\x00\x00\x00\x00\x5f\x79\xfe\xff\xa0\x86\x01\x00\xf0\xe7\xff\x9f\x0f\x18\x00\x60\x10\x00\xe0\x9f\x0f\x00\x00\x60"
    "\xf0\xff\xff\xff\x00\x00\x00\x00\x5f\x79\xfe\xff\xa0\x86\x01\x00\xed\xe7\xff\x9f\x12\x18\x00\x60\x0d\x00\xe0\x9f\x12\x00\x00\x60"
    "\xf0\xff\xff\xff\x00\x00\x00\x00\x5f\x79\xfe\xff\xa0\x86\x01\x00\xe8\xe7\xff\x9f\x17\x18\x00\x60\x08\x00\xe0\x9f\x17\x00\x00\x60"
    "\xf0\xff\xff\xff\x00\x00\x00\x00\x5f\x79\xfe\xff\xa0\x86\x01\x00\xe6\xe7\xff\x9f\x19\x18\x00\x60\x06\x00\xe0\x9f\x19\x00\x00\x60"
    "\xf0\xff\xff\xff\x00\x00\x00\x00\x5f\x79\xfe\xff\xa0\x86\x01\x00\xe1\xe7\xff\x9f\x1e\x18\x00\x60\x01\x00\xe0\x9f\x1e\x00\x00\x60"
    "\xf0\xff\xff\xff\x00\x00\x00\x00\x5f\x79\xfe\xff\xa0\x86\x01\x00\xdd\xe7\xff\x9f\x22\x18\x00\x60\x1d\x00\xe0\x9f\x02\x00\x00\x60"
    "\xf0\xff\xff\xff\x00\x00\x00\x00\x5f\x79\xfe\xff\xa0\x86\x01\x00\xdb\xe7\xff\x9f\x24\x18\x00\x60\x1b\x00\xe0\x9f\x04\x00\x00\x60"
    "\xf0\xff\xff\xff\x00\x00\x00\x00\x5f\x79\xfe\xff\xa0\x86\x01\x00\xd7\xe7\xff\x9f\x28\x18\x00\x60\x17\x00\xe0\x9f\x08\x00\x00\x60"
    "\xf0\xff\xff\xff\x00\x00\x00\x00\x5f\x79\xfe\xff\xa0\x86\x01\x00\xd5\xe7\xff\x9f\x2a\x18\x00\x60\x15\x00\xe0\x9f\x0a\x00\x00\x60"
    "\xf0\xff\xff\xff\x00\x00\x00\x00\x5f\x79\xfe\xff\xa0\x86\x01\x00\xce\xe7\xff\x9f\x31\x18\x00\x60\x0e\x00\xe0\x9f\x11\x00\x00\x60"
    "\xf0\xff\xff\xff\x00\x00\x00\x00\x5f\x79\xfe\xff\xa0\x86\x01\x00\xc9\xe7\xff\x9f\x36\x18\x00\x60\x09\x00\xe0\x9f\x16\x00\x00\x60"
    "\xf0\xff\xff\xff\x00\x00\x00\x00\x5f\x79\xfe\xff\xa0\x86\x01\x00\x48\xa6\xff\x9f\xb7\x59\x00\x60\x08\x00\xe0\x9f\x17\x00\x00\x60"
    "\xe0\xff\xff\xff\x00\x00\x00\x00\x5f\x79\xfe\xff\xa0\x86\x01\x00\xcb\xe0\xff\x9f\x34\x1f\x00\x60\x0b\x00\xc0\x9f\x14\x00\x00\x60"
    "\xe0\xff\xff\xff\x00\x00\x00\x00\x5f\x79\xfe\xff\xa0\x86\x01\x00\xc8\xe0\xff\x9f\x37\x1f\x00\x60\x08\x00\xc0\x9f\x17\x00\x00\x60"
    "\xc0\xff\xff\xff\x00\x00\x00\x00\x5f\x79\xfe\xff\xa0\x86\x01\x00\x81\xf4\xff\x9f\x7e\x0b\x00\x60\x01\x00\x80\x9f\x1e\x00\x00\x60"
    "\x80\xff\xff\xff\x00\x00\x00\x00\x5f\x79\xfe\xff\xa0\x86\x01\x00\xa1\xe0\xff\x9f\x5e\x1f\x00\x60\x01\x00\x00\x9f\x1e\x00\x00\x60"
    "\x80\xff\xff\xff\x00\x00\x00\x00\x5f\x79\xfe\xff\xa0\x86\x01\x00\x9e\xe0\xff\x9f\x61\x1f\x00\x60\x1e\x00\x00\x9f\x01\x00\x00\x60"
    "\x00\xff\xff\xff\x00\x00\x00\x00\x5f\x79\xfe\xff\xa0\x86\x01\x00\x71\xf4\xff\x9f\x8e\x0b\x00\x60\x11\x00\x00\x9e\x0e\x00\x00\x60"
    "\x00\xff\xff\xff\x00\x00\x00\x00\x5f\x79\xfe\xff\xa0\x86\x01\x00\xb2\xdf\xff\x9f\x4d\x20\x00\x60\x12\x00\x00\x9e\x0d\x00\x00\x60"
    "\x00\xff\xff\xff\x00\x00\x00\x00\x5f\x79\xfe\xff\xa0\x86\x01\x00\xaa\xdf\xff\x9f\x55\x20\x00\x60\x0a\x00\x00\x9e\x15\x00\x00\x60"
    "\x00\xff\xff\xff\x00\x00\x00\x00\x5f\x79\xfe\xff\xa0\x86\x01\x00\xa5\xdf\xff\x9f\x5a\x20\x00\x60\x05\x00\x00\x9e\x1a\x00\x00\x60"
    "\x00\xff\xff\xff\x00\x00\x00\x00\x5f\x79\xfe\xff\xa0\x86\x01\x00\xa2\xdf\xff\x9f\x5d\x20\x00\x60\x02\x00\x00\x9e\x1d\x00\x00\x60"
    "\x00\xf8\xff\xff\x00\x00\x00\x00\x5f\x79\xfe\xff\xa0\x86\x01\x00\xc0\xf5\xff\xdf\x3f\x0a\x00\x20\x00\x00\x00\xd0\x1f\x00\x00\x20"
    "\x00\xf8\xff\xff\x00\x00\x00\x00\x5f\x79\xfe\xff\xa0\x86\x01\x00\xb1\xf5\xff\xdf\x4e\x0a\x00\x20\x11\x00\x00\xd0\x0e\x00\x00\x20"
    "\x00\xf8\xff\xff\x00\x00\x00\x00\x5f\x79\xfe\xff\xa0\x86\x01\x00\xaf\xf4\xff\xdf\x50\x0b\x00\x20\x0f\x00\x00\xd0\x10\x00\x00\x20"
    "\x00\xf8\xff\xff\x00\x00\x00\x00\x5f\x79\xfe\xff\xa0\x86\x01\x00\xab\xf4\xff\xdf\x54\x0b\x00\x20\x0b\x00\x00\xd0\x14\x00\x00\x20"
    "\x00\xf8\xff\xff\x00\x00\x00\x00\x5f\x79\xfe\xff\xa0\x86\x01\x00\xa7\xf4\xff\xdf\x58\x0b\x00\x20\x07\x00\x00\xd0\x18\x00\x00\x20"
    "\x00\xf8\xff\xff\x00\x00\x00\x00\x5f\x79\xfe\xff\xa0\x86\x01\x00\xa1\xf4\xff\xdf\x5e\x0b\x00\x20\x01\x00\x00\xd0\x1e\x00\x00\x20"
    "\x00\xf8\xff\xff\x00\x00\x00\x00\x5f\x79\xfe\xff\xa0\x86\x01\x00\x9b\xf4\xff\xdf\x64\x0b\x00\x20\x1b\x00\x00\xd0\x04\x00\x00\x20"
    "\x00\xf8\xff\xff\x00\x00\x00\x00\x5f\x79\xfe\xff\xa0\x86\x01\x00\x96\xf4\xff\xdf\x69\x0b\x00\x20\x16\x00\x00\xd0\x09\x00\x00\x20"
    "\x00\xf8\xff\xff\x00\x00\x00\x00\x5f\x79\xfe\xff\xa0\x86\x01\x00\x92\xf4\xff\xdf\x6d\x0b\x00\x20\x12\x00\x00\xd0\x0d\x00\x00\x20"
    "\x00\xf8\xff\xff\x00\x00\x00\x00\x5f\x79\xfe\xff\xa0\x86\x01\x00\x68\xf4\xff\xdf\x97\x0b\x00\x20\x08\x00\x00\xd0\x17\x00\x00\x20"
    "\x00\xf8\xff\xff\x00\x00\x00\x00\x5f\x79\xfe\xff\xa0\x86\x01\x00\x64\xf4\xff\xdf\x9b\x0b\x00\x20\x04\x00\x00\xd0\x1b\x00\x00\x20"
    "\x00\xf8\xff\xff\x00\x00\x00\x00\x5f\x79\xfe\xff\xa0\x86\x01\x00\x60\xf4\xff\xdf\x9f\x0b\x00\x20\x00\x00\x00\xd0\x1f\x00\x00\x20"
    "\x00\xf8\xff\xff\x00\x00\x00\x00\x5f\x79\xfe\xff\xa0\x86\x01\x00\x5c\xf4\xff\xdf\xa3\x0b\x00\x20\x1c\x00\x00\xd0\x03\x00\x00\x20"
    "\x00\xf8\xff\xff\x00\x00\x00\x00\x5f\x79\xfe\xff\xa0\x86\x01\x00\x58\xf4\xff\xdf\xa7\x0b\x00\x20\x18\x00\x00\xd0\x07\x00\x00\x20"
    "\x00\xf8\xff\xff\x00\x00\x00\x00\x5f\x79\xfe\xff\xa0\x86\x01\x00\x54\xf4\xff\xdf\xab\x0b\x00\x20\x14\x00\x00\xd0\x0b\x00\x00\x20"
    "\x00\xf8\xff\xff\x00\x00\x00\x00\x5f\x79\xfe\xff\xa0\x86\x01\x00\x50\xf4\xff\xdf\xaf\x0b\x00\x20\x10\x00\x00\xd0\x0f\x00\x00\x20"
    "\x00\xf8\xff\xff\x00\x00\x00\x00\x5f\x79\xfe\xff\xa0\x86\x01\x00\x49\xf4\xff\xdf\xb6\x0b\x00\x20\x09\x00\x00\xd0\x16\x00\x00\x20"
    "\x00\xf8\xff\xff\x00\x00\x00\x00\x5f\x79\xfe\xff\xa0\x86\x01\x00\x45\xf4\xff\xdf\xba\x0b\x00\x20\x05\x00\x00\xd0\x1a\x00\x00\x20"
    "\x00\xf8\xff\xff\x00\x00\x00\x00\x5f\x79\xfe\xff\xa0\x86\x01\x00\x41\xf4\xff\xdf\xbe\x0b\x00\x20\x01\x00\x00\xd0\x1e\x00\x00\x20"
    "\x00\xf8\xff\xff\x00\x00\x00\x00\x5f\x79\xfe\xff\xa0\x86\x01\x00\xfe\xf3\xff\xdf\x01\x0c\x00\x20\x1e\x00\x00\xd0\x01\x00\x00\x20"
    "\x00\xf8\xff\xff\x00\x00\x00\x00\x5f\x79\xfe\xff\xa0\x86\x01\x00\xf9\xf3\xff\xdf\x06\x0c\x00\x20\x19\x00\x00\xd0\x06\x00\x00\x20"
    "\x00\xf8\xff\xff\x00\x00\x00\x00\x5f\x79\xfe\xff\xa0\x86\x01\x00\xf7\xf3\xff\xdf\x08\x0c\x00\x20\x17\x00\x00\xd0\x08\x00\x00\x20"
    "\x00\xf8\xff\xff\x00\x00\x00\x00\x5f\x79\xfe\xff\xa0\x86\x01\x00\xf3\xf3\xff\xdf\x0c\x0c\x00\x20\x13\x00\x00\xd0\x0c\x00\x00\x20"
    "\x00\xf8\xff\xff\x00\x00\x00\x00\x5f\x79\xfe\xff\xa0\x86\x01\x00\xea\xf3\xff\xdf\x15\x0c\x00\x20\x0a\x00\x00\xd0\x15\x00\x00\x20"
    "\x00\xf8\xff\xff\x00\x00\x00\x00\x5f\x79\xfe\xff\xa0\x86\x01\x00\x4f\xf3\xff\xdf\xb0\x0c\x00\x20\x0f\x00\x00\xd0\x10\x00\x00\x20"
    "\x00\xf8\xff\xff\x00\x00\x00\x00\x5f\x79\xfe\xff\xa0\x86\x01\x00\x4b\xf3\xff\xdf\xb4\x0c\x00\x20\x0b\x00\x00\xd0\x14\x00\x00\x20"
    "\x00\xf8\xff\xff\x00\x00\x00\x00\x5f\x79\xfe\xff\xa0\x86\x01\x00\x1c\xf3\xff\xdf\xe3\x0c\x00\x20\x1c\x00\x00\xd0\x03\x00\x00\x20"
    "\x00\xf8\xff\xff\x00\x00\x00\x00\x5f\x79\xfe\xff\xa0\x86\x01\x00\x18\xf3\xff\xdf\xe7\x0c\x00\x20\x18\x00\x00\xd0\x07\x00\x00\x20"
    "\x00\xf8\xff\xff\x00\x00\x00\x00\x5f\x79\xfe\xff\xa0\x86\x01\x00\x83\xf2\xff\xdf\x7c\x0d\x00\x20\x03\x00\x00\xd0\x1c\x00\x00\x20"
    "\x00\xf8\xff\xff\x00\x00\x00\x00\x5f\x79\xfe\xff\xa0\x86\x01\x00\x7f\xf2\xff\xdf\x80\x0d\x00\x20\x1f\x00\x00\xd0\x00\x00\x00\x20"
    "\x00\xf8\xff\xff\x00\x00\x00\x00\x5f\x79\xfe\xff\xa0\x86\x01\x00\x49\xf2\xff\xdf\xb6\x0d\x00\x20\x09\x00\x00\xd0\x16\x00\x00\x20"
    "\x00\xf8\xff\xff\x00\x00\x00\x00\x5f\x79\xfe\xff\xa0\x86\x01\x00\x45\xf2\xff\xdf\xba\x0d\x00\x20\x05\x00\x00\xd0\x1a\x00\x00\x20"
    "\x00\xf8\xff\xff\x00\x00\x00\x00\x5f\x79\xfe\xff\xa0\x86\x01\x00\x43\xf1\xff\xdf\xbc\x0e\x00\x20\x03\x00\x00\xd0\x1c\x00\x00\x20"
    "\x00\xf8\xff\xff\x00\x00\x00\x00\x5f\x79\xfe\xff\xa0\x86\x01\x00\x3f\xf1\xff\xdf\xc0\x0e\x00\x20\x1f\x00\x00\xd0\x00\x00\x00\x20"
    "\x00\xf8\xff\xff\x00\x00\x00\x00\x5f\x79\xfe\xff\xa0\x86\x01\x00\xd6\xf0\xff\xdf\x29\x0f\x00\x20\x16\x00\x00\xd0\x09\x00\x00\x20"
    "\x00\xf8\xff\xff\x00\x00\x00\x00\x5f\x79\xfe\xff\xa0\x86\x01\x00\xd1\xf0\xff\xdf\x2e\x0f\x00\x20\x11\x00\x00\xd0\x0e\x00\x00\x20"
    "\x00\xf8\xff\xff\x00\x00\x00\x00\x5f\x79\xfe\xff\xa0\x86\x01\x00\xcb\xf0\xff\xdf\x34\x0f\x00\x20\x0b\x00\x00\xd0\x14\x00\x00\x20"
    "\x00\xf8\xff\xff\x00\x00\x00\x00\x5f\x79\xfe\xff\xa0\x86\x01\x00\xc4\xf0\xff\xdf\x3b\x0f\x00\x20\x04\x00\x00\xd0\x1b\x00\x00\x20"
    "\x00\xf8\xff\xff\x00\x00\x00\x00\x5f\x79\xfe\xff\xa0\x86\x01\x00\x57\xf0\xff\xdf\xa8\x0f\x00\x20\x17\x00\x00\xd0\x08\x00\x00\x20"
    "\x00\xf8\xff\xff\x00\x00\x00\x00\x5f\x79\xfe\xff\xa0\x86\x01\x00\x53\xf0\xff\xdf\xac\x0f\x00\x20\x13\x00\x00\xd0\x0c\x00\x00\x20"
    "\x00\xf8\xff\xff\x00\x00\x00\x00\x5f\x79\xfe\xff\xa0\x86\x01\x00\xdd\xef\xff\xdf\x22\x10\x00\x20\x1d\x00\x00\xd0\x02\x00\x00\x20"
    "\x00\xf8\xff\xff\x00\x00\x00\x00\x5f\x79\xfe\xff\xa0\x86\x01\x00\xd9\xef\xff\xdf\x26\x10\x00\x20\x19\x00\x00\xd0\x06\x00\x00\x20"
    "\x00\xf8\xff\xff\x00\x00\x00\x00\x5f\x79\xfe\xff\xa0\x86\x01\x00\xd3\xef\xff\xdf\x2c\x10\x00\x20\x13\x00\x00\xd0\x0c\x00\x00\x20"
    "\x00\xf8\xff\xff\x00\x00\x00\x00\x5f\x79\xfe\xff\xa0\x86\x01\x00\xcc\xef\xff\xdf\x33\x10\x00\x20\x0c\x00\x00\xd0\x13\x00\x00\x20"
    "\x00\xf8\xff\xff\x00\x00\x00\x00\x5f\x79\xfe\xff\xa0\x86\x01\x00\x61\xef\xff\xdf\x9e\x10\x00\x20\x01\x00\x00\xd0\x1e\x00\x00\x20"
    "\x00\xf8\xff\xff\x00\x00\x00\x00\x5f\x79\xfe\xff\xa0\x86\x01\x00\x5d\xef\xff\xdf\xa2\x10\x00\x20\x1d\x00\x00\xd0\x02\x00\x00\x20"
    "\x00\xf8\xff\xff\x00\x00\x00\x00\x5f\x79\xfe\xff\xa0\x86\x01\x00\x53\xef\xff\xdf\xac\x10\x00\x20\x13\x00\x00\xd0\x0c\x00\x00\x20"
    "\x00\xf8\xff\xff\x00\x00\x00\x00\x5f\x79\xfe\xff\xa0\x86\x01\x00\xff\xee\xff\xdf\x00\x11\x00\x20\x1f\x00\x00\xd0\x00\x00\x00\x20"
    "\x00\xf8\xff\xff\x00\x00\x00\x00\x5f\x79\xfe\xff\xa0\x86\x01\x00\xfb\xee\xff\xdf\x04\x11\x00\x20\x1b\x00\x00\xd0\x04\x00\x00\x20"
    "\x00\xf8\xff\xff\x00\x00\x00\x00\x5f\x79\xfe\xff\xa0\x86\x01\x00\xc3\xee\xff\xdf\x3c\x11\x00\x20\x03\x00\x00\xd0\x1c\x00\x00\x20"
    "\x00\xf8\xff\xff\x00\x00\x00\x00\x5f\x79\xfe\xff\xa0\x86\x01\x00\xbf\xee\xff\xdf\x40\x11\x00\x20\x1f\x00\x00\xd0\x00\x00\x00\x20"
    "\x00\xf8\xff\xff\x00\x00\x00\x00\x5f\x79\xfe\xff\xa0\x86\x01\x00\xb5\xee\xff\xdf\x4a\x11\x00\x20\x15\x00\x00\xd0\x0a\x00\x00\x20"
    "\x00\xf8\xff\xff\x00\x00\x00\x00\x5f\x79\xfe\xff\xa0\x86\x01\x00\x66\xee\xff\xdf\x99\x11\x00\x20\x06\x00\x00\xd0\x19\x00\x00\x20"
    "\x00\xf8\xff\xff\x00\x00\x00\x00\x5f\x79\xfe\xff\xa0\x86\x01\x00\x62\xee\xff\xdf\x9d\x11\x00\x20\x02\x00\x00\xd0\x1d\x00\x00\x20"
    "\x00\xf8\xff\xff\x00\x00\x00\x00\x5f\x79\xfe\xff\xa0\x86\x01\x00\x2a\xee\xff\xdf\xd5\x11\x00\x20\x0a\x00\x00\xd0\x15\x00\x00\x20"
    "\x00\xf8\xff\xff\x00\x00\x00\x00\x5f\x79\xfe\xff\xa0\x86\x01\x00\x26\xee\xff\xdf\xd9\x11\x00\x20\x06\x00\x00\xd0\x19\x00\x00\x20"
    "\x00\xf8\xff\xff\x00\x00\x00\x00\x5f\x79\xfe\xff\xa0\x86\x01\x00\x1c\xee\xff\xdf\xe3\x11\x00\x20\x1c\x00\x00\xd0\x03\x00\x00\x20"
    "\x00\xf8\xff\xff\x00\x00\x00\x00\x5f\x79\xfe\xff\xa0\x86\x01\x00\xdd\xed\xff\xdf\x22\x12\x00\x20\x1d\x00\x00\xd0\x02\x00\x00\x20"
    "\x00\xf8\xff\xff\x00\x00\x00\x00\x5f\x79\xfe\xff\xa0\x86\x01\x00\xd9\xed\xff\xdf\x26\x12\x00\x20\x19\x00\x00\xd0\x06\x00\x00\x20"
    "\x00\xf8\xff\xff\x00\x00\x00\x00\x5f\x79\xfe\xff\xa0\x86\x01\x00\xa5\xed\xff\xdf\x5a\x12\x00\x20\x05\x00\x00\xd0\x1a\x00\x00\x20"
    "\x00\xf8\xff\xff\x00\x00\x00\x00\x5f\x79\xfe\xff\xa0\x86\x01\x00\xa1\xed\xff\xdf\x5e\x12\x00\x20\x01\x00\x00\xd0\x1e\x00\x00\x20"
    "\x00\xf8\xff\xff\x00\x00\x00\x00\x5f\x79\xfe\xff\xa0\x86\x01\x00\x6d\xed\xff\xdf\x92\x12\x00\x20\x0d\x00\x00\xd0\x12\x00\x00\x20"
    "\x00\xf8\xff\xff\x00\x00\x00\x00\x5f\x79\xfe\xff\xa0\x86\x01\x00\x4a\xed\xff\xdf\xb5\x12\x00\x20\x0a\x00\x00\xd0\x15\x00\x00\x20"
    "\x00\xf8\xff\xff\x00\x00\x00\x00\x5f\x79\xfe\xff\xa0\x86\x01\x00\x46\xed\xff\xdf\xb9\x12\x00\x20\x06\x00\x00\xd0\x19\x00\x00\x20"
    "\x00\xf8\xff\xff\x00\x00\x00\x00\x5f\x79\xfe\xff\xa0\x86\x01\x00\x03\xed\xff\xdf\xfc\x12\x00\x20\x03\x00\x00\xd0\x1c\x00\x00\x20"
    "\x00\xf8\xff\xff\x00\x00\x00\x00\x5f\x79\xfe\xff\xa0\x86\x01\x00\xe5\xec\xff\xdf\x1a\x13\x00\x20\x05\x00\x00\xd0\x1a\x00\x00\x20"
    "\x00\xf8\xff\xff\x00\x00\x00\x00\x5f\x79\xfe\xff\xa0\x86\x01\x00\xe1\xec\xff\xdf\x1e\x13\x00\x20\x01\x00\x00\xd0\x1e\x00\x00\x20"
    "\x00\xf8\xff\xff\x00\x00\x00\x00\x5f\x79\xfe\xff\xa0\x86\x01\x00\x81\xec\xff\xdf\x7e\x13\x00\x20\x01\x00\x00\xd0\x1e\x00\x00\x20"
    "\x00\xf8\xff\xff\x00\x00\x00\x00\x5f\x79\xfe\xff\xa0\x86\x01\x00\x58\xec\xff\xdf\xa7\x13\x00\x20\x18\x00\x00\xd0\x07\x00\x00\x20"
    "\x00\xf8\xff\xff\x00\x00\x00\x00\x5f\x79\xfe\xff\xa0\x86\x01\x00\x54\xec\xff\xdf\xab\x13\x00\x20\x14\x00\x00\xd0\x0b\x00\x00\x20"
    "\x00\xf8\xff\xff\x00\x00\x00\x00\x5f\x79\xfe\xff\xa0\x86\x01\x00\x17\xec\xff\xdf\xe8\x13\x00\x20\x17\x00\x00\xd0\x08\x00\x00\x20"
    "\x00\xf8\xff\xff\x00\x00\x00\x00\x5f\x79\xfe\xff\xa0\x86\x01\x00\xf2\xeb\xff\xdf\x0d\x14\x00\x20\x12\x00\x00\xd0\x0d\x00\x00\x20"
    "\x00\xf8\xff\xff\x00\x00\x00\x00\x5f\x79\xfe\xff\xa0\x86\x01\x00\xee\xeb\xff\xdf\x11\x14\x00\x20\x0e\x00\x00\xd0\x11\x00\x00\x20"
    "\x00\xf8\xff\xff\x00\x00\x00\x00\x5f\x79\xfe\xff\xa0\x86\x01\x00\x1f\xe8\xff\xdf\xe0\x17\x00\x20\x1f\x00\x00\xd0\x00\x00\x00\x20"
    "\x00\xf8\xff\xff\x00\x00\x00\x00\x5f\x79\xfe\xff\xa0\x86\x01\x00\x1c\xe8\xff\xdf\xe3\x17\x00\x20\x1c\x00\x00\xd0\x03\x00\x00\x20"
    "\x00\xf8\xff\xff\x00\x00\x00\x00\x5f\x79\xfe\xff\xa0\x86\x01\x00\x19\xe8\xff\xdf\xe6\x17\x00\x20\x19\x00\x00\xd0\x06\x00\x00\x20"
    "\x00\xf8\xff\xff\x00\x00\x00\x00\x5f\x79\xfe\xff\xa0\x86\x01\x00\x16\xe8\xff\xdf\xe9\x17\x00\x20\x16\x00\x00\xd0\x09\x00\x00\x20"
    "\x00\xf8\xff\xff\x00\x00\x00\x00\x5f\x79\xfe\xff\xa0\x86\x01\x00\x13\xe8\xff\xdf\xec\x17\x00\x20\x13\x00\x00\xd0\x0c\x00\x00\x20"
    "\x00\xf8\xff\xff\x00\x00\x00\x00\x5f\x79\xfe\xff\xa0\x86\x01\x00\x10\xe8\xff\xdf\xef\x17\x00\x20\x10\x00\x00\xd0\x0f\x00\x00\x20"
    "\x00\xf8\xff\xff\x00\x00\x00\x00\x5f\x79\xfe\xff\xa0\x86\x01\x00\x0d\xe8\xff\xdf\xf2\x17\x00\x20\x0d\x00\x00\xd0\x12\x00\x00\x20"
    "\x00\xf8\xff\xff\x00\x00\x00\x00\x5f\x79\xfe\xff\xa0\x86\x01\x00\xb1\xe7\xff\xdf\x4e\x18\x00\x20\x11\x00\x00\xd0\x0e\x00\x00\x20"
    "\x00\xf8\xff\xff\x00\x00\x00\x00\x5f\x79\xfe\xff\xa0\x86\x01\x00\x99\xe7\xff\xdf\x66\x18\x00\x20\x19\x00\x00\xd0\x06\x00\x00\x20"
    "\x00\xf8\xff\xff\x00\x00\x00\x00\x5f\x79\xfe\xff\xa0\x86\x01\x00\x96\xe7\xff\xdf\x69\x18\x00\x20\x16\x00\x00\xd0\x09\x00\x00\x20"
    "\x00\xf8\xff\xff\x00\x00\x00\x00\x5f\x79\xfe\xff\xa0\x86\x01\x00\x86\xe7\xff\xdf\x79\x18\x00\x20\x06\x00\x00\xd0\x19\x00\x00\x20"
    "\x00\xf8\xff\xff\x00\x00\x00\x00\x5f\x79\xfe\xff\xa0\x86\x01\x00\x7b\xe7\xff\xdf\x84\x18\x00\x20\x1b\x00\x00\xd0\x04\x00\x00\x20"
    "\x00\xf8\xff\xff\x00\x00\x00\x00\x5f\x79\xfe\xff\xa0\x86\x01\x00\x6f\xe7\xff\xdf\x90\x18\x00\x20\x0f\x00\x00\xd0\x10\x00\x00\x20"
    "\x00\xf8\xff\xff\x00\x00\x00\x00\x5f\x79\xfe\xff\xa0\x86\x01\x00\x64\xe7\xff\xdf\x9b\x18\x00\x20\x04\x00\x00\xd0\x1b\x00\x00\x20"
    "\x00\xf8\xff\xff\x00\x00\x00\x00\x5f\x79\xfe\xff\xa0\x86\x01\x00\x4d\xe7\xff\xdf\xb2\x18\x00\x20\x0d\x00\x00\xd0\x12\x00\x00\x20"
    "\x00\xf8\xff\xff\x00\x00\x00\x00\x5f\x79\xfe\xff\xa0\x86\x01\x00\x42\xe7\xff\xdf\xbd\x18\x00\x20\x02\x00\x00\xd0\x1d\x00\x00\x20"
    "\x00\xf8\xff\xff\x00\x00\x00\x00\x5f\x79\xfe\xff\xa0\x86\x01\x00\x3d\xe7\xff\xdf\xc2\x18\x00\x20\x1d\x00\x00\xd0\x02\x00\x00\x20"
    "\x00\xf8\xff\xff\x00\x00\x00\x00\x5f\x79\xfe\xff\xa0\x86\x01\x00\x3a\xe7\xff\xdf\xc5\x18\x00\x20\x1a\x00\x00\xd0\x05\x00\x00\x20"
    "\x00\xf8\xff\xff\x00\x00\x00\x00\x5f\x79\xfe\xff\xa0\x86\x01\x00\x12\xe7\xff\xdf\xed\x18\x00\x20\x12\x00\x00\xd0\x0d\x00\x00\x20"
    "\x00\xf8\xff\xff\x00\x00\x00\x00\x5f\x79\xfe\xff\xa0\x86\x01\x00\xc1\xe6\xff\xdf\x3e\x19\x00\x20\x01\x00\x00\xd0\x1e\x00\x00\x20"
    "\x00\xf8\xff\xff\x00\x00\x00\x00\x5f\x79\xfe\xff\xa0\x86\x01\x00\xbc\xe6\xff\xdf\x43\x19\x00\x20\x1c\x00\x00\xd0\x03\x00\x00\x20"
    "\x00\xf8\xff\xff\x00\x00\x00\x00\x5f\x79\xfe\xff\xa0\x86\x01\x00\xb8\xe6\xff\xdf\x47\x19\x00\x20\x18\x00\x00\xd0\x07\x00\x00\x20"
    "\x00\xf8\xff\xff\x00\x00\x00\x00\x5f\x79\xfe\xff\xa0\x86\x01\x00\xb5\xe6\xff\xdf\x4a\x19\x00\x20\x15\x00\x00\xd0\x0a\x00\x00\x20"
    "\x00\xf8\xff\xff\x00\x00\x00\x00\x5f\x79\xfe\xff\xa0\x86\x01\x00\xab\xe6\xff\xdf\x54\x19\x00\x20\x0b\x00\x00\xd0\x14\x00\x00\x20"
    "\x00\xf8\xff\xff\x00\x00\x00\x00\x5f\x79\xfe\xff\xa0\x86\x01\x00\x5e\xe6\xff\xdf\xa1\x19\x00\x20\x1e\x00\x00\xd0\x01\x00\x00\x20"
    "\x00\xf8\xff\xff\x00\x00\x00\x00\x5f\x79\xfe\xff\xa0\x86\x01\x00\x50\xe6\xff\xdf\xaf\x19\x00\x20\x10\x00\x00\xd0\x0f\x00\x00\x20"
    "\x00\xf8\xff\xff\x00\x00\x00\x00\x5f\x79\xfe\xff\xa0\x86\x01\x00\x4c\xe6\xff\xdf\xb3\x19\x00\x20\x0c\x00\x00\xd0\x13\x00\x00\x20"
    "\x00\xf8\xff\xff\x00\x00\x00\x00\x5f\x79\xfe\xff\xa0\x86\x01\x00\x49\xe6\xff\xdf\xb6\x19\x00\x20\x09\x00\x00\xd0\x16\x00\x00\x20"
    "\x00\xf8\xff\xff\x00\x00\x00\x00\x5f\x79\xfe\xff\xa0\x86\x01\x00\x3f\xe6\xff\xdf\xc0\x19\x00\x20\x1f\x00\x00\xd0\x00\x00\x00\x20"
    "\x00\xf8\xff\xff\x00\x00\x00\x00\x5f\x79\xfe\xff\xa0\x86\x01\x00\xf1\xe5\xff\xdf\x0e\x1a\x00\x20\x11\x00\x00\xd0\x0e\x00\x00\x20"
    "\x00\xf8\xff\xff\x00\x00\x00\x00\x5f\x79\xfe\xff\xa0\x86\x01\x00\xec\xe5\xff\xdf\x13\x1a\x00\x20\x0c\x00\x00\xd0\x13\x00\x00\x20"
    "\x00\xf8\xff\xff\x00\x00\x00\x00\x5f\x79\xfe\xff\xa0\x86\x01\x00\xe8\xe5\xff\xdf\x17\x1a\x00\x20\x08\x00\x00\xd0\x17\x00\x00\x20"
    "\x00\xf8\xff\xff\x00\x00\x00\x00\x5f\x79\xfe\xff\xa0\x86\x01\x00\xe5\xe5\xff\xdf\x1a\x1a\x00\x20\x05\x00\x00\xd0\x1a\x00\x00\x20"
    "\x00\xf8\xff\xff\x00\x00\x00\x00\x5f\x79\xfe\xff\xa0\x86\x01\x00\xdb\xe5\xff\xdf\x24\x1a\x00\x20\x1b\x00\x00\xd0\x04\x00\x00\x20"
    "\x00\xf8\xff\xff\x00\x00\x00\x00\x5f\x79\xfe\xff\xa0\x86\x01\x00\x62\xe5\xff\xdf\x9d\x1a\x00\x20\x02\x00\x00\xd0\x1d\x00\x00\x20"
    "\x00\xf8\xff\xff\x00\x00\x00\x00\x5f\x79\xfe\xff\xa0\x86\x01\x00\x5b\xe5\xff\xdf\xa4\x1a\x00\x20\x1b\x00\x00\xd0\x04\x00\x00\x20"
    "\x00\xf8\xff\xff\x00\x00\x00\x00\x5f\x79\xfe\xff\xa0\x86\x01\x00\x57\xe5\xff\xdf\xa8\x1a\x00\x20\x17\x00\x00\xd0\x08\x00\x00\x20"
    "\x00\xf8\xff\xff\x00\x00\x00\x00\x5f\x79\xfe\xff\xa0\x86\x01\x00\x01\xe5\xff\xdf\xfe\x1a\x00\x20\x01\x00\x00\xd0\x1e\x00\x00\x20"
    "\x00\xf8\xff\xff\x00\x00\x00\x00\x5f\x79\xfe\xff\xa0\x86\x01\x00\xfc\xe4\xff\xdf\x03\x1b\x00\x20\x1c\x00\x00\xd0\x03\x00\x00\x20"
    "\x00\xf8\xff\xff\x00\x00\x00\x00\x5f\x79\xfe\xff\xa0\x86\x01\x00\xf8\xe4\xff\xdf\x07\x1b\x00\x20\x18\x00\x00\xd0\x07\x00\x00\x20"
    "\x00\xf8\xff\xff\x00\x00\x00\x00\x5f\x79\xfe\xff\xa0\x86\x01\x00\xf5\xe4\xff\xdf\x0a\x1b\x00\x20\x15\x00\x00\xd0\x0a\x00\x00\x20"
    "\x00\xf8\xff\xff\x00\x00\x00\x00\x5f\x79\xfe\xff\xa0\x86\x01\x00\xeb\xe4\xff\xdf\x14\x1b\x00\x20\x0b\x00\x00\xd0\x14\x00\x00\x20"
    "\x00\xf8\xff\xff\x00\x00\x00\x00\x5f\x79\xfe\xff\xa0\x86\x01\x00\x90\xe4\xff\xdf\x6f\x1b\x00\x20\x10\x00\x00\xd0\x0f\x00\x00\x20"
    "\x00\xf8\xff\xff\x00\x00\x00\x00\x5f\x79\xfe\xff\xa0\x86\x01\x00\x8b\xe4\xff\xdf\x74\x1b\x00\x20\x0b\x00\x00\xd0\x14\x00\x00\x20"
    "\x00\xf8\xff\xff\x00\x00\x00\x00\x5f\x79\xfe\xff\xa0\x86\x01\x00\x87\xe4\xff\xdf\x78\x1b\x00\x20\x07\x00\x00\xd0\x18\x00\x00\x20"
    "\x00\xf8\xff\xff\x00\x00\x00\x00\x5f\x79\xfe\xff\xa0\x86\x01\x00\x84\xe4\xff\xdf\x7b\x1b\x00\x20\x04\x00\x00\xd0\x1b\x00\x00\x20"
    "\x00\xf8\xff\xff\x00\x00\x00\x00\x5f\x79\xfe\xff\xa0\x86\x01\x00\x7a\xe4\xff\xdf\x85\x1b\x00\x20\x1a\x00\x00\xd0\x05\x00\x00\x20"
    "\x00\xf8\xff\xff\x00\x00\x00\x00\x5f\x79\xfe\xff\xa0\x86\x01\x00\xe5\xe3\xff\xdf\x1a\x1c\x00\x20\x05\x00\x00\xd0\x1a\x00\x00\x20"
    "\x00\xf8\xff\xff\x00\x00\x00\x00\x5f\x79\xfe\xff\xa0\x86\x01\x00\xe0\xe3\xff\xdf\x1f\x1c\x00\x20\x00\x00\x00\xd0\x1f\x00\x00\x20"
    "\x00\xf8\xff\xff\x00\x00\x00\x00\x5f\x79\xfe\xff\xa0\x86\x01\x00\xdc\xe3\xff\xdf\x23\x1c\x00\x20\x1c\x00\x00\xd0\x03\x00\x00\x20"
    "\x00\xf8\xff\xff\x00\x00\x00\x00\x5f\x79\xfe\xff\xa0\x86\x01\x00\xd9\xe3\xff\xdf\x26\x1c\x00\x20\x19\x00\x00\xd0\x06\x00\x00\x20"
    "\x00\xf8\xff\xff\x00\x00\x00\x00\x5f\x79\xfe\xff\xa0\x86\x01\x00\xcd\xe3\xff\xdf\x32\x1c\x00\x20\x0d\x00\x00\xd0\x12\x00\x00\x20"
    "\x00\xf8\xff\xff\x00\x00\x00\x00\x5f\x79\xfe\xff\xa0\x86\x01\x00\x2a\xe1\xff\xdf\xd5\x1e\x00\x20\x0a\x00\x00\xd0\x15\x00\x00\x20"
    "\x00\xf8\xff\xff\x00\x00\x00\x00\x5f\x79\xfe\xff\xa0\x86\x01\x00\x25\xe1\xff\xdf\xda\x1e\x00\x20\x05\x00\x00\xd0\x1a\x00\x00\x20"
    "\x00\xf8\xff\xff\x00\x00\x00\x00\x5f\x79\xfe\xff\xa0\x86\x01\x00\x1f\xe1\xff\xdf\xe0\x1e\x00\x20\x1f\x00\x00\xd0\x00\x00\x00\x20"
    "\x00\xf8\xff\xff\x00\x00\x00\x00\x5f\x79\xfe\xff\xa0\x86\x01\x00\x0c\xe1\xff\xdf\xf3\x1e\x00\x20\x0c\x00\x00\xd0\x13\x00\x00\x20"
    "\x00\xf8\xff\xff\x00\x00\x00\x00\x5f\x79\xfe\xff\xa0\x86\x01\x00\x07\xe1\xff\xdf\xf8\x1e\x00\x20\x07\x00\x00\xd0\x18\x00\x00\x20"
    "\x00\xf8\xff\xff\x00\x00\x00\x00\x5f\x79\xfe\xff\xa0\x86\x01\x00\x02\xe1\xff\xdf\xfd\x1e\x00\x20\x02\x00\x00\xd0\x1d\x00\x00\x20"
    "\x00\xf8\xff\xff\x00\x00\x00\x00\x5f\x79\xfe\xff\xa0\x86\x01\x00\xf6\xe0\xff\xdf\x09\x1f\x00\x20\x16\x00\x00\xd0\x09\x00\x00\x20"
    "\x00\xf8\xff\xff\x00\x00\x00\x00\x5f\x79\xfe\xff\xa0\x86\x01\x00\xf1\xe0\xff\xdf\x0e\x1f\x00\x20\x11\x00\x00\xd0\x0e\x00\x00\x20"
    "\x00\xf8\xff\xff\x00\x00\x00\x00\x5f\x79\xfe\xff\xa0\x86\x01\x00\xeb\xe0\xff\xdf\x14\x1f\x00\x20\x0b\x00\x00\xd0\x14\x00\x00\x20"
    "\x00\xf8\xff\xff\x00\x00\x00\x00\x5f\x79\xfe\xff\xa0\x86\x01\x00\xd8\xe0\xff\xdf\x27\x1f\x00\x20\x18\x00\x00\xd0\x07\x00\x00\x20"
    "\x00\xf8\xff\xff\x00\x00\x00\x00\x5f\x79\xfe\xff\xa0\x86\x01\x00\xd3\xe0\xff\xdf\x2c\x1f\x00\x20\x13\x00\x00\xd0\x0c\x00\x00\x20"
    "\x00\xf8\xff\xff\x00\x00\x00\x00\x5f\x79\xfe\xff\xa0\x86\x01\x00\xce\xe0\xff\xdf\x31\x1f\x00\x20\x0e\x00\x00\xd0\x11\x00\x00\x20"
    "\x00\xf8\xff\xff\x00\x00\x00\x00\x5f\x79\xfe\xff\xa0\x86\x01\x00\xbf\xe0\xff\xdf\x40\x1f\x00\x20\x1f\x00\x00\xd0\x00\x00\x00\x20"
    "\x00\xf8\xff\xff\x00\x00\x00\x00\x5f\x79\xfe\xff\xa0\x86\x01\x00\xbc\xe0\xff\xdf\x43\x1f\x00\x20\x1c\x00\x00\xd0\x03\x00\x00\x20"
    "\x00\xf8\xff\xff\x00\x00\x00\x00\x5f\x79\xfe\xff\xa0\x86\x01\x00\xb8\xe0\xff\xdf\x47\x1f\x00\x20\x18\x00\x00\xd0\x07\x00\x00\x20"
    "\x00\xf8\xff\xff\x00\x00\x00\x00\x5f\x79\xfe\xff\xa0\x86\x01\x00\xb5\xe0\xff\xdf\x4a\x1f\x00\x20\x15\x00\x00\xd0\x0a\x00\x00\x20"
    "\x00\xf8\xff\xff\x00\x00\x00\x00\x5f\x79\xfe\xff\xa0\x86\x01\x00\xb0\xe0\xff\xdf\x4f\x1f\x00\x20\x10\x00\x00\xd0\x0f\x00\x00\x20"
    "\x00\xf8\xff\xff\x00\x00\x00\x00\x5f\x79\xfe\xff\xa0\x86\x01\x00\xad\xe0\xff\xdf\x52\x1f\x00\x20\x0d\x00\x00\xd0\x12\x00\x00\x20"
    "\x00\xf8\xff\xff\x00\x00\x00\x00\x5f\x79\xfe\xff\xa0\x86\x01\x00\xa7\xe0\xff\xdf\x58\x1f\x00\x20\x07\x00\x00\xd0\x18\x00\x00\x20"
    "\x00\xf8\xff\xff\x00\x00\x00\x00\x5f\x79\xfe\xff\xa0\x86\x01\x00\xa4\xe0\xff\xdf\x5b\x1f\x00\x20\x04\x00\x00\xd0\x1b\x00\x00\x20"
    "\x00\xf8\xff\xff\x00\x00\x00\x00\x5f\x79\xfe\xff\xa0\x86\x01\x00\x9b\xdf\xff\xdf\x64\x20\x00\x20\x1b\x00\x00\xd0\x04\x00\x00\x20"
    "\x00\xf8\xff\xff\x00\x00\x00\x00\x5f\x79\xfe\xff\xa0\x86\x01\x00\x96\xdf\xff\xdf\x69\x20\x00\x20\x16\x00\x00\xd0\x09\x00\x00\x20"
    "\x00\xf8\xff\xff\x00\x00\x00\x00\x5f\x79\xfe\xff\xa0\x86\x01\x00\x8b\xdf\xff\xdf\x74\x20\x00\x20\x0b\x00\x00\xd0\x14\x00\x00\x20"
    "\x00\xf8\xff\xff\x00\x00\x00\x00\x5f\x79\xfe\xff\xa0\x86\x01\x00\xc1\xde\xff\xdf\x3e\x21\x00\x20\x01\x00\x00\xd0\x1e\x00\x00\x20"
    "\x00\xf8\xff\xff\x00\x00\x00\x00\x5f\x79\xfe\xff\xa0\x86\x01\x00\xbc\xde\xff\xdf\x43\x21\x00\x20\x1c\x00\x00\xd0\x03\x00\x00\x20"
    "\x00\xf8\xff\xff\x00\x00\x00\x00\x5f\x79\xfe\xff\xa0\x86\x01\x00\xb8\xde\xff\xdf\x47\x21\x00\x20\x18\x00\x00\xd0\x07\x00\x00\x20"
    "\x00\xf8\xff\xff\x00\x00\x00\x00\x5f\x79\xfe\xff\xa0\x86\x01\x00\xb4\xde\xff\xdf\x4b\x21\x00\x20\x14\x00\x00\xd0\x0b\x00\x00\x20"
    "\x00\xf8\xff\xff\x00\x00\x00\x00\x5f\x79\xfe\xff\xa0\x86\x01\x00\xb0\xde\xff\xdf\x4f\x21\x00\x20\x10\x00\x00\xd0\x0f\x00\x00\x20"
    "\x00\xf8\xff\xff\x00\x00\x00\x00\x5f\x79\xfe\xff\xa0\x86\x01\x00\xac\xde\xff\xdf\x53\x21\x00\x20\x0c\x00\x00\xd0\x13\x00\x00\x20"
    "\x00\xf8\xff\xff\x00\x00\x00\x00\x5f\x79\xfe\xff\xa0\x86\x01\x00\xa7\xde\xff\xdf\x58\x21\x00\x20\x07\x00\x00\xd0\x18\x00\x00\x20"
    "\x00\xf8\xff\xff\x00\x00\x00\x00\x5f\x79\xfe\xff\xa0\x86\x01\x00\xa3\xde\xff\xdf\x5c\x21\x00\x20\x03\x00\x00\xd0\x1c\x00\x00\x20"
    "\x00\xf8\xff\xff\x00\x00\x00\x00\x5f\x79\xfe\xff\xa0\x86\x01\x00\x9f\xde\xff\xdf\x60\x21\x00\x20\x1f\x00\x00\xd0\x00\x00\x00\x20"
    "\x00\xf8\xff\xff\x00\x00\x00\x00\x5f\x79\xfe\xff\xa0\x86\x01\x00\x9b\xde\xff\xdf\x64\x21\x00\x20\x1b\x00\x00\xd0\x04\x00\x00\x20"
    "\x00\xf8\xff\xff\x00\x00\x00\x00\x5f\x79\xfe\xff\xa0\x86\x01\x00\x97\xde\xff\xdf\x68\x21\x00\x20\x17\x00\x00\xd0\x08\x00\x00\x20"
    "\x00\xf8\xff\xff\x00\x00\x00\x00\x5f\x79\xfe\xff\xa0\x86\x01\x00\x93\xde\xff\xdf\x6c\x21\x00\x20\x13\x00\x00\xd0\x0c\x00\x00\x20"
    "\x00\xf8\xff\xff\x00\x00\x00\x00\x5f\x79\xfe\xff\xa0\x86\x01\x00\x8a\xde\xff\xdf\x75\x21\x00\x20\x0a\x00\x00\xd0\x15\x00\x00\x20"
    "\x00\xf8\xff\xff\x00\x00\x00\x00\x5f\x79\xfe\xff\xa0\x86\x01\x00\x4b\xde\xff\xdf\xb4\x21\x00\x20\x0b\x00\x00\xd0\x14\x00\x00\x20"
    "\x00\xf8\xff\xff\x00\x00\x00\x00\x5f\x79\xfe\xff\xa0\x86\x01\x00\x47\xde\xff\xdf\xb8\x21\x00\x20\x07\x00\x00\xd0\x18\x00\x00\x20"
    "\x00\xf8\xff\xff\x00\x00\x00\x00\x5f\x79\xfe\xff\xa0\x86\x01\x00\x43\xde\xff\xdf\xbc\x21\x00\x20\x03\x00\x00\xd0\x1c\x00\x00\x20"
    "\x00\xf8\xff\xff\x00\x00\x00\x00\x5f\x79\xfe\xff\xa0\x86\x01\x00\x40\xde\xff\xdf\xbf\x21\x00\x20\x00\x00\x00\xd0\x1f\x00\x00\x20"
    "\x00\xf8\xff\xff\x00\x00\x00\x00\x5f\x79\xfe\xff\xa0\x86\x01\x00\x3d\xde\xff\xdf\xc2\x21\x00\x20\x1d\x00\x00\xd0\x02\x00\x00\x20"
    "\x00\xf8\xff\xff\x00\x00\x00\x00\x5f\x79\xfe\xff\xa0\x86\x01\x00\x39\xde\xff\xdf\xc6\x21\x00\x20\x19\x00\x00\xd0\x06\x00\x00\x20"
    "\x00\xf8\xff\xff\x00\x00\x00\x00\x5f\x79\xfe\xff\xa0\x86\x01\x00\x35\xde\xff\xdf\xca\x21\x00\x20\x15\x00\x00\xd0\x0a\x00\x00\x20"
    "\x00\xf8\xff\xff\x00\x00\x00\x00\x5f\x79\xfe\xff\xa0\x86\x01\x00\x31\xde\xff\xdf\xce\x21\x00\x20\x11\x00\x00\xd0\x0e\x00\x00\x20"
    "\x00\xf8\xff\xff\x00\x00\x00\x00\x5f\x79\xfe\xff\xa0\x86\x01\x00\x2e\xde\xff\xdf\xd1\x21\x00\x20\x0e\x00\x00\xd0\x11\x00\x00\x20"
    "\x00\xf8\xff\xff\x00\x00\x00\x00\x5f\x79\xfe\xff\xa0\x86\x01\x00\x2b\xde\xff\xdf\xd4\x21\x00\x20\x0b\x00\x00\xd0\x14\x00\x00\x20"
    "\x00\xf8\xff\xff\x00\x00\x00\x00\x5f\x79\xfe\xff\xa0\x86\x01\x00\x20\xde\xff\xdf\xdf\x21\x00\x20\x00\x00\x00\xd0\x1f\x00\x00\x20"
    "\x00\xf8\xff\xff\x00\x00\x00\x00\x5f\x79\xfe\xff\xa0\x86\x01\x00\x1c\xde\xff\xdf\xe3\x21\x00\x20\x1c\x00\x00\xd0\x03\x00\x00\x20"
    "\x00\xf8\xff\xff\x00\x00\x00\x00\x5f\x79\xfe\xff\xa0\x86\x01\x00\x17\xde\xff\xdf\xe8\x21\x00\x20\x17\x00\x00\xd0\x08\x00\x00\x20"
    "\x00\xf8\xff\xff\x00\x00\x00\x00\x5f\x79\xfe\xff\xa0\x86\x01\x00\x13\xde\xff\xdf\xec\x21\x00\x20\x13\x00\x00\xd0\x0c\x00\x00\x20"
    "\x00\xf8\xff\xff\x00\x00\x00\x00\x5f\x79\xfe\xff\xa0\x86\x01\x00\x0f\xde\xff\xdf\xf0\x21\x00\x20\x0f\x00\x00\xd0\x10\x00\x00\x20"
    "\x00\xf8\xff\xff\x00\x00\x00\x00\x5f\x79\xfe\xff\xa0\x86\x01\x00\x05\xde\xff\xdf\xfa\x21\x00\x20\x05\x00\x00\xd0\x1a\x00\x00\x20"
    "\x00\xf8\xff\xff\x00\x00\x00\x00\x5f\x79\xfe\xff\xa0\x86\x01\x00\x02\xde\xff\xdf\xfd\x21\x00\x20\x02\x00\x00\xd0\x1d\x00\x00\x20"
    "\x00\xf8\xff\xff\x00\x00\x00\x00\x5f\x79\xfe\xff\xa0\x86\x01\x00\xf8\xdd\xff\xdf\x07\x22\x00\x20\x18\x00\x00\xd0\x07\x00\x00\x20"
    "\x00\xf8\xff\xff\x00\x00\x00\x00\x5f\x79\xfe\xff\xa0\x86\x01\x00\xef\xdd\xff\xdf\x10\x22\x00\x20\x0f\x00\x00\xd0\x10\x00\x00\x20"
    "\x00\xf8\xff\xff\x00\x00\x00\x00\x5f\x79\xfe\xff\xa0\x86\x01\x00\xec\xdd\xff\xdf\x13\x22\x00\x20\x0c\x00\x00\xd0\x13\x00\x00\x20"
    "\x00\xf8\xff\xff\x00\x00\x00\x00\x5f\x79\xfe\xff\xa0\x86\x01\x00\xe3\xdd\xff\xdf\x1c\x22\x00\x20\x03\x00\x00\xd0\x1c\x00\x00\x20"
    "\x00\xf8\xff\xff\x00\x00\x00\x00\x5f\x79\xfe\xff\xa0\x86\x01\x00\xe0\xdd\xff\xdf\x1f\x22\x00\x20\x00\x00\x00\xd0\x1f\x00\x00\x20"
    "\x00\xf8\xff\xff\x00\x00\x00\x00\x5f\x79\xfe\xff\xa0\x86\x01\x00\xd5\xdd\xff\xdf\x2a\x22\x00\x20\x15\x00\x00\xd0\x0a\x00\x00\x20"
    "\x00\xf8\xff\xff\x00\x00\x00\x00\x5f\x79\xfe\xff\xa0\x86\x01\x00\xcc\xdd\xff\xdf\x33\x22\x00\x20\x0c\x00\x00\xd0\x13\x00\x00\x20"
    "\x00\xf8\xff\xff\x00\x00\x00\x00\x5f\x79\xfe\xff\xa0\x86\x01\x00\xc9\xdd\xff\xdf\x36\x22\x00\x20\x09\x00\x00\xd0\x16\x00\x00\x20"
    "\x00\xf8\xff\xff\x00\x00\x00\x00\x5f\x79\xfe\xff\xa0\x86\x01\x00\xbc\xdd\xff\xdf\x43\x22\x00\x20\x1c\x00\x00\xd0\x03\x00\x00\x20"
    "\x00\xf8\xff\xff\x00\x00\x00\x00\x5f\x79\xfe\xff\xa0\x86\x01\x00\xb9\xdd\xff\xdf\x46\x22\x00\x20\x19\x00\x00\xd0\x06\x00\x00\x20"
    "\x00\xf8\xff\xff\x00\x00\x00\x00\x5f\x79\xfe\xff\xa0\x86\x01\x00\xaf\xdd\xff\xdf\x50\x22\x00\x20\x0f\x00\x00\xd0\x10\x00\x00\x20"
    "\x00\xf8\xff\xff\x00\x00\x00\x00\x5f\x79\xfe\xff\xa0\x86\x01\x00\xa6\xdd\xff\xdf\x59\x22\x00\x20\x06\x00\x00\xd0\x19\x00\x00\x20"
    "\x00\xf8\xff\xff\x00\x00\x00\x00\x5f\x79\xfe\xff\xa0\x86\x01\x00\xa3\xdd\xff\xdf\x5c\x22\x00\x20\x03\x00\x00\xd0\x1c\x00\x00\x20"
    "\x00\xf8\xff\xff\x00\x00\x00\x00\x5f\x79\xfe\xff\xa0\x86\x01\x00\x9a\xdd\xff\xdf\x65\x22\x00\x20\x1a\x00\x00\xd0\x05\x00\x00\x20"
    "\x00\xf8\xff\xff\x00\x00\x00\x00\x5f\x79\xfe\xff\xa0\x86\x01\x00\x97\xdd\xff\xdf\x68\x22\x00\x20\x17\x00\x00\xd0\x08\x00\x00\x20"
    "\x00\xf8\xff\xff\x00\x00\x00\x00\x5f\x79\xfe\xff\xa0\x86\x01\x00\x8c\xdd\xff\xdf\x73\x22\x00\x20\x0c\x00\x00\xd0\x13\x00\x00\x20"
    "\x00\xf8\xff\xff\x00\x00\x00\x00\x5f\x79\xfe\xff\xa0\x86\x01\x00\x83\xdd\xff\xdf\x7c\x22\x00\x20\x03\x00\x00\xd0\x1c\x00\x00\x20"
    "\x00\xf8\xff\xff\x00\x00\x00\x00\x5f\x79\xfe\xff\xa0\x86\x01\x00\x80\xdd\xff\xdf\x7f\x22\x00\x20\x00\x00\x00\xd0\x1f\x00\x00\x20"
    "\x00\xf8\xff\xff\x00\x00\x00\x00\x5f\x79\xfe\xff\xa0\x86\x01\x00\xea\xd5\xff\xdf\x15\x2a\x00\x20\x0a\x00\x00\xd0\x15\x00\x00\x20"
    "\x00\xf8\xff\xff\x00\x00\x00\x00\x5f\x79\xfe\xff\xa0\x86\x01\x00\xe1\xd5\xff\xdf\x1e\x2a\x00\x20\x01\x00\x00\xd0\x1e\x00\x00\x20"
    "\x00\xf8\xff\xff\x00\x00\x00\x00\x5f\x79\xfe\xff\xa0\x86\x01\x00\xda\xd5\xff\xdf\x25\x2a\x00\x20\x1a\x00\x00\xd0\x05\x00\x00\x20"
    "\x00\xf8\xff\xff\x00\x00\x00\x00\x5f\x79\xfe\xff\xa0\x86\x01\x00\xd7\xd5\xff\xdf\x28\x2a\x00\x20\x17\x00\x00\xd0\x08\x00\x00\x20"
    "\x00\xf8\xff\xff\x00\x00\x00\x00\x5f\x79\xfe\xff\xa0\x86\x01\x00\xd4\xd5\xff\xdf\x2b\x2a\x00\x20\x14\x00\x00\xd0\x0b\x00\x00\x20"
    "\x00\xf8\xff\xff\x00\x00\x00\x00\x5f\x79\xfe\xff\xa0\x86\x01\x00\xd0\xd5\xff\xdf\x2f\x2a\x00\x20\x10\x00\x00\xd0\x0f\x00\x00\x20"
    "\x00\xf8\xff\xff\x00\x00\x00\x00\x5f\x79\xfe\xff\xa0\x86\x01\x00\xc7\xd5\xff\xdf\x38\x2a\x00\x20\x07\x00\x00\xd0\x18\x00\x00\x20"
    "\x00\xf8\xff\xff\x00\x00\x00\x00\x5f\x79\xfe\xff\xa0\x86\x01\x00\xc4\xd5\xff\xdf\x3b\x2a\x00\x20\x04\x00\x00\xd0\x1b\x00\x00\x20"
    "\x00\xf8\xff\xff\x00\x00\x00\x00\x5f\x79\xfe\xff\xa0\x86\x01\x00\xbb\xd5\xff\xdf\x44\x2a\x00\x20\x1b\x00\x00\xd0\x04\x00\x00\x20"
    "\x00\xf8\xff\xff\x00\x00\x00\x00\x5f\x79\xfe\xff\xa0\x86\x01\x00\xb1\xd5\xff\xdf\x4e\x2a\x00\x20\x11\x00\x00\xd0\x0e\x00\x00\x20"
    "\x00\xf8\xff\xff\x00\x00\x00\x00\x5f\x79\xfe\xff\xa0\x86\x01\x00\xad\xd5\xff\xdf\x52\x2a\x00\x20\x0d\x00\x00\xd0\x12\x00\x00\x20"
    "\x00\xf8\xff\xff\x00\x00\x00\x00\x5f\x79\xfe\xff\xa0\x86\x01\x00\xa3\xd5\xff\xdf\x5c\x2a\x00\x20\x03\x00\x00\xd0\x1c\x00\x00\x20"
    "\x00\xf8\xff\xff\x00\x00\x00\x00\x5f\x79\xfe\xff\xa0\x86\x01\x00\x9f\xd5\xff\xdf\x60\x2a\x00\x20\x1f\x00\x00\xd0\x00\x00\x00\x20"
    "\x00\xf8\xff\xff\x00\x00\x00\x00\x5f\x79\xfe\xff\xa0\x86\x01\x00\x96\xd5\xff\xdf\x69\x2a\x00\x20\x16\x00\x00\xd0\x09\x00\x00\x20"
    "\x00\xf8\xff\xff\x00\x00\x00\x00\x5f\x79\xfe\xff\xa0\x86\x01\x00\x92\xd5\xff\xdf\x6d\x2a\x00\x20\x12\x00\x00\xd0\x0d\x00\x00\x20"
    "\x00\xf8\xff\xff\x00\x00\x00\x00\x5f\x79\xfe\xff\xa0\x86\x01\x00\x89\xcc\xff\xdf\x76\x33\x00\x20\x09\x00\x00\xd0\x16\x00\x00\x20"
    "\x00\xf8\xff\xff\x00\x00\x00\x00\x5f\x79\xfe\xff\xa0\x86\x01\x00\x85\xcc\xff\xdf\x7a\x33\x00\x20\x05\x00\x00\xd0\x1a\x00\x00\x20"
    "\x00\xf8\xff\xff\x00\x00\x00\x00\x5f\x79\xfe\xff\xa0\x86\x01\x00\x7f\xcc\xff\xdf\x80\x33\x00\x20\x1f\x00\x00\xd0\x00\x00\x00\x20"
    "\x00\xf8\xff\xff\x00\x00\x00\x00\x5f\x79\xfe\xff\xa0\x86\x01\x00\x7a\xcc\xff\xdf\x85\x33\x00\x20\x1a\x00\x00\xd0\x05\x00\x00\x20"
    "\x00\xf8\xff\xff\x00\x00\x00\x00\x5f\x79\xfe\xff\xa0\x86\x01\x00\xc2\xc8\xff\xdf\x3d\x37\x00\x20\x02\x00\x00\xd0\x1d\x00\x00\x20"
    "\x00\xf8\xff\xff\x00\x00\x00\x00\x5f\x79\xfe\xff\xa0\x86\x01\x00\xbe\xc8\xff\xdf\x41\x37\x00\x20\x1e\x00\x00\xd0\x01\x00\x00\x20"
    "\x00\xf8\xff\xff\x00\x00\x00\x00\x5f\x79\xfe\xff\xa0\x86\x01\x00\xa2\xc8\xff\xdf\x5d\x37\x00\x20\x02\x00\x00\xd0\x1d\x00\x00\x20"
    "\x00\xf8\xff\xff\x00\x00\x00\x00\x5f\x79\xfe\xff\xa0\x86\x01\x00\x9e\xc8\xff\xdf\x61\x37\x00\x20\x1e\x00\x00\xd0\x01\x00\x00\x20"
    "\x00\xf8\xff\xff\x00\x00\x00\x00\x5f\x79\xfe\xff\xa0\x86\x01\x00\x95\xc8\xff\xdf\x6a\x37\x00\x20\x15\x00\x00\xd0\x0a\x00\x00\x20"
    "\x00\xf8\xff\xff\x00\x00\x00\x00\x5f\x79\xfe\xff\xa0\x86\x01\x00\x8c\xc8\xff\xdf\x73\x37\x00\x20\x0c\x00\x00\xd0\x13\x00\x00\x20"
    "\x00\xf8\xff\xff\x00\x00\x00\x00\x5f\x79\xfe\xff\xa0\x86\x01\x00\xa2\xc7\xff\xdf\x5d\x38\x00\x20\x02\x00\x00\xd0\x1d\x00\x00\x20"
    "\x00\xf8\xff\xff\x00\x00\x00\x00\x5f\x79\xfe\xff\xa0\x86\x01\x00\x9b\xc7\xff\xdf\x64\x38\x00\x20\x1b\x00\x00\xd0\x04\x00\x00\x20"
    "\x00\xf8\xff\xff\x00\x00\x00\x00\x5f\x79\xfe\xff\xa0\x86\x01\x00\x90\xc7\xff\xdf\x6f\x38\x00\x20\x10\x00\x00\xd0\x0f\x00\x00\x20"
    "\x00\xf8\xff\xff\x00\x00\x00\x00\x5f\x79\xfe\xff\xa0\x86\x01\x00\x88\xc7\xff\xdf\x77\x38\x00\x20\x08\x00\x00\xd0\x17\x00\x00\x20"
    "\x00\xf8\xff\xff\x00\x00\x00\x00\x5f\x79\xfe\xff\xa0\x86\x01\x00\x81\xc7\xff\xdf\x7e\x38\x00\x20\x01\x00\x00\xd0\x1e\x00\x00\x20"
    "\x00\xf8\xff\xff\x00\x00\x00\x00\x5f\x79\xfe\xff\xa0\x86\x01\x00\x77\xc7\xff\xdf\x88\x38\x00\x20\x17\x00\x00\xd0\x08\x00\x00\x20"
    "\x00\xf8\xff\xff\x00\x00\x00\x00\x5f\x79\xfe\xff\xa0\x86\x01\x00\x81\xc6\xff\xdf\x7e\x39\x00\x20\x01\x00\x00\xd0\x1e\x00\x00\x20"
    "\x00\xf8\xff\xff\x00\x00\x00\x00\x5f\x79\xfe\xff\xa0\x86\x01\x00\x7d\xc6\xff\xdf\x82\x39\x00\x20\x1d\x00\x00\xd0\x02\x00\x00\x20"
    "\x00\xf8\xff\xff\x00\x00\x00\x00\x5f\x79\xfe\xff\xa0\x86\x01\x00\x77\xc6\xff\xdf\x88\x39\x00\x20\x17\x00\x00\xd0\x08\x00\x00\x20"
    "\x00\xf8\xff\xff\x00\x00\x00\x00\x5f\x79\xfe\xff\xa0\x86\x01\x00\x73\xc6\xff\xdf\x8c\x39\x00\x20\x13\x00\x00\xd0\x0c\x00\x00\x20"
    "\x00\xf8\xff\xff\x00\x00\x00\x00\x5f\x79\xfe\xff\xa0\x86\x01\x00\x6a\xc6\xff\xdf\x95\x39\x00\x20\x0a\x00\x00\xd0\x15\x00\x00\x20"
    "\x00\xf8\xff\xff\x00\x00\x00\x00\x5f\x79\xfe\xff\xa0\x86\x01\x00\x5f\xc6\xff\xdf\xa0\x39\x00\x20\x1f\x00\x00\xd0\x00\x00\x00\x20"
    "\x00\xf8\xff\xff\x00\x00\x00\x00\x5f\x79\xfe\xff\xa0\x86\x01\x00\xff\xc5\xff\xdf\x00\x3a\x00\x20\x1f\x00\x00\xd0\x00\x00\x00\x20"
    "\x00\xf8\xff\xff\x00\x00\x00\x00\x5f\x79\xfe\xff\xa0\x86\x01\x00\xfb\xc5\xff\xdf\x04\x3a\x00\x20\x1b\x00\x00\xd0\x04\x00\x00\x20"
    "\x00\xf8\xff\xff\x00\x00\x00\x00\x5f\x79\xfe\xff\xa0\x86\x01\x00\xf5\xc5\xff\xdf\x0a\x3a\x00\x20\x15\x00\x00\xd0\x0a\x00\x00\x20"
    "\x00\xf8\xff\xff\x00\x00\x00\x00\x5f\x79\xfe\xff\xa0\x86\x01\x00\xf1\xc5\xff\xdf\x0e\x3a\x00\x20\x11\x00\x00\xd0\x0e\x00\x00\x20"
    "\x00\xf8\xff\xff\x00\x00\x00\x00\x5f\x79\xfe\xff\xa0\x86\x01\x00\xe8\xc5\xff\xdf\x17\x3a\x00\x20\x08\x00\x00\xd0\x17\x00\x00\x20"
    "\x00\xf8\xff\xff\x00\x00\x00\x00\x5f\x79\xfe\xff\xa0\x86\x01\x00\xe0\xc5\xff\xdf\x1f\x3a\x00\x20\x00\x00\x00\xd0\x1f\x00\x00\x20"
    "\x00\xf8\xff\xff\x00\x00\x00\x00\x5f\x79\xfe\xff\xa0\x86\x01\x00\x50\xc5\xff\xdf\xaf\x3a\x00\x20\x10\x00\x00\xd0\x0f\x00\x00\x20"
    "\x00\xf8\xff\xff\x00\x00\x00\x00\x5f\x79\xfe\xff\xa0\x86\x01\x00\x4d\xc5\xff\xdf\xb2\x3a\x00\x20\x0d\x00\x00\xd0\x12\x00\x00\x20"
    "\x00\xf8\xff\xff\x00\x00\x00\x00\x5f\x79\xfe\xff\xa0\x86\x01\x00\x48\xc5\xff\xdf\xb7\x3a\x00\x20\x08\x00\x00\xd0\x17\x00\x00\x20"
    "\x00\xf8\xff\xff\x00\x00\x00\x00\x5f\x79\xfe\xff\xa0\x86\x01\x00\x3f\xc5\xff\xdf\xc0\x3a\x00\x20\x1f\x00\x00\xd0\x00\x00\x00\x20"
    "\x00\xf8\xff\xff\x00\x00\x00\x00\x5f\x79\xfe\xff\xa0\x86\x01\x00\x22\xc5\xff\xdf\xdd\x3a\x00\x20\x02\x00\x00\xd0\x1d\x00\x00\x20"
    "\x00\xf8\xff\xff\x00\x00\x00\x00\x5f\x79\xfe\xff\xa0\x86\x01\x00\x1a\xc5\xff\xdf\xe5\x3a\x00\x20\x1a\x00\x00\xd0\x05\x00\x00\x20"
    "\x00\xf8\xff\xff\x00\x00\x00\x00\x5f\x79\xfe\xff\xa0\x86\x01\x00\xa2\xc3\xff\xdf\x5d\x3c\x00\x20\x02\x00\x00\xd0\x1d\x00\x00\x20"
    "\x00\xf8\xff\xff\x00\x00\x00\x00\x5f\x79\xfe\xff\xa0\x86\x01\x00\x9f\xc3\xff\xdf\x60\x3c\x00\x20\x1f\x00\x00\xd0\x00\x00\x00\x20"
    "\x00\xf8\xff\xff\x00\x00\x00\x00\x5f\x79\xfe\xff\xa0\x86\x01\x00\x99\xc3\xff\xdf\x66\x3c\x00\x20\x19\x00\x00\xd0\x06\x00\x00\x20"
    "\x00\xf8\xff\xff\x00\x00\x00\x00\x5f\x79\xfe\xff\xa0\x86\x01\x00\x90\xc3\xff\xdf\x6f\x3c\x00\x20\x10\x00\x00\xd0\x0f\x00\x00\x20"
    "\x00\xf8\xff\xff\x00\x00\x00\x00\x5f\x79\xfe\xff\xa0\x86\x01\x00\x85\xc3\xff\xdf\x7a\x3c\x00\x20\x05\x00\x00\xd0\x1a\x00\x00\x20"
    "\x00\xf8\xff\xff\x00\x00\x00\x00\x5f\x79\xfe\xff\xa0\x86\x01\x00\x7d\xc3\xff\xdf\x82\x3c\x00\x20\x1d\x00\x00\xd0\x02\x00\x00\x20"
    "\x00\xf8\xff\xff\x00\x00\x00\x00\x5f\x79\xfe\xff\xa0\x86\x01\x00\x6a\xc3\xff\xdf\x95\x3c\x00\x20\x0a\x00\x00\xd0\x15\x00\x00\x20"
    "\x00\xf8\xff\xff\x00\x00\x00\x00\x5f\x79\xfe\xff\xa0\x86\x01\x00\x5e\xc3\xff\xdf\xa1\x3c\x00\x20\x1e\x00\x00\xd0\x01\x00\x00\x20"
    "\x00\xf8\xff\xff\x00\x00\x00\x00\x5f\x79\xfe\xff\xa0\x86\x01\x00\x51\xc3\xff\xdf\xae\x3c\x00\x20\x11\x00\x00\xd0\x0e\x00\x00\x20"
    "\x00\xf8\xff\xff\x00\x00\x00\x00\x5f\x79\xfe\xff\xa0\x86\x01\x00\x49\xc3\xff\xdf\xb6\x3c\x00\x20\x09\x00\x00\xd0\x16\x00\x00\x20"
    "\x00\xf8\xff\xff\x00\x00\x00\x00\x5f\x79\xfe\xff\xa0\x86\x01\x00\x3a\xc3\xff\xdf\xc5\x3c\x00\x20\x1a\x00\x00\xd0\x05\x00\x00\x20"
    "\x00\xf8\xff\xff\x00\x00\x00\x00\x5f\x79\xfe\xff\xa0\x86\x01\x00\x32\xc3\xff\xdf\xcd\x3c\x00\x20\x12\x00\x00\xd0\x0d\x00\x00\x20"
    "\x00\xf8\xff\xff\x00\x00\x00\x00\x5f\x79\xfe\xff\xa0\x86\x01\x00\xef\xc2\xff\xdf\x10\x3d\x00\x20\x0f\x00\x00\xd0\x10\x00\x00\x20"
    "\x00\xf8\xff\xff\x00\x00\x00\x00\x5f\x79\xfe\xff\xa0\x86\x01\x00\xe5\xc2\xff\xdf\x1a\x3d\x00\x20\x05\x00\x00\xd0\x1a\x00\x00\x20"
    "\x00\xf8\xff\xff\x00\x00\x00\x00\x5f\x79\xfe\xff\xa0\x86\x01\x00\xba\xc2\xff\xdf\x45\x3d\x00\x20\x1a\x00\x00\xd0\x05\x00\x00\x20"
    "\x00\xf8\xff\xff\x00\x00\x00\x00\x5f\x79\xfe\xff\xa0\x86\x01\x00\xad\xc2\xff\xdf\x52\x3d\x00\x20\x0d\x00\x00\xd0\x12\x00\x00\x20"
    "\x00\xf8\xff\xff\x00\x00\x00\x00\x5f\x79\xfe\xff\xa0\x86\x01\x00\x98\xc2\xff\xdf\x67\x3d\x00\x20\x18\x00\x00\xd0\x07\x00\x00\x20"
    "\x00\xf8\xff\xff\x00\x00\x00\x00\x5f\x79\xfe\xff\xa0\x86\x01\x00\x8e\xc2\xff\xdf\x71\x3d\x00\x20\x0e\x00\x00\xd0\x11\x00\x00\x20"
    "\x00\xf8\xff\xff\x00\x00\x00\x00\x5f\x79\xfe\xff\xa0\x86\x01\x00\x7b\xc2\xff\xdf\x84\x3d\x00\x20\x1b\x00\x00\xd0\x04\x00\x00\x20"
    "\x00\xf8\xff\xff\x00\x00\x00\x00\x5f\x79\xfe\xff\xa0\x86\x01\x00\x6c\xc2\xff\xdf\x93\x3d\x00\x20\x0c\x00\x00\xd0\x13\x00\x00\x20"
    "\x00\xf8\xff\xff\x00\x00\x00\x00\x5f\x79\xfe\xff\xa0\x86\x01\x00\x57\xc2\xff\xdf\xa8\x3d\x00\x20\x17\x00\x00\xd0\x08\x00\x00\x20"
    "\x00\xf8\xff\xff\x00\x00\x00\x00\x5f\x79\xfe\xff\xa0\x86\x01\x00\x4d\xc2\xff\xdf\xb2\x3d\x00\x20\x0d\x00\x00\xd0\x12\x00\x00\x20"
    "\x00\xf8\xff\xff\x00\x00\x00\x00\x5f\x79\xfe\xff\xa0\x86\x01\x00\x35\xc2\xff\xdf\xca\x3d\x00\x20\x15\x00\x00\xd0\x0a\x00\x00\x20"
    "\x00\xf8\xff\xff\x00\x00\x00\x00\x5f\x79\xfe\xff\xa0\x86\x01\x00\x27\xc2\xff\xdf\xd8\x3d\x00\x20\x07\x00\x00\xd0\x18\x00\x00\x20"
    "\x00\xf8\xff\xff\x00\x00\x00\x00\x5f\x79\xfe\xff\xa0\x86\x01\x00\x16\xc2\xff\xdf\xe9\x3d\x00\x20\x16\x00\x00\xd0\x09\x00\x00\x20"
    "\x00\xf8\xff\xff\x00\x00\x00\x00\x5f\x79\xfe\xff\xa0\x86\x01\x00\x0c\xc2\xff\xdf\xf3\x3d\x00\x20\x0c\x00\x00\xd0\x13\x00\x00\x20"
    "\x00\xf8\xff\xff\x00\x00\x00\x00\x5f\x79\xfe\xff\xa0\x86\x01\x00\x01\xc2\xff\xdf\xfe\x3d\x00\x20\x01\x00\x00\xd0\x1e\x00\x00\x20"
    "\x00\xf8\xff\xff\x00\x00\x00\x00\x5f\x79\xfe\xff\xa0\x86\x01\x00\xf1\xc1\xff\xdf\x0e\x3e\x00\x20\x11\x00\x00\xd0\x0e\x00\x00\x20"
    "\x00\xf8\xff\xff\x00\x00\x00\x00\x5f\x79\xfe\xff\xa0\x86\x01\x00\xe6\xc1\xff\xdf\x19\x3e\x00\x20\x06\x00\x00\xd0\x19\x00\x00\x20"
    "\x00\xf8\xff\xff\x00\x00\x00\x00\x5f\x79\xfe\xff\xa0\x86\x01\x00\xe9\xc0\xff\xdf\x16\x3f\x00\x20\x09\x00\x00\xd0\x16\x00\x00\x20"
    "\x00\xf8\xff\xff\x00\x00\x00\x00\x5f\x79\xfe\xff\xa0\x86\x01\x00\xdf\xc0\xff\xdf\x20\x3f\x00\x20\x1f\x00\x00\xd0\x00\x00\x00\x20"
    "\x00\xf8\xff\xff\x00\x00\x00\x00\x5f\x79\xfe\xff\xa0\x86\x01\x00\xdb\xc0\xff\xdf\x24\x3f\x00\x20\x1b\x00\x00\xd0\x04\x00\x00\x20"
    "\x00\xf8\xff\xff\x00\x00\x00\x00\x5f\x79\xfe\xff\xa0\x86\x01\x00\xd7\xc0\xff\xdf\x28\x3f\x00\x20\x17\x00\x00\xd0\x08\x00\x00\x20"
    "\x00\xf8\xff\xff\x00\x00\x00\x00\x5f\x79\xfe\xff\xa0\x86\x01\x00\xd0\xc0\xff\xdf\x2f\x3f\x00\x20\x10\x00\x00\xd0\x0f\x00\x00\x20"
    "\x00\xf8\xff\xff\x00\x00\x00\x00\x5f\x79\xfe\xff\xa0\x86\x01\x00\xcc\xc0\xff\xdf\x33\x3f\x00\x20\x0c\x00\x00\xd0\x13\x00\x00\x20"
    "\x00\xf8\xff\xff\x00\x00\x00\x00\x5f\x79\xfe\xff\xa0\x86\x01\x00\xc3\xb9\xff\xdf\x3c\x46\x00\x20\x03\x00\x00\xd0\x1c\x00\x00\x20"
    "\x00\xf8\xff\xff\x00\x00\x00\x00\x5f\x79\xfe\xff\xa0\x86\x01\x00\xb3\xb9\xff\xdf\x4c\x46\x00\x20\x13\x00\x00\xd0\x0c\x00\x00\x20"
    "\x00\xf8\xff\xff\x00\x00\x00\x00\x5f\x79\xfe\xff\xa0\x86\x01\x00\xad\xb9\xff\xdf\x52\x46\x00\x20\x0d\x00\x00\xd0\x12\x00\x00\x20"
    "\x00\xf8\xff\xff\x00\x00\x00\x00\x5f\x79\xfe\xff\xa0\x86\x01\x00\xa9\xb9\xff\xdf\x56\x46\x00\x20\x09\x00\x00\xd0\x16\x00\x00\x20"
    "\x00\xf8\xff\xff\x00\x00\x00\x00\x5f\x79\xfe\xff\xa0\x86\x01\x00\xa4\xb9\xff\xdf\x5b\x46\x00\x20\x04\x00\x00\xd0\x1b\x00\x00\x20"
    "\x00\xf8\xff\xff\x00\x00\x00\x00\x5f\x79\xfe\xff\xa0\x86\x01\x00\xa0\xb9\xff\xdf\x5f\x46\x00\x20\x00\x00\x00\xd0\x1f\x00\x00\x20"
    "\x00\xf8\xff\xff\x00\x00\x00\x00\x5f\x79\xfe\xff\xa0\x86\x01\x00\x8c\xb9\xff\xdf\x73\x46\x00\x20\x0c\x00\x00\xd0\x13\x00\x00\x20"
    "\x00\xf8\xff\xff\x00\x00\x00\x00\x5f\x79\xfe\xff\xa0\x86\x01\x00\x6e\xb9\xff\xdf\x91\x46\x00\x20\x0e\x00\x00\xd0\x11\x00\x00\x20"
    "\x00\xf8\xff\xff\x00\x00\x00\x00\x5f\x79\xfe\xff\xa0\x86\x01\x00\xe3\xb8\xff\xdf\x1c\x47\x00\x20\x03\x00\x00\xd0\x1c\x00\x00\x20"
    "\x00\xf8\xff\xff\x00\x00\x00\x00\x5f\x79\xfe\xff\xa0\x86\x01\x00\xda\xb8\xff\xdf\x25\x47\x00\x20\x1a\x00\x00\xd0\x05\x00\x00\x20"
    "\x00\xf8\xff\xff\x00\x00\x00\x00\x5f\x79\xfe\xff\xa0\x86\x01\x00\xbd\xb8\xff\xdf\x42\x47\x00\x20\x1d\x00\x00\xd0\x02\x00\x00\x20"
    "\x00\xf8\xff\xff\x00\x00\x00\x00\x5f\x79\xfe\xff\xa0\x86\x01\x00\xb6\xb8\xff\xdf\x49\x47\x00\x20\x16\x00\x00\xd0\x09\x00\x00\x20"
    "\x00\xf8\xff\xff\x00\x00\x00\x00\x5f\x79\xfe\xff\xa0\x86\x01\x00\x2a\xb4\xff\xdf\xd5\x4b\x00\x20\x0a\x00\x00\xd0\x15\x00\x00\x20"
    "\x00\xf8\xff\xff\x00\x00\x00\x00\x5f\x79\xfe\xff\xa0\x86\x01\x00\x26\xb4\xff\xdf\xd9\x4b\x00\x20\x06\x00\x00\xd0\x19\x00\x00\x20"
    "\x00\xf8\xff\xff\x00\x00\x00\x00\x5f\x79\xfe\xff\xa0\x86\x01\x00\x22\xb4\xff\xdf\xdd\x4b\x00\x20\x02\x00\x00\xd0\x1d\x00\x00\x20"
    "\x00\xf8\xff\xff\x00\x00\x00\x00\x5f\x79\xfe\xff\xa0\x86\x01\x00\x1e\xb4\xff\xdf\xe1\x4b\x00\x20\x1e\x00\x00\xd0\x01\x00\x00\x20"
    "\x00\xf8\xff\xff\x00\x00\x00\x00\x5f\x79\xfe\xff\xa0\x86\x01\x00\x1a\xb4\xff\xdf\xe5\x4b\x00\x20\x1a\x00\x00\xd0\x05\x00\x00\x20"
    "\x00\xf8\xff\xff\x00\x00\x00\x00\x5f\x79\xfe\xff\xa0\x86\x01\x00\x16\xb4\xff\xdf\xe9\x4b\x00\x20\x16\x00\x00\xd0\x09\x00\x00\x20"
    "\x00\xf8\xff\xff\x00\x00\x00\x00\x5f\x79\xfe\xff\xa0\x86\x01\x00\x11\xb4\xff\xdf\xee\x4b\x00\x20\x11\x00\x00\xd0\x0e\x00\x00\x20"
    "\x00\xf8\xff\xff\x00\x00\x00\x00\x5f\x79\xfe\xff\xa0\x86\x01\x00\x0b\xb4\xff\xdf\xf4\x4b\x00\x20\x0b\x00\x00\xd0\x14\x00\x00\x20"
    "\x00\xf8\xff\xff\x00\x00\x00\x00\x5f\x79\xfe\xff\xa0\x86\x01\x00\xf2\xb3\xff\xdf\x0d\x4c\x00\x20\x12\x00\x00\xd0\x0d\x00\x00\x20"
    "\x00\xf8\xff\xff\x00\x00\x00\x00\x5f\x79\xfe\xff\xa0\x86\x01\x00\xef\xb3\xff\xdf\x10\x4c\x00\x20\x0f\x00\x00\xd0\x10\x00\x00\x20"
    "\x00\xf8\xff\xff\x00\x00\x00\x00\x5f\x79\xfe\xff\xa0\x86\x01\x00\xec\xb3\xff\xdf\x13\x4c\x00\x20\x0c\x00\x00\xd0\x13\x00\x00\x20"
    "\x00\xf8\xff\xff\x00\x00\x00\x00\x5f\x79\xfe\xff\xa0\x86\x01\x00\xe9\xb3\xff\xdf\x16\x4c\x00\x20\x09\x00\x00\xd0\x16\x00\x00\x20"
    "\x00\xf8\xff\xff\x00\x00\x00\x00\x5f\x79\xfe\xff\xa0\x86\x01\x00\xe6\xb3\xff\xdf\x19\x4c\x00\x20\x06\x00\x00\xd0\x19\x00\x00\x20"
    "\x00\xf8\xff\xff\x00\x00\x00\x00\x5f\x79\xfe\xff\xa0\x86\x01\x00\xe3\xb3\xff\xdf\x1c\x4c\x00\x20\x03\x00\x00\xd0\x1c\x00\x00\x20"
    "\x00\xf8\xff\xff\x00\x00\x00\x00\x5f\x79\xfe\xff\xa0\x86\x01\x00\xe0\xb3\xff\xdf\x1f\x4c\x00\x20\x00\x00\x00\xd0\x1f\x00\x00\x20"
    "\x00\xf8\xff\xff\x00\x00\x00\x00\x5f\x79\xfe\xff\xa0\x86\x01\x00\xdd\xb3\xff\xdf\x22\x4c\x00\x20\x1d\x00\x00\xd0\x02\x00\x00\x20"
    "\x00\xf8\xff\xff\x00\x00\x00\x00\x5f\x79\xfe\xff\xa0\x86\x01\x00\xda\xb3\xff\xdf\x25\x4c\x00\x20\x1a\x00\x00\xd0\x05\x00\x00\x20"
    "\x00\xf8\xff\xff\x00\x00\x00\x00\x5f\x79\xfe\xff\xa0\x86\x01\x00\xd7\xb3\xff\xdf\x28\x4c\x00\x20\x17\x00\x00\xd0\x08\x00\x00\x20"
    "\x00\xf8\xff\xff\x00\x00\x00\x00\x5f\x79\xfe\xff\xa0\x86\x01\x00\xd4\xb3\xff\xdf\x2b\x4c\x00\x20\x14\x00\x00\xd0\x0b\x00\x00\x20"
    "\x00\xf8\xff\xff\x00\x00\x00\x00\x5f\x79\xfe\xff\xa0\x86\x01\x00\xd0\xb3\xff\xdf\x2f\x4c\x00\x20\x10\x00\x00\xd0\x0f\x00\x00\x20"
    "\x00\xf8\xff\xff\x00\x00\x00\x00\x5f\x79\xfe\xff\xa0\x86\x01\x00\xcd\xb3\xff\xdf\x32\x4c\x00\x20\x0d\x00\x00\xd0\x12\x00\x00\x20"
    "\x00\xf8\xff\xff\x00\x00\x00\x00\x5f\x79\xfe\xff\xa0\x86\x01\x00\xc9\xb3\xff\xdf\x36\x4c\x00\x20\x09\x00\x00\xd0\x16\x00\x00\x20"
    "\x00\xf8\xff\xff\x00\x00\x00\x00\x5f\x79\xfe\xff\xa0\x86\x01\x00\xc6\xb3\xff\xdf\x39\x4c\x00\x20\x06\x00\x00\xd0\x19\x00\x00\x20"
    "\x00\xf8\xff\xff\x00\x00\x00\x00\x5f\x79\xfe\xff\xa0\x86\x01\x00\xc3\xb3\xff\xdf\x3c\x4c\x00\x20\x03\x00\x00\xd0\x1c\x00\x00\x20"
    "\x00\xf8\xff\xff\x00\x00\x00\x00\x5f\x79\xfe\xff\xa0\x86\x01\x00\xbe\xb3\xff\xdf\x41\x4c\x00\x20\x1e\x00\x00\xd0\x01\x00\x00\x20"
    "\x00\xf8\xff\xff\x00\x00\x00\x00\x5f\x79\xfe\xff\xa0\x86\x01\x00\x9c\xb3\xff\xdf\x63\x4c\x00\x20\x1c\x00\x00\xd0\x03\x00\x00\x20"
    "\x00\xf8\xff\xff\x00\x00\x00\x00\x5f\x79\xfe\xff\xa0\x86\x01\x00\x99\xb3\xff\xdf\x66\x4c\x00\x20\x19\x00\x00\xd0\x06\x00\x00\x20"
    "\x00\xf8\xff\xff\x00\x00\x00\x00\x5f\x79\xfe\xff\xa0\x86\x01\x00\x93\xb3\xff\xdf\x6c\x4c\x00\x20\x13\x00\x00\xd0\x0c\x00\x00\x20"
    "\x00\xf8\xff\xff\x00\x00\x00\x00\x5f\x79\xfe\xff\xa0\x86\x01\x00\x8f\xb3\xff\xdf\x70\x4c\x00\x20\x0f\x00\x00\xd0\x10\x00\x00\x20"
    "\x00\xf8\xff\xff\x00\x00\x00\x00\x5f\x79\xfe\xff\xa0\x86\x01\x00\x8b\xb3\xff\xdf\x74\x4c\x00\x20\x0b\x00\x00\xd0\x14\x00\x00\x20"
    "\x00\xf8\xff\xff\x00\x00\x00\x00\x5f\x79\xfe\xff\xa0\x86\x01\x00\x87\xb3\xff\xdf\x78\x4c\x00\x20\x07\x00\x00\xd0\x18\x00\x00\x20"
    "\x00\xf8\xff\xff\x00\x00\x00\x00\x5f\x79\xfe\xff\xa0\x86\x01\x00\x83\xb3\xff\xdf\x7c\x4c\x00\x20\x03\x00\x00\xd0\x1c\x00\x00\x20"
    "\x00\xf8\xff\xff\x00\x00\x00\x00\x5f\x79\xfe\xff\xa0\x86\x01\x00\x7f\xb3\xff\xdf\x80\x4c\x00\x20\x1f\x00\x00\xd0\x00\x00\x00\x20"
    "\x00\xf8\xff\xff\x00\x00\x00\x00\x5f\x79\xfe\xff\xa0\x86\x01\x00\x67\xb3\xff\xdf\x98\x4c\x00\x20\x07\x00\x00\xd0\x18\x00\x00\x20"
    "\x00\xf8\xff\xff\x00\x00\x00\x00\x5f\x79\xfe\xff\xa0\x86\x01\x00\x62\xb3\xff\xdf\x9d\x4c\x00\x20\x02\x00\x00\xd0\x1d\x00\x00\x20"
    "\x00\xf8\xff\xff\x00\x00\x00\x00\x5f\x79\xfe\xff\xa0\x86\x01\x00\x5d\xb3\xff\xdf\xa2\x4c\x00\x20\x1d\x00\x00\xd0\x02\x00\x00\x20"
    "\x00\xf8\xff\xff\x00\x00\x00\x00\x5f\x79\xfe\xff\xa0\x86\x01\x00\x59\xb3\xff\xdf\xa6\x4c\x00\x20\x19\x00\x00\xd0\x06\x00\x00\x20"
    "\x00\xf8\xff\xff\x00\x00\x00\x00\x5f\x79\xfe\xff\xa0\x86\x01\x00\x55\xb3\xff\xdf\xaa\x4c\x00\x20\x15\x00\x00\xd0\x0a\x00\x00\x20"
    "\x00\xf8\xff\xff\x00\x00\x00\x00\x5f\x79\xfe\xff\xa0\x86\x01\x00\x51\xb3\xff\xdf\xae\x4c\x00\x20\x11\x00\x00\xd0\x0e\x00\x00\x20"
    "\x00\xf8\xff\xff\x00\x00\x00\x00\x5f\x79\xfe\xff\xa0\x86\x01\x00\x4d\xb3\xff\xdf\xb2\x4c\x00\x20\x0d\x00\x00\xd0\x12\x00\x00\x20"
    "\x00\xf8\xff\xff\x00\x00\x00\x00\x5f\x79\xfe\xff\xa0\x86\x01\x00\x49\xb3\xff\xdf\xb6\x4c\x00\x20\x09\x00\x00\xd0\x16\x00\x00\x20"
    "\x00\xf8\xff\xff\x00\x00\x00\x00\x5f\x79\xfe\xff\xa0\x86\x01\x00\x3c\xb3\xff\xdf\xc3\x4c\x00\x20\x1c\x00\x00\xd0\x03\x00\x00\x20"
    "\x00\xf8\xff\xff\x00\x00\x00\x00\x5f\x79\xfe\xff\xa0\x86\x01\x00\x39\xb3\xff\xdf\xc6\x4c\x00\x20\x19\x00\x00\xd0\x06\x00\x00\x20"
    "\x00\xf8\xff\xff\x00\x00\x00\x00\x5f\x79\xfe\xff\xa0\x86\x01\x00\x31\xb3\xff\xdf\xce\x4c\x00\x20\x11\x00\x00\xd0\x0e\x00\x00\x20"
    "\x00\xf8\xff\xff\x00\x00\x00\x00\x5f\x79\xfe\xff\xa0\x86\x01\x00\x2c\xb3\xff\xdf\xd3\x4c\x00\x20\x0c\x00\x00\xd0\x13\x00\x00\x20"
    "\x00\xf8\xff\xff\x00\x00\x00\x00\x5f\x79\xfe\xff\xa0\x86\x01\x00\x26\xb3\xff\xdf\xd9\x4c\x00\x20\x06\x00\x00\xd0\x19\x00\x00\x20"
    "\x00\xf8\xff\xff\x00\x00\x00\x00\x5f\x79\xfe\xff\xa0\x86\x01\x00\x21\xb3\xff\xdf\xde\x4c\x00\x20\x01\x00\x00\xd0\x1e\x00\x00\x20"
    "\x00\xf8\xff\xff\x00\x00\x00\x00\x5f\x79\xfe\xff\xa0\x86\x01\x00\x14\xb3\xff\xdf\xeb\x4c\x00\x20\x14\x00\x00\xd0\x0b\x00\x00\x20"
    "\x00\xf8\xff\xff\x00\x00\x00\x00\x5f\x79\xfe\xff\xa0\x86\x01\x00\x0f\xb3\xff\xdf\xf0\x4c\x00\x20\x0f\x00\x00\xd0\x10\x00\x00\x20"
    "\x00\xf8\xff\xff\x00\x00\x00\x00\x5f\x79\xfe\xff\xa0\x86\x01\x00\x09\xb3\xff\xdf\xf6\x4c\x00\x20\x09\x00\x00\xd0\x16\x00\x00\x20"
    "\x00\xf8\xff\xff\x00\x00\x00\x00\x5f\x79\xfe\xff\xa0\x86\x01\x00\x04\xb3\xff\xdf\xfb\x4c\x00\x20\x04\x00\x00\xd0\x1b\x00\x00\x20"
    "\x00\xf8\xff\xff\x00\x00\x00\x00\x5f\x79\xfe\xff\xa0\x86\x01\x00\x6e\xb2\xff\xdf\x91\x4d\x00\x20\x0e\x00\x00\xd0\x11\x00\x00\x20"
    "\x00\xf8\xff\xff\x00\x00\x00\x00\x5f\x79\xfe\xff\xa0\x86\x01\x00\x69\xb2\xff\xdf\x96\x4d\x00\x20\x09\x00\x00\xd0\x16\x00\x00\x20"
    "\x00\xf8\xff\xff\x00\x00\x00\x00\x5f\x79\xfe\xff\xa0\x86\x01\x00\x64\xb2\xff\xdf\x9b\x4d\x00\x20\x04\x00\x00\xd0\x1b\x00\x00\x20"
    "\x00\xf8\xff\xff\x00\x00\x00\x00\x5f\x79\xfe\xff\xa0\x86\x01\x00\x5f\xb2\xff\xdf\xa0\x4d\x00\x20\x1f\x00\x00\xd0\x00\x00\x00\x20"
    "\x00\xf8\xff\xff\x00\x00\x00\x00\x5f\x79\xfe\xff\xa0\x86\x01\x00\x55\xb2\xff\xdf\xaa\x4d\x00\x20\x15\x00\x00\xd0\x0a\x00\x00\x20"
    "\x00\xf8\xff\xff\x00\x00\x00\x00\x5f\x79\xfe\xff\xa0\x86\x01\x00\x4f\xb2\xff\xdf\xb0\x4d\x00\x20\x0f\x00\x00\xd0\x10\x00\x00\x20"
    "\x00\xf8\xff\xff\x00\x00\x00\x00\x5f\x79\xfe\xff\xa0\x86\x01\x00\x47\xb2\xff\xdf\xb8\x4d\x00\x20\x07\x00\x00\xd0\x18\x00\x00\x20"
    "\x00\xf8\xff\xff\x00\x00\x00\x00\x5f\x79\xfe\xff\xa0\x86\x01\x00\x41\xb2\xff\xdf\xbe\x4d\x00\x20\x01\x00\x00\xd0\x1e\x00\x00\x20"
    "\x00\xf8\xff\xff\x00\x00\x00\x00\x5f\x79\xfe\xff\xa0\x86\x01\x00\x3c\xb2\xff\xdf\xc3\x4d\x00\x20\x1c\x00\x00\xd0\x03\x00\x00\x20"
    "\x00\xf8\xff\xff\x00\x00\x00\x00\x5f\x79\xfe\xff\xa0\x86\x01\x00\x36\xb2\xff\xdf\xc9\x4d\x00\x20\x16\x00\x00\xd0\x09\x00\x00\x20"
    "\x00\xf8\xff\xff\x00\x00\x00\x00\x5f\x79\xfe\xff\xa0\x86\x01\x00\x30\xb2\xff\xdf\xcf\x4d\x00\x20\x10\x00\x00\xd0\x0f\x00\x00\x20"
    "\x00\xf8\xff\xff\x00\x00\x00\x00\x5f\x79\xfe\xff\xa0\x86\x01\x00\x2b\xb2\xff\xdf\xd4\x4d\x00\x20\x0b\x00\x00\xd0\x14\x00\x00\x20"
    "\x00\xf8\xff\xff\x00\x00\x00\x00\x5f\x79\xfe\xff\xa0\x86\x01\x00\x26\xb2\xff\xdf\xd9\x4d\x00\x20\x06\x00\x00\xd0\x19\x00\x00\x20"
    "\x00\xf8\xff\xff\x00\x00\x00\x00\x5f\x79\xfe\xff\xa0\x86\x01\x00\x1d\xb2\xff\xdf\xe2\x4d\x00\x20\x1d\x00\x00\xd0\x02\x00\x00\x20"
    "\x00\xf8\xff\xff\x00\x00\x00\x00\x5f\x79\xfe\xff\xa0\x86\x01\x00\x16\xb2\xff\xdf\xe9\x4d\x00\x20\x16\x00\x00\xd0\x09\x00\x00\x20"
    "\x00\xf8\xff\xff\x00\x00\x00\x00\x5f\x79\xfe\xff\xa0\x86\x01\x00\x0a\xb2\xff\xdf\xf5\x4d\x00\x20\x0a\x00\x00\xd0\x15\x00\x00\x20"
    "\x00\xf8\xff\xff\x00\x00\x00\x00\x5f\x79\xfe\xff\xa0\x86\x01\x00\x02\xb2\xff\xdf\xfd\x4d\x00\x20\x02\x00\x00\xd0\x1d\x00\x00\x20"
    "\x00\xf8\xff\xff\x00\x00\x00\x00\x5f\x79\xfe\xff\xa0\x86\x01\x00\xfb\xb1\xff\xdf\x04\x4e\x00\x20\x1b\x00\x00\xd0\x04\x00\x00\x20"
    "\x00\xf8\xff\xff\x00\x00\x00\x00\x5f\x79\xfe\xff\xa0\x86\x01\x00\xf4\xb1\xff\xdf\x0b\x4e\x00\x20\x14\x00\x00\xd0\x0b\x00\x00\x20"
    "\x00\xf8\xff\xff\x00\x00\x00\x00\x5f\x79\xfe\xff\xa0\x86\x01\x00\xed\xb1\xff\xdf\x12\x4e\x00\x20\x0d\x00\x00\xd0\x12\x00\x00\x20"
    "\x00\xf8\xff\xff\x00\x00\x00\x00\x5f\x79\xfe\xff\xa0\x86\x01\x00\xe4\xb1\xff\xdf\x1b\x4e\x00\x20\x04\x00\x00\xd0\x1b\x00\x00\x20"
    "\x00\xf8\xff\xff\x00\x00\x00\x00\x5f\x79\xfe\xff\xa0\x86\x01\x00\xdb\xb1\xff\xdf\x24\x4e\x00\x20\x1b\x00\x00\xd0\x04\x00\x00\x20"
    "\x00\xf8\xff\xff\x00\x00\x00\x00\x5f\x79\xfe\xff\xa0\x86\x01\x00\xd2\xb1\xff\xdf\x2d\x4e\x00\x20\x12\x00\x00\xd0\x0d\x00\x00\x20"
    "\x00\xf8\xff\xff\x00\x00\x00\x00\x5f\x79\xfe\xff\xa0\x86\x01\x00\xc5\xb1\xff\xdf\x3a\x4e\x00\x20\x05\x00\x00\xd0\x1a\x00\x00\x20"
    "\x00\xf8\xff\xff\x00\x00\x00\x00\x5f\x79\xfe\xff\xa0\x86\x01\x00\xbe\xb1\xff\xdf\x41\x4e\x00\x20\x1e\x00\x00\xd0\x01\x00\x00\x20"
    "\x00\xf8\xff\xff\x00\x00\x00\x00\x5f\x79\xfe\xff\xa0\x86\x01\x00\xb6\xb1\xff\xdf\x49\x4e\x00\x20\x16\x00\x00\xd0\x09\x00\x00\x20"
    "\x00\xf8\xff\xff\x00\x00\x00\x00\x5f\x79\xfe\xff\xa0\x86\x01\x00\xb0\xb1\xff\xdf\x4f\x4e\x00\x20\x10\x00\x00\xd0\x0f\x00\x00\x20"
    "\x00\xf8\xff\xff\x00\x00\x00\x00\x5f\x79\xfe\xff\xa0\x86\x01\x00\xa9\xb1\xff\xdf\x56\x4e\x00\x20\x09\x00\x00\xd0\x16\x00\x00\x20"
    "\x00\xf8\xff\xff\x00\x00\x00\x00\x5f\x79\xfe\xff\xa0\x86\x01\x00\x9f\xb1\xff\xdf\x60\x4e\x00\x20\x1f\x00\x00\xd0\x00\x00\x00\x20"
    "\x00\xf8\xff\xff\x00\x00\x00\x00\x5f\x79\xfe\xff\xa0\x86\x01\x00\x99\xb1\xff\xdf\x66\x4e\x00\x20\x19\x00\x00\xd0\x06\x00\x00\x20"
    "\x00\xf8\xff\xff\x00\x00\x00\x00\x5f\x79\xfe\xff\xa0\x86\x01\x00\x8f\xb1\xff\xdf\x70\x4e\x00\x20\x0f\x00\x00\xd0\x10\x00\x00\x20"
    "\x00\xf8\xff\xff\x00\x00\x00\x00\x5f\x79\xfe\xff\xa0\x86\x01\x00\x89\xb1\xff\xdf\x76\x4e\x00\x20\x09\x00\x00\xd0\x16\x00\x00\x20"
    "\x00\xf8\xff\xff\x00\x00\x00\x00\x5f\x79\xfe\xff\xa0\x86\x01\x00\x34\xb1\xff\xdf\xcb\x4e\x00\x20\x14\x00\x00\xd0\x0b\x00\x00\x20"
    "\x00\xf8\xff\xff\x00\x00\x00\x00\x5f\x79\xfe\xff\xa0\x86\x01\x00\x1f\xb1\xff\xdf\xe0\x4e\x00\x20\x1f\x00\x00\xd0\x00\x00\x00\x20"
    "\x00\xf8\xff\xff\x00\x00\x00\x00\x5f\x79\xfe\xff\xa0\x86\x01\x00\x0d\xb1\xff\xdf\xf2\x4e\x00\x20\x0d\x00\x00\xd0\x12\x00\x00\x20"
    "\x00\xf8\xff\xff\x00\x00\x00\x00\x5f\x79\xfe\xff\xa0\x86\x01\x00\xfd\xb0\xff\xdf\x02\x4f\x00\x20\x1d\x00\x00\xd0\x02\x00\x00\x20"
    "\x00\xf8\xff\xff\x00\x00\x00\x00\x5f\x79\xfe\xff\xa0\x86\x01\x00\xcf\xb0\xff\xdf\x30\x4f\x00\x20\x0f\x00\x00\xd0\x10\x00\x00\x20"
    "\x00\xf8\xff\xff\x00\x00\x00\x00\x5f\x79\xfe\xff\xa0\x86\x01\x00\xc0\xb0\xff\xdf\x3f\x4f\x00\x20\x00\x00\x00\xd0\x1f\x00\x00\x20"
    "\x00\xf8\xff\xff\x00\x00\x00\x00\x5f\x79\xfe\xff\xa0\x86\x01\x00\xa8\xb0\xff\xdf\x57\x4f\x00\x20\x08\x00\x00\xd0\x17\x00\x00\x20"
    "\x00\xf8\xff\xff\x00\x00\x00\x00\x5f\x79\xfe\xff\xa0\x86\x01\x00\x99\xb0\xff\xdf\x66\x4f\x00\x20\x19\x00\x00\xd0\x06\x00\x00\x20"
    "\x00\xf8\xff\xff\x00\x00\x00\x00\x5f\x79\xfe\xff\xa0\x86\x01\x00\x89\xb0\xff\xdf\x76\x4f\x00\x20\x09\x00\x00\xd0\x16\x00\x00\x20"
    "\x00\xf8\xff\xff\x00\x00\x00\x00\x5f\x79\xfe\xff\xa0\x86\x01\x00\x74\xb0\xff\xdf\x8b\x4f\x00\x20\x14\x00\x00\xd0\x0b\x00\x00\x20"
    "\x00\xf8\xff\xff\x00\x00\x00\x00\x5f\x79\xfe\xff\xa0\x86\x01\x00\x37\xb0\xff\xdf\xc8\x4f\x00\x20\x17\x00\x00\xd0\x08\x00\x00\x20"
    "\x00\xf8\xff\xff\x00\x00\x00\x00\x5f\x79\xfe\xff\xa0\x86\x01\x00\x22\xb0\xff\xdf\xdd\x4f\x00\x20\x02\x00\x00\xd0\x1d\x00\x00\x20"
    "\x00\xf8\xff\xff\x00\x00\x00\x00\x5f\x79\xfe\xff\xa0\x86\x01\x00\xaa\xab\xff\xdf\x55\x54\x00\x20\x0a\x00\x00\xd0\x15\x00\x00\x20"
    "\x00\xf8\xff\xff\x00\x00\x00\x00\x5f\x79\xfe\xff\xa0\x86\x01\x00\x9b\xab\xff\xdf\x64\x54\x00\x20\x1b\x00\x00\xd0\x04\x00\x00\x20"
    "\x00\xf8\xff\xff\x00\x00\x00\x00\x5f\x79\xfe\xff\xa0\x86\x01\x00\x86\xab\xff\xdf\x79\x54\x00\x20\x06\x00\x00\xd0\x19\x00\x00\x20"
    "\x00\xf8\xff\xff\x00\x00\x00\x00\x5f\x79\xfe\xff\xa0\x86\x01\x00\x77\xab\xff\xdf\x88\x54\x00\x20\x17\x00\x00\xd0\x08\x00\x00\x20"
    "\x00\xf8\xff\xff\x00\x00\x00\x00\x5f\x79\xfe\xff\xa0\x86\x01\x00\x64\xab\xff\xdf\x9b\x54\x00\x20\x04\x00\x00\xd0\x1b\x00\x00\x20"
    "\x00\xf8\xff\xff\x00\x00\x00\x00\x5f\x79\xfe\xff\xa0\x86\x01\x00\x4e\xab\xff\xdf\xb1\x54\x00\x20\x0e\x00\x00\xd0\x11\x00\x00\x20"
    "\x00\xf8\xff\xff\x00\x00\x00\x00\x5f\x79\xfe\xff\xa0\x86\x01\x00\x29\xab\xff\xdf\xd6\x54\x00\x20\x09\x00\x00\xd0\x16\x00\x00\x20"
    "\x00\xf8\xff\xff\x00\x00\x00\x00\x5f\x79\xfe\xff\xa0\x86\x01\x00\x1a\xab\xff\xdf\xe5\x54\x00\x20\x1a\x00\x00\xd0\x05\x00\x00\x20"
    "\x00\xf8\xff\xff\x00\x00\x00\x00\x5f\x79\xfe\xff\xa0\x86\x01\x00\x05\xab\xff\xdf\xfa\x54\x00\x20\x05\x00\x00\xd0\x1a\x00\x00\x20"
    "\x00\xf8\xff\xff\x00\x00\x00\x00\x5f\x79\xfe\xff\xa0\x86\x01\x00\xda\xaa\xff\xdf\x25\x55\x00\x20\x1a\x00\x00\xd0\x05\x00\x00\x20"
    "\x00\xf8\xff\xff\x00\x00\x00\x00\x5f\x79\xfe\xff\xa0\x86\x01\x00\xcb\xaa\xff\xdf\x34\x55\x00\x20\x0b\x00\x00\xd0\x14\x00\x00\x20"
    "\x00\xf8\xff\xff\x00\x00\x00\x00\x5f\x79\xfe\xff\xa0\x86\x01\x00\xb5\xaa\xff\xdf\x4a\x55\x00\x20\x15\x00\x00\xd0\x0a\x00\x00\x20"
    "\x00\xf8\xff\xff\x00\x00\x00\x00\x5f\x79\xfe\xff\xa0\x86\x01\x00\xa6\xaa\xff\xdf\x59\x55\x00\x20\x06\x00\x00\xd0\x19\x00\x00\x20"
    "\x00\xf8\xff\xff\x00\x00\x00\x00\x5f\x79\xfe\xff\xa0\x86\x01\x00\x31\xaa\xff\xdf\xce\x55\x00\x20\x11\x00\x00\xd0\x0e\x00\x00\x20"
    "\x00\xf8\xff\xff\x00\x00\x00\x00\x5f\x79\xfe\xff\xa0\x86\x01\x00\xea\xa9\xff\xdf\x15\x56\x00\x20\x0a\x00\x00\xd0\x15\x00\x00\x20"
    "\x00\xf8\xff\xff\x00\x00\x00\x00\x5f\x79\xfe\xff\xa0\x86\x01\x00\xe6\xa9\xff\xdf\x19\x56\x00\x20\x06\x00\x00\xd0\x19\x00\x00\x20"
    "\x00\xf8\xff\xff\x00\x00\x00\x00\x5f\x79\xfe\xff\xa0\x86\x01\x00\xcb\xa9\xff\xdf\x34\x56\x00\x20\x0b\x00\x00\xd0\x14\x00\x00\x20"
    "\x00\xf8\xff\xff\x00\x00\x00\x00\x5f\x79\xfe\xff\xa0\x86\x01\x00\xb1\xa9\xff\xdf\x4e\x56\x00\x20\x11\x00\x00\xd0\x0e\x00\x00\x20"
    "\x00\xf8\xff\xff\x00\x00\x00\x00\x5f\x79\xfe\xff\xa0\x86\x01\x00\xa9\xa9\xff\xdf\x56\x56\x00\x20\x09\x00\x00\xd0\x16\x00\x00\x20"
    "\x00\xf8\xff\xff\x00\x00\x00\x00\x5f\x79\xfe\xff\xa0\x86\x01\x00\x9a\xa9\xff\xdf\x65\x56\x00\x20\x1a\x00\x00\xd0\x05\x00\x00\x20"
    "\x00\xf8\xff\xff\x00\x00\x00\x00\x5f\x79\xfe\xff\xa0\x86\x01\x00\x8a\xa9\xff\xdf\x75\x56\x00\x20\x0a\x00\x00\xd0\x15\x00\x00\x20"
    "\x00\xf8\xff\xff\x00\x00\x00\x00\x5f\x79\xfe\xff\xa0\x86\x01\x00\x78\xa9\xff\xdf\x87\x56\x00\x20\x18\x00\x00\xd0\x07\x00\x00\x20"
    "\x00\xf8\xff\xff\x00\x00\x00\x00\x5f\x79\xfe\xff\xa0\x86\x01\x00\x6c\xa7\xff\xdf\x93\x58\x00\x20\x0c\x00\x00\xd0\x13\x00\x00\x20"
    "\x00\xf8\xff\xff\x00\x00\x00\x00\x5f\x79\xfe\xff\xa0\x86\x01\x00\x69\xa7\xff\xdf\x96\x58\x00\x20\x09\x00\x00\xd0\x16\x00\x00\x20"
    "\x00\xf8\xff\xff\x00\x00\x00\x00\x5f\x79\xfe\xff\xa0\x86\x01\x00\x66\xa7\xff\xdf\x99\x58\x00\x20\x06\x00\x00\xd0\x19\x00\x00\x20"
    "\x00\xf8\xff\xff\x00\x00\x00\x00\x5f\x79\xfe\xff\xa0\x86\x01\x00\x63\xa7\xff\xdf\x9c\x58\x00\x20\x03\x00\x00\xd0\x1c\x00\x00\x20"
    "\x00\xf8\xff\xff\x00\x00\x00\x00\x5f\x79\xfe\xff\xa0\x86\x01\x00\x60\xa7\xff\xdf\x9f\x58\x00\x20\x00\x00\x00\xd0\x1f\x00\x00\x20"
    "\x00\xf8\xff\xff\x00\x00\x00\x00\x5f\x79\xfe\xff\xa0\x86\x01\x00\x5d\xa7\xff\xdf\xa2\x58\x00\x20\x1d\x00\x00\xd0\x02\x00\x00\x20"
    "\x00\xf8\xff\xff\x00\x00\x00\x00\x5f\x79\xfe\xff\xa0\x86\x01\x00\x59\xa7\xff\xdf\xa6\x58\x00\x20\x19\x00\x00\xd0\x06\x00\x00\x20"
    "\x00\xf8\xff\xff\x00\x00\x00\x00\x5f\x79\xfe\xff\xa0\x86\x01\x00\x55\xa7\xff\xdf\xaa\x58\x00\x20\x15\x00\x00\xd0\x0a\x00\x00\x20"
    "\x00\xf8\xff\xff\x00\x00\x00\x00\x5f\x79\xfe\xff\xa0\x86\x01\x00\x4f\xa7\xff\xdf\xb0\x58\x00\x20\x0f\x00\x00\xd0\x10\x00\x00\x20"
    "\x00\xf8\xff\xff\x00\x00\x00\x00\x5f\x79\xfe\xff\xa0\x86\x01\x00\x4b\xa7\xff\xdf\xb4\x58\x00\x20\x0b\x00\x00\xd0\x14\x00\x00\x20"
    "\x00\xf8\xff\xff\x00\x00\x00\x00\x5f\x79\xfe\xff\xa0\x86\x01\x00\x43\xa7\xff\xdf\xbc\x58\x00\x20\x03\x00\x00\xd0\x1c\x00\x00\x20"
    "\x00\xf8\xff\xff\x00\x00\x00\x00\x5f\x79\xfe\xff\xa0\x86\x01\x00\x3f\xa7\xff\xdf\xc0\x58\x00\x20\x1f\x00\x00\xd0\x00\x00\x00\x20"
    "\x00\xf8\xff\xff\x00\x00\x00\x00\x5f\x79\xfe\xff\xa0\x86\x01\x00\x3a\xa7\xff\xdf\xc5\x58\x00\x20\x1a\x00\x00\xd0\x05\x00\x00\x20"
    "\x00\xf8\xff\xff\x00\x00\x00\x00\x5f\x79\xfe\xff\xa0\x86\x01\x00\x36\xa7\xff\xdf\xc9\x58\x00\x20\x16\x00\x00\xd0\x09\x00\x00\x20"
    "\x00\xf8\xff\xff\x00\x00\x00\x00\x5f\x79\xfe\xff\xa0\x86\x01\x00\x32\xa7\xff\xdf\xcd\x58\x00\x20\x12\x00\x00\xd0\x0d\x00\x00\x20"
    "\x00\xf8\xff\xff\x00\x00\x00\x00\x5f\x79\xfe\xff\xa0\x86\x01\x00\x2d\xa7\xff\xdf\xd2\x58\x00\x20\x0d\x00\x00\xd0\x12\x00\x00\x20"
    "\x00\xf8\xff\xff\x00\x00\x00\x00\x5f\x79\xfe\xff\xa0\x86\x01\x00\x27\xa7\xff\xdf\xd8\x58\x00\x20\x07\x00\x00\xd0\x18\x00\x00\x20"
    "\x00\xf8\xff\xff\x00\x00\x00\x00\x5f\x79\xfe\xff\xa0\x86\x01\x00\xdf\xa6\xff\xdf\x20\x59\x00\x20\x1f\x00\x00\xd0\x00\x00\x00\x20"
    "\x00\xf8\xff\xff\x00\x00\x00\x00\x5f\x79\xfe\xff\xa0\x86\x01\x00\xd9\xa6\xff\xdf\x26\x59\x00\x20\x19\x00\x00\xd0\x06\x00\x00\x20"
    "\x00\xf8\xff\xff\x00\x00\x00\x00\x5f\x79\xfe\xff\xa0\x86\x01\x00\xd4\xa6\xff\xdf\x2b\x59\x00\x20\x14\x00\x00\xd0\x0b\x00\x00\x20"
    "\x00\xf8\xff\xff\x00\x00\x00\x00\x5f\x79\xfe\xff\xa0\x86\x01\x00\xd0\xa6\xff\xdf\x2f\x59\x00\x20\x10\x00\x00\xd0\x0f\x00\x00\x20"
    "\x00\xf8\xff\xff\x00\x00\x00\x00\x5f\x79\xfe\xff\xa0\x86\x01\x00\xcc\xa6\xff\xdf\x33\x59\x00\x20\x0c\x00\x00\xd0\x13\x00\x00\x20"
    "\x00\xf8\xff\xff\x00\x00\x00\x00\x5f\x79\xfe\xff\xa0\x86\x01\x00\xc8\xa6\xff\xdf\x37\x59\x00\x20\x08\x00\x00\xd0\x17\x00\x00\x20"
    "\x00\xf8\xff\xff\x00\x00\x00\x00\x5f\x79\xfe\xff\xa0\x86\x01\x00\xc4\xa6\xff\xdf\x3b\x59\x00\x20\x04\x00\x00\xd0\x1b\x00\x00\x20"
    "\x00\xf8\xff\xff\x00\x00\x00\x00\x5f\x79\xfe\xff\xa0\x86\x01\x00\xc0\xa6\xff\xdf\x3f\x59\x00\x20\x00\x00\x00\xd0\x1f\x00\x00\x20"
    "\x00\xf8\xff\xff\x00\x00\x00\x00\x5f\x79\xfe\xff\xa0\x86\x01\x00\xef\xa5\xff\xdf\x10\x5a\x00\x20\x0f\x00\x00\xd0\x10\x00\x00\x20"
    "\x00\xf8\xff\xff\x00\x00\x00\x00\x5f\x79\xfe\xff\xa0\x86\x01\x00\xec\xa5\xff\xdf\x13\x5a\x00\x20\x0c\x00\x00\xd0\x13\x00\x00\x20"
    "\x00\xf8\xff\xff\x00\x00\x00\x00\x5f\x79\xfe\xff\xa0\x86\x01\x00\xe0\xa5\xff\xdf\x1f\x5a\x00\x20\x00\x00\x00\xd0\x1f\x00\x00\x20"
    "\x00\xf8\xff\xff\x00\x00\x00\x00\x5f\x79\xfe\xff\xa0\x86\x01\x00\xd7\xa5\xff\xdf\x28\x5a\x00\x20\x17\x00\x00\xd0\x08\x00\x00\x20"
    "\x00\xf8\xff\xff\x00\x00\x00\x00\x5f\x79\xfe\xff\xa0\x86\x01\x00\xd0\xa5\xff\xdf\x2f\x5a\x00\x20\x10\x00\x00\xd0\x0f\x00\x00\x20"
    "\x00\xf8\xff\xff\x00\x00\x00\x00\x5f\x79\xfe\xff\xa0\x86\x01\x00\xc9\xa5\xff\xdf\x36\x5a\x00\x20\x09\x00\x00\xd0\x16\x00\x00\x20"
    "\x00\xf8\xff\xff\x00\x00\x00\x00\x5f\x79\xfe\xff\xa0\x86\x01\x00\xc2\xa5\xff\xdf\x3d\x5a\x00\x20\x02\x00\x00\xd0\x1d\x00\x00\x20"
    "\x00\xf8\xff\xff\x00\x00\x00\x00\x5f\x79\xfe\xff\xa0\x86\x01\x00\xbb\xa5\xff\xdf\x44\x5a\x00\x20\x1b\x00\x00\xd0\x04\x00\x00\x20"
    "\x00\xf8\xff\xff\x00\x00\x00\x00\x5f\x79\xfe\xff\xa0\x86\x01\x00\xf3\xa4\xff\xdf\x0c\x5b\x00\x20\x13\x00\x00\xd0\x0c\x00\x00\x20"
    "\x00\xf8\xff\xff\x00\x00\x00\x00\x5f\x79\xfe\xff\xa0\x86\x01\x00\xee\xa4\xff\xdf\x11\x5b\x00\x20\x0e\x00\x00\xd0\x11\x00\x00\x20"
    "\x00\xf8\xff\xff\x00\x00\x00\x00\x5f\x79\xfe\xff\xa0\x86\x01\x00\xea\xa4\xff\xdf\x15\x5b\x00\x20\x0a\x00\x00\xd0\x15\x00\x00\x20"
    "\x00\xf8\xff\xff\x00\x00\x00\x00\x5f\x79\xfe\xff\xa0\x86\x01\x00\xd0\xa4\xff\xdf\x2f\x5b\x00\x20\x10\x00\x00\xd0\x0f\x00\x00\x20"
    "\x00\xf8\xff\xff\x00\x00\x00\x00\x5f\x79\xfe\xff\xa0\x86\x01\x00\xcb\xa4\xff\xdf\x34\x5b\x00\x20\x0b\x00\x00\xd0\x14\x00\x00\x20"
    "\x00\xf8\xff\xff\x00\x00\x00\x00\x5f\x79\xfe\xff\xa0\x86\x01\x00\xc1\xa4\xff\xdf\x3e\x5b\x00\x20\x01\x00\x00\xd0\x1e\x00\x00\x20"
    "\x00\xf8\xff\xff\x00\x00\x00\x00\x5f\x79\xfe\xff\xa0\x86\x01\x00\xb9\xa4\xff\xdf\x46\x5b\x00\x20\x19\x00\x00\xd0\x06\x00\x00\x20"
    "\x00\xf8\xff\xff\x00\x00\x00\x00\x5f\x79\xfe\xff\xa0\x86\x01\x00\xb2\xa4\xff\xdf\x4d\x5b\x00\x20\x12\x00\x00\xd0\x0d\x00\x00\x20"
    "\x00\xf8\xff\xff\x00\x00\x00\x00\x5f\x79\xfe\xff\xa0\x86\x01\x00\xab\xa4\xff\xdf\x54\x5b\x00\x20\x0b\x00\x00\xd0\x14\x00\x00\x20"
    "\x00\xf8\xff\xff\x00\x00\x00\x00\x5f\x79\xfe\xff\xa0\x86\x01\x00\xa4\xa4\xff\xdf\x5b\x5b\x00\x20\x04\x00\x00\xd0\x1b\x00\x00\x20"
    "\x00\xf8\xff\xff\x00\x00\x00\x00\x5f\x79\xfe\xff\xa0\x86\x01\x00\x97\xa4\xff\xdf\x68\x5b\x00\x20\x17\x00\x00\xd0\x08\x00\x00\x20"
    "\x00\xf8\xff\xff\x00\x00\x00\x00\x5f\x79\xfe\xff\xa0\x86\x01\x00\x93\xa4\xff\xdf\x6c\x5b\x00\x20\x13\x00\x00\xd0\x0c\x00\x00\x20"
    "\x00\xf8\xff\xff\x00\x00\x00\x00\x5f\x79\xfe\xff\xa0\x86\x01\x00\xec\xa3\xff\xdf\x13\x5c\x00\x20\x0c\x00\x00\xd0\x13\x00\x00\x20"
    "\x00\xf8\xff\xff\x00\x00\x00\x00\x5f\x79\xfe\xff\xa0\x86\x01\x00\xcc\xa3\xff\xdf\x33\x5c\x00\x20\x0c\x00\x00\xd0\x13\x00\x00\x20"
    "\x00\xf8\xff\xff\x00\x00\x00\x00\x5f\x79\xfe\xff\xa0\x86\x01\x00\x4d\x96\xff\xdf\xb2\x69\x00\x20\x0d\x00\x00\xd0\x12\x00\x00\x20"
    "\x00\xf8\xff\xff\x00\x00\x00\x00\x5f\x79\xfe\xff\xa0\x86\x01\x00\x44\x96\xff\xdf\xbb\x69\x00\x20\x04\x00\x00\xd0\x1b\x00\x00\x20"
    "\x00\xf8\xff\xff\x00\x00\x00\x00\x5f\x79\xfe\xff\xa0\x86\x01\x00\x3f\x96\xff\xdf\xc0\x69\x00\x20\x1f\x00\x00\xd0\x00\x00\x00\x20"
    "\x00\xf8\xff\xff\x00\x00\x00\x00\x5f\x79\xfe\xff\xa0\x86\x01\x00\x20\x96\xff\xdf\xdf\x69\x00\x20\x00\x00\x00\xd0\x1f\x00\x00\x20"
    "\x00\xf8\xff\xff\x00\x00\x00\x00\x5f\x79\xfe\xff\xa0\x86\x01\x00\x30\x95\xff\xdf\xcf\x6a\x00\x20\x10\x00\x00\xd0\x0f\x00\x00\x20"
    "\x00\xf8\xff\xff\x00\x00\x00\x00\x5f\x79\xfe\xff\xa0\x86\x01\x00\x25\x95\xff\xdf\xda\x6a\x00\x20\x05\x00\x00\xd0\x1a\x00\x00\x20"
    "\x00\xf8\xff\xff\x00\x00\x00\x00\x5f\x79\xfe\xff\xa0\x86\x01\x00\x1a\x95\xff\xdf\xe5\x6a\x00\x20\x1a\x00\x00\xd0\x05\x00\x00\x20"
    "\x00\xf8\xff\xff\x00\x00\x00\x00\x5f\x79\xfe\xff\xa0\x86\x01\x00\x10\x95\xff\xdf\xef\x6a\x00\x20\x10\x00\x00\xd0\x0f\x00\x00\x20"
    "\x00\xf8\xff\xff\x00\x00\x00\x00\x5f\x79\xfe\xff\xa0\x86\x01\x00\x3a\x94\xff\xdf\xc5\x6b\x00\x20\x1a\x00\x00\xd0\x05\x00\x00\x20"
    "\x00\xf8\xff\xff\x00\x00\x00\x00\x5f\x79\xfe\xff\xa0\x86\x01\x00\x5a\x8d\xff\xdf\xa5\x72\x00\x20\x1a\x00\x00\xd0\x05\x00\x00\x20"
    "\x00\xf8\xff\xff\x00\x00\x00\x00\x5f\x79\xfe\xff\xa0\x86\x01\x00\x55\x8d\xff\xdf\xaa\x72\x00\x20\x15\x00\x00\xd0\x0a\x00\x00\x20"
    "\x00\xf8\xff\xff\x00\x00\x00\x00\x5f\x79\xfe\xff\xa0\x86\x01\x00\x46\x8d\xff\xdf\xb9\x72\x00\x20\x06\x00\x00\xd0\x19\x00\x00\x20"
    "\x00\xf8\xff\xff\x00\x00\x00\x00\x5f\x79\xfe\xff\xa0\x86\x01\x00\x3e\x8d\xff\xdf\xc1\x72\x00\x20\x1e\x00\x00\xd0\x01\x00\x00\x20"
    "\x00\xf8\xff\xff\x00\x00\x00\x00\x5f\x79\xfe\xff\xa0\x86\x01\x00\x22\x8d\xff\xdf\xdd\x72\x00\x20\x02\x00\x00\xd0\x1d\x00\x00\x20"
    "\x00\xf8\xff\xff\x00\x00\x00\x00\x5f\x79\xfe\xff\xa0\x86\x01\x00\xf2\x88\xff\xdf\x0d\x77\x00\x20\x12\x00\x00\xd0\x0d\x00\x00\x20"
    "\x00\xf8\xff\xff\x00\x00\x00\x00\x5f\x79\xfe\xff\xa0\x86\x01\x00\xec\x88\xff\xdf\x13\x77\x00\x20\x0c\x00\x00\xd0\x13\x00\x00\x20"
    "\x00\xf8\xff\xff\x00\x00\x00\x00\x5f\x79\xfe\xff\xa0\x86\x01\x00\xe5\x88\xff\xdf\x1a\x77\x00\x20\x05\x00\x00\xd0\x1a\x00\x00\x20"
    "\x00\xf8\xff\xff\x00\x00\x00\x00\x5f\x79\xfe\xff\xa0\x86\x01\x00\xc6\x88\xff\xdf\x39\x77\x00\x20\x06\x00\x00\xd0\x19\x00\x00\x20"
    "\x00\xf8\xff\xff\x00\x00\x00\x00\x5f\x79\xfe\xff\xa0\x86\x01\x00\x9f\x88\xff\xdf\x60\x77\x00\x20\x1f\x00\x00\xd0\x00\x00\x00\x20"
    "\x00\xf8\xff\xff\x00\x00\x00\x00\x5f\x79\xfe\xff\xa0\x86\x01\x00\x8f\x88\xff\xdf\x70\x77\x00\x20\x0f\x00\x00\xd0\x10\x00\x00\x20"
    "\x00\xf8\xff\xff\x00\x00\x00\x00\x5f\x79\xfe\xff\xa0\x86\x01\x00\x84\x88\xff\xdf\x7b\x77\x00\x20\x04\x00\x00\xd0\x1b\x00\x00\x20"
    "\x00\xf8\xff\xff\x00\x00\x00\x00\x5f\x79\xfe\xff\xa0\x86\x01\x00\x79\x88\xff\xdf\x86\x77\x00\x20\x19\x00\x00\xd0\x06\x00\x00\x20"
    "\x00\xf8\xff\xff\x00\x00\x00\x00\x5f\x79\xfe\xff\xa0\x86\x01\x00\x71\x88\xff\xdf\x8e\x77\x00\x20\x11\x00\x00\xd0\x0e\x00\x00\x20"
    "\x00\xf8\xff\xff\x00\x00\x00\x00\x5f\x79\xfe\xff\xa0\x86\x01\x00\x5c\x88\xff\xdf\xa3\x77\x00\x20\x1c\x00\x00\xd0\x03\x00\x00\x20"
    "\x00\xf8\xff\xff\x00\x00\x00\x00\x5f\x79\xfe\xff\xa0\x86\x01\x00\x46\x88\xff\xdf\xb9\x77\x00\x20\x06\x00\x00\xd0\x19\x00\x00\x20"
    "\x00\xf8\xff\xff\x00\x00\x00\x00\x5f\x79\xfe\xff\xa0\x86\x01\x00\xc2\x87\xff\xdf\x3d\x78\x00\x20\x02\x00\x00\xd0\x1d\x00\x00\x20"
    "\x00\xf8\xff\xff\x00\x00\x00\x00\x5f\x79\xfe\xff\xa0\x86\x01\x00\xbb\x87\xff\xdf\x44\x78\x00\x20\x1b\x00\x00\xd0\x04\x00\x00\x20"
    "\x00\xf8\xff\xff\x00\x00\x00\x00\x5f\x79\xfe\xff\xa0\x86\x01\x00\xb6\x87\xff\xdf\x49\x78\x00\x20\x16\x00\x00\xd0\x09\x00\x00\x20"
    "\x00\xf8\xff\xff\x00\x00\x00\x00\x5f\x79\xfe\xff\xa0\x86\x01\x00\xab\x87\xff\xdf\x54\x78\x00\x20\x0b\x00\x00\xd0\x14\x00\x00\x20"
    "\x00\xf8\xff\xff\x00\x00\x00\x00\x5f\x79\xfe\xff\xa0\x86\x01\x00\x93\x87\xff\xdf\x6c\x78\x00\x20\x13\x00\x00\xd0\x0c\x00\x00\x20"
    "\x00\xf8\xff\xff\x00\x00\x00\x00\x5f\x79\xfe\xff\xa0\x86\x01\x00\x15\x87\xff\xdf\xea\x78\x00\x20\x15\x00\x00\xd0\x0a\x00\x00\x20"
    "\x00\xf8\xff\xff\x00\x00\x00\x00\x5f\x79\xfe\xff\xa0\x86\x01\x00\x12\x87\xff\xdf\xed\x78\x00\x20\x12\x00\x00\xd0\x0d\x00\x00\x20"
    "\x00\xf8\xff\xff\x00\x00\x00\x00\x5f\x79\xfe\xff\xa0\x86\x01\x00\x0f\x87\xff\xdf\xf0\x78\x00\x20\x0f\x00\x00\xd0\x10\x00\x00\x20"
    "\x00\xf8\xff\xff\x00\x00\x00\x00\x5f\x79\xfe\xff\xa0\x86\x01\x00\xf4\x86\xff\xdf\x0b\x79\x00\x20\x14\x00\x00\xd0\x0b\x00\x00\x20"
    "\x00\xf8\xff\xff\x00\x00\x00\x00\x5f\x79\xfe\xff\xa0\x86\x01\x00\xe9\x86\xff\xdf\x16\x79\x00\x20\x09\x00\x00\xd0\x16\x00\x00\x20"
    "\x00\xf8\xff\xff\x00\x00\x00\x00\x5f\x79\xfe\xff\xa0\x86\x01\x00\xde\x86\xff\xdf\x21\x79\x00\x20\x1e\x00\x00\xd0\x01\x00\x00\x20"
    "\x00\xf8\xff\xff\x00\x00\x00\x00\x5f\x79\xfe\xff\xa0\x86\x01\x00\xd0\x86\xff\xdf\x2f\x79\x00\x20\x10\x00\x00\xd0\x0f\x00\x00\x20"
    "\x00\xf8\xff\xff\x00\x00\x00\x00\x5f\x79\xfe\xff\xa0\x86\x01\x00\xcd\x86\xff\xdf\x32\x79\x00\x20\x0d\x00\x00\xd0\x12\x00\x00\x20"
    "\x00\xf8\xff\xff\x00\x00\x00\x00\x5f\x79\xfe\xff\xa0\x86\x01\x00\xc1\x86\xff\xdf\x3e\x79\x00\x20\x01\x00\x00\xd0\x1e\x00\x00\x20"
    "\x00\xf8\xff\xff\x00\x00\x00\x00\x5f\x79\xfe\xff\xa0\x86\x01\x00\xb5\x86\xff\xdf\x4a\x79\x00\x20\x15\x00\x00\xd0\x0a\x00\x00\x20"
    "\x00\xf8\xff\xff\x00\x00\x00\x00\x5f\x79\xfe\xff\xa0\x86\x01\x00\x7e\x86\xff\xdf\x81\x79\x00\x20\x1e\x00\x00\xd0\x01\x00\x00\x20"
    "\x00\xf8\xff\xff\x00\x00\x00\x00\x5f\x79\xfe\xff\xa0\x86\x01\x00\x72\x86\xff\xdf\x8d\x79\x00\x20\x12\x00\x00\xd0\x0d\x00\x00\x20"
    "\x00\xf8\xff\xff\x00\x00\x00\x00\x5f\x79\xfe\xff\xa0\x86\x01\x00\x65\x86\xff\xdf\x9a\x79\x00\x20\x05\x00\x00\xd0\x1a\x00\x00\x20"
    "\x00\xf8\xff\xff\x00\x00\x00\x00\x5f\x79\xfe\xff\xa0\x86\x01\x00\x1b\x86\xff\xdf\xe4\x79\x00\x20\x1b\x00\x00\xd0\x04\x00\x00\x20"
    "\x00\xf8\xff\xff\x00\x00\x00\x00\x5f\x79\xfe\xff\xa0\x86\x01\x00\x0c\x86\xff\xdf\xf3\x79\x00\x20\x0c\x00\x00\xd0\x13\x00\x00\x20"
    "\x00\xf8\xff\xff\x00\x00\x00\x00\x5f\x79\xfe\xff\xa0\x86\x01\x00\xf6\x85\xff\xdf\x09\x7a\x00\x20\x16\x00\x00\xd0\x09\x00\x00\x20"
    "\x00\xf8\xff\xff\x00\x00\x00\x00\x5f\x79\xfe\xff\xa0\x86\x01\x00\xe8\x85\xff\xdf\x17\x7a\x00\x20\x08\x00\x00\xd0\x17\x00\x00\x20"
    "\x00\xf8\xff\xff\x00\x00\x00\x00\x5f\x79\xfe\xff\xa0\x86\x01\x00\xd8\x85\xff\xdf\x27\x7a\x00\x20\x18\x00\x00\xd0\x07\x00\x00\x20"
    "\x00\xf8\xff\xff\x00\x00\x00\x00\x5f\x79\xfe\xff\xa0\x86\x01\x00\x09\x85\xff\xdf\xf6\x7a\x00\x20\x09\x00\x00\xd0\x16\x00\x00\x20"
    "\x00\xf8\xff\xff\x00\x00\x00\x00\x5f\x79\xfe\xff\xa0\x86\x01\x00\x04\x85\xff\xdf\xfb\x7a\x00\x20\x04\x00\x00\xd0\x1b\x00\x00\x20"
    "\x00\xf8\xff\xff\x00\x00\x00\x00\x5f\x79\xfe\xff\xa0\x86\x01\x00\xff\x84\xff\xdf\x00\x7b\x00\x20\x1f\x00\x00\xd0\x00\x00\x00\x20"
    "\x00\xf8\xff\xff\x00\x00\x00\x00\x5f\x79\xfe\xff\xa0\x86\x01\x00\xfa\x84\xff\xdf\x05\x7b\x00\x20\x1a\x00\x00\xd0\x05\x00\x00\x20"
    "\x00\xf8\xff\xff\x00\x00\x00\x00\x5f\x79\xfe\xff\xa0\x86\x01\x00\xf5\x84\xff\xdf\x0a\x7b\x00\x20\x15\x00\x00\xd0\x0a\x00\x00\x20"
    "\x00\xf8\xff\xff\x00\x00\x00\x00\x5f\x79\xfe\xff\xa0\x86\x01\x00\xf0\x84\xff\xdf\x0f\x7b\x00\x20\x10\x00\x00\xd0\x0f\x00\x00\x20"
    "\x00\xf8\xff\xff\x00\x00\x00\x00\x5f\x79\xfe\xff\xa0\x86\x01\x00\xeb\x84\xff\xdf\x14\x7b\x00\x20\x0b\x00\x00\xd0\x14\x00\x00\x20"
    "\x00\xf8\xff\xff\x00\x00\x00\x00\x5f\x79\xfe\xff\xa0\x86\x01\x00\xe5\x84\xff\xdf\x1a\x7b\x00\x20\x05\x00\x00\xd0\x1a\x00\x00\x20"
    "\x00\xf8\xff\xff\x00\x00\x00\x00\x5f\x79\xfe\xff\xa0\x86\x01\x00\xe0\x84\xff\xdf\x1f\x7b\x00\x20\x00\x00\x00\xd0\x1f\x00\x00\x20"
    "\x00\xf8\xff\xff\x00\x00\x00\x00\x5f\x79\xfe\xff\xa0\x86\x01\x00\xdb\x84\xff\xdf\x24\x7b\x00\x20\x1b\x00\x00\xd0\x04\x00\x00\x20"
    "\x00\xf8\xff\xff\x00\x00\x00\x00\x5f\x79\xfe\xff\xa0\x86\x01\x00\xd6\x84\xff\xdf\x29\x7b\x00\x20\x16\x00\x00\xd0\x09\x00\x00\x20"
    "\x00\xf8\xff\xff\x00\x00\x00\x00\x5f\x79\xfe\xff\xa0\x86\x01\x00\xd1\x84\xff\xdf\x2e\x7b\x00\x20\x11\x00\x00\xd0\x0e\x00\x00\x20"
    "\x00\xf8\xff\xff\x00\x00\x00\x00\x5f\x79\xfe\xff\xa0\x86\x01\x00\xcc\x84\xff\xdf\x33\x7b\x00\x20\x0c\x00\x00\xd0\x13\x00\x00\x20"
    "\x00\xf8\xff\xff\x00\x00\x00\x00\x5f\x79\xfe\xff\xa0\x86\x01\x00\xc7\x84\xff\xdf\x38\x7b\x00\x20\x07\x00\x00\xd0\x18\x00\x00\x20"
    "\x00\xf8\xff\xff\x00\x00\x00\x00\x5f\x79\xfe\xff\xa0\x86\x01\x00\xc0\x84\xff\xdf\x3f\x7b\x00\x20\x00\x00\x00\xd0\x1f\x00\x00\x20"
    "\x00\xf8\xff\xff\x00\x00\x00\x00\x5f\x79\xfe\xff\xa0\x86\x01\x00\xbb\x84\xff\xdf\x44\x7b\x00\x20\x1b\x00\x00\xd0\x04\x00\x00\x20"
    "\x00\xf8\xff\xff\x00\x00\x00\x00\x5f\x79\xfe\xff\xa0\x86\x01\x00\xaf\x84\xff\xdf\x50\x7b\x00\x20\x0f\x00\x00\xd0\x10\x00\x00\x20"
    "\x00\xf8\xff\xff\x00\x00\x00\x00\x5f\x79\xfe\xff\xa0\x86\x01\x00\xaa\x84\xff\xdf\x55\x7b\x00\x20\x0a\x00\x00\xd0\x15\x00\x00\x20"
    "\x00\xf8\xff\xff\x00\x00\x00\x00\x5f\x79\xfe\xff\xa0\x86\x01\x00\xa4\x84\xff\xdf\x5b\x7b\x00\x20\x04\x00\x00\xd0\x1b\x00\x00\x20"
    "\x00\xf8\xff\xff\x00\x00\x00\x00\x5f\x79\xfe\xff\xa0\x86\x01\x00\xa1\x84\xff\xdf\x5e\x7b\x00\x20\x01\x00\x00\xd0\x1e\x00\x00\x20"
    "\x00\xf8\xff\xff\x00\x00\x00\x00\x5f\x79\xfe\xff\xa0\x86\x01\x00\x58\x84\xff\xdf\xa7\x7b\x00\x20\x18\x00\x00\xd0\x07\x00\x00\x20"
    "\x00\xf8\xff\xff\x00\x00\x00\x00\x5f\x79\xfe\xff\xa0\x86\x01\x00\x52\x84\xff\xdf\xad\x7b\x00\x20\x12\x00\x00\xd0\x0d\x00\x00\x20"
    "\x00\xf8\xff\xff\x00\x00\x00\x00\x5f\x79\xfe\xff\xa0\x86\x01\x00\x4b\x84\xff\xdf\xb4\x7b\x00\x20\x0b\x00\x00\xd0\x14\x00\x00\x20"
    "\x00\xf8\xff\xff\x00\x00\x00\x00\x5f\x79\xfe\xff\xa0\x86\x01\x00\x45\x84\xff\xdf\xba\x7b\x00\x20\x05\x00\x00\xd0\x1a\x00\x00\x20"
    "\x00\xf8\xff\xff\x00\x00\x00\x00\x5f\x79\xfe\xff\xa0\x86\x01\x00\x1d\x84\xff\xdf\xe2\x7b\x00\x20\x1d\x00\x00\xd0\x02\x00\x00\x20"
    "\x00\xf8\xff\xff\x00\x00\x00\x00\x5f\x79\xfe\xff\xa0\x86\x01\x00\x19\x84\xff\xdf\xe6\x7b\x00\x20\x19\x00\x00\xd0\x06\x00\x00\x20"
    "\x00\xf8\xff\xff\x00\x00\x00\x00\x5f\x79\xfe\xff\xa0\x86\x01\x00\x15\x84\xff\xdf\xea\x7b\x00\x20\x15\x00\x00\xd0\x0a\x00\x00\x20"
    "\x00\xf8\xff\xff\x00\x00\x00\x00\x5f\x79\xfe\xff\xa0\x86\x01\x00\x0e\x84\xff\xdf\xf1\x7b\x00\x20\x0e\x00\x00\xd0\x11\x00\x00\x20"
    "\x00\xf8\xff\xff\x00\x00\x00\x00\x5f\x79\xfe\xff\xa0\x86\x01\x00\x07\x84\xff\xdf\xf8\x7b\x00\x20\x07\x00\x00\xd0\x18\x00\x00\x20"
    "\x00\xf8\xff\xff\x00\x00\x00\x00\x5f\x79\xfe\xff\xa0\x86\x01\x00\xff\x83\xff\xdf\x00\x7c\x00\x20\x1f\x00\x00\xd0\x00\x00\x00\x20"
    "\x00\xf8\xff\xff\x00\x00\x00\x00\x5f\x79\xfe\xff\xa0\x86\x01\x00\xf6\x83\xff\xdf\x09\x7c\x00\x20\x16\x00\x00\xd0\x09\x00\x00\x20"
    "\x00\xf8\xff\xff\x00\x00\x00\x00\x5f\x79\xfe\xff\xa0\x86\x01\x00\xf0\x83\xff\xdf\x0f\x7c\x00\x20\x10\x00\x00\xd0\x0f\x00\x00\x20"
    "\x00\xf8\xff\xff\x00\x00\x00\x00\x5f\x79\xfe\xff\xa0\x86\x01\x00\xe5\x83\xff\xdf\x1a\x7c\x00\x20\x05\x00\x00\xd0\x1a\x00\x00\x20"
    "\x00\xf8\xff\xff\x00\x00\x00\x00\x5f\x79\xfe\xff\xa0\x86\x01\x00\xdf\x83\xff\xdf\x20\x7c\x00\x20\x1f\x00\x00\xd0\x00\x00\x00\x20"
    "\x00\xf8\xff\xff\x00\x00\x00\x00\x5f\x79\xfe\xff\xa0\x86\x01\x00\xa0\x83\xff\xdf\x5f\x7c\x00\x20\x00\x00\x00\xd0\x1f\x00\x00\x20"
    "\x00\xf8\xff\xff\x00\x00\x00\x00\x5f\x79\xfe\xff\xa0\x86\x01\x00\x6b\x83\xff\xdf\x94\x7c\x00\x20\x0b\x00\x00\xd0\x14\x00\x00\x20"
    "\x00\xf8\xff\xff\x00\x00\x00\x00\x5f\x79\xfe\xff\xa0\x86\x01\x00\x68\x83\xff\xdf\x97\x7c\x00\x20\x08\x00\x00\xd0\x17\x00\x00\x20"
    "\x00\xf8\xff\xff\x00\x00\x00\x00\x5f\x79\xfe\xff\xa0\x86\x01\x00\x65\x83\xff\xdf\x9a\x7c\x00\x20\x05\x00\x00\xd0\x1a\x00\x00\x20"
    "\x00\xf8\xff\xff\x00\x00\x00\x00\x5f\x79\xfe\xff\xa0\x86\x01\x00\x62\x83\xff\xdf\x9d\x7c\x00\x20\x02\x00\x00\xd0\x1d\x00\x00\x20"
    "\x00\xf8\xff\xff\x00\x00\x00\x00\x5f\x79\xfe\xff\xa0\x86\x01\x00\x5b\x83\xff\xdf\xa4\x7c\x00\x20\x1b\x00\x00\xd0\x04\x00\x00\x20"
    "\x00\xf8\xff\xff\x00\x00\x00\x00\x5f\x79\xfe\xff\xa0\x86\x01\x00\x4c\x83\xff\xdf\xb3\x7c\x00\x20\x0c\x00\x00\xd0\x13\x00\x00\x20"
    "\x00\xf8\xff\xff\x00\x00\x00\x00\x5f\x79\xfe\xff\xa0\x86\x01\x00\x2d\x83\xff\xdf\xd2\x7c\x00\x20\x0d\x00\x00\xd0\x12\x00\x00\x20"
    "\x00\xf8\xff\xff\x00\x00\x00\x00\x5f\x79\xfe\xff\xa0\x86\x01\x00\x28\x83\xff\xdf\xd7\x7c\x00\x20\x08\x00\x00\xd0\x17\x00\x00\x20"
    "\x00\xf8\xff\xff\x00\x00\x00\x00\x5f\x79\xfe\xff\xa0\x86\x01\x00\x40\x7e\xff\xdf\xbf\x81\x00\x20\x00\x00\x00\xd0\x1f\x00\x00\x20"
    "\x00\xf8\xff\xff\x00\x00\x00\x00\x5f\x79\xfe\xff\xa0\x86\x01\x00\x3e\x7c\xff\xdf\xc1\x83\x00\x20\x1e\x00\x00\xd0\x01\x00\x00\x20"
    "\x00\xf8\xff\xff\x00\x00\x00\x00\x5f\x79\xfe\xff\xa0\x86\x01\x00\x3b\x7c\xff\xdf\xc4\x83\x00\x20\x1b\x00\x00\xd0\x04\x00\x00\x20"
    "\x00\xf8\xff\xff\x00\x00\x00\x00\x5f\x79\xfe\xff\xa0\x86\x01\x00\x31\x7c\xff\xdf\xce\x83\x00\x20\x11\x00\x00\xd0\x0e\x00\x00\x20"
    "\x00\xf8\xff\xff\x00\x00\x00\x00\x5f\x79\xfe\xff\xa0\x86\x01\x00\x2e\x7c\xff\xdf\xd1\x83\x00\x20\x0e\x00\x00\xd0\x11\x00\x00\x20"
    "\x00\xf8\xff\xff\x00\x00\x00\x00\x5f\x79\xfe\xff\xa0\x86\x01\x00\x2b\x7c\xff\xdf\xd4\x83\x00\x20\x0b\x00\x00\xd0\x14\x00\x00\x20"
    "\x00\xf8\xff\xff\x00\x00\x00\x00\x5f\x79\xfe\xff\xa0\x86\x01\x00\x05\x7c\xff\xdf\xfa\x83\x00\x20\x05\x00\x00\xd0\x1a\x00\x00\x20"
    "\x00\xf8\xff\xff\x00\x00\x00\x00\x5f\x79\xfe\xff\xa0\x86\x01\x00\xa1\x1c\xff\xdf\x5e\xe3\x00\x20\x01\x00\x00\xd0\x1e\x00\x00\x20"
    "\x00\xf8\xff\xff\x00\x00\x00\x00\x5f\x79\xfe\xff\xa0\x86\x01\x00\x9d\x1c\xff\xdf\x62\xe3\x00\x20\x1d\x00\x00\xd0\x02\x00\x00\x20"
    "\x00\xf8\xff\xff\x00\x00\x00\x00\x5f\x79\xfe\xff\xa0\x86\x01\x00\x6f\x1c\xff\xdf\x90\xe3\x00\x20\x0f\x00\x00\xd0\x10\x00\x00\x20"
    "\x00\xf8\xff\xff\x00\x00\x00\x00\x5f\x79\xfe\xff\xa0\x86\x01\x00\x6c\x1c\xff\xdf\x93\xe3\x00\x20\x0c\x00\x00\xd0\x13\x00\x00\x20"
    "\x00\xf8\xff\xff\x00\x00\x00\x00\x5f\x79\xfe\xff\xa0\x86\x01\x00\x62\x1c\xff\xdf\x9d\xe3\x00\x20\x02\x00\x00\xd0\x1d\x00\x00\x20"
    "\x00\xf8\xff\xff\x00\x00\x00\x00\x5f\x79\xfe\xff\xa0\x86\x01\x00\x5f\x1c\xff\xdf\xa0\xe3\x00\x20\x1f\x00\x00\xd0\x00\x00\x00\x20"
    "\x00\xf8\xff\xff\x00\x00\x00\x00\x5f\x79\xfe\xff\xa0\x86\x01\x00\xff\x1b\xff\xdf\x00\xe4\x00\x20\x1f\x00\x00\xd0\x00\x00\x00\x20"
    "\x00\xf8\xff\xff\x00\x00\x00\x00\x5f\x79\xfe\xff\xa0\x86\x01\x00\xed\x1b\xff\xdf\x12\xe4\x00\x20\x0d\x00\x00\xd0\x12\x00\x00\x20"
    "\x00\xf8\xff\xff\x00\x00\x00\x00\x5f\x79\xfe\xff\xa0\x86\x01\x00\xa9\x15\xff\xdf\x56\xea\x00\x20\x09\x00\x00\xd0\x16\x00\x00\x20"
    "\x00\xf8\xff\xff\x00\x00\x00\x00\x5f\x79\xfe\xff\xa0\x86\x01\x00\xa3\x15\xff\xdf\x5c\xea\x00\x20\x03\x00\x00\xd0\x1c\x00\x00\x20"
    "\x00\xf8\xff\xff\x00\x00\x00\x00\x5f\x79\xfe\xff\xa0\x86\x01\x00\x9e\x15\xff\xdf\x61\xea\x00\x20\x1e\x00\x00\xd0\x01\x00\x00\x20"
    "\x00\xf8\xff\xff\x00\x00\x00\x00\x5f\x79\xfe\xff\xa0\x86\x01\x00\x7b\xb9\xff\xbf\x84\x46\x00\x40\x1b\x00\x00\xb0\x04\x00\x00\x40"
    "\x00\xf8\xff\xff\x00\x00\x00\x00\x5f\x79\xfe\xff\xa0\x86\x01\x00\xc6\xb7\xff\xbf\x39\x48\x00\x40\x06\x00\x00\xb0\x19\x00\x00\x40"
    "\x00\xf8\xff\xff\x00\x00\x00\x00\x5f\x79\xfe\xff\xa0\x86\x01\x00\xf9\xa9\xff\xbf\x06\x56\x00\x40\x19\x00\x00\xb0\x06\x00\x00\x40"
    "\x00\xf8\xff\xff\x00\x00\x00\x00\x5f\x79\xfe\xff\xa0\x86\x01\x00\xf8\xa9\xff\xbf\x07\x56\x00\x40\x18\x00\x00\xb0\x07\x00\x00\x40"
    "\x00\xf8\xff\xff\x00\x00\x00\x00\x5f\x79\xfe\xff\xa0\x86\x01\x00\xf2\xa9\xff\xbf\x0d\x56\x00\x40\x12\x00\x00\xb0\x0d\x00\x00\x40"
    "\x00\xf8\xff\xff\x00\x00\x00\x00\x5f\x79\xfe\xff\xa0\x86\x01\x00\x0f\xa5\xff\xbf\xf0\x5a\x00\x40\x0f\x00\x00\xb0\x10\x00\x00\x40"
    "\x00\xf8\xff\xff\x00\x00\x00\x00\x5f\x79\xfe\xff\xa0\x86\x01\x00\x0a\xa5\xff\xbf\xf5\x5a\x00\x40\x0a\x00\x00\xb0\x15\x00\x00\x40"
    "\x00\xf8\xff\xff\x00\x00\x00\x00\x5f\x79\xfe\xff\xa0\x86\x01\x00\x10\x89\xff\xbf\xef\x76\x00\x40\x10\x00\x00\xb0\x0f\x00\x00\x40"
    "\x00\xf8\xff\xff\x00\x00\x00\x00\x5f\x79\xfe\xff\xa0\x86\x01\x00\x0a\x89\xff\xbf\xf5\x76\x00\x40\x0a\x00\x00\xb0\x15\x00\x00\x40"
    "\x00\xf8\xff\xff\x00\x00\x00\x00\x5f\x79\xfe\xff\xa0\x86\x01\x00\xce\x88\xff\xbf\x31\x77\x00\x40\x0e\x00\x00\xb0\x11\x00\x00\x40"
    "\x00\xf8\xff\xff\x00\x00\x00\x00\x5f\x79\xfe\xff\xa0\x86\x01\x00\x23\x85\xff\xbf\xdc\x7a\x00\x40\x03\x00\x00\xb0\x1c\x00\x00\x40"
    "\x00\xf8\xff\xff\x00\x00\x00\x00\x5f\x79\xfe\xff\xa0\x86\x01\x00\xfb\x82\xff\xbf\x04\x7d\x00\x40\x1b\x00\x00\xb0\x04\x00\x00\x40"
    "\x00\xf8\xff\xff\x00\x00\x00\x00\x5f\x79\xfe\xff\xa0\x86\x01\x00\xf6\x82\xff\xbf\x09\x7d\x00\x40\x16\x00\x00\xb0\x09\x00\x00\x40"
    "\x00\xf8\xff\xff\x00\x00\x00\x00\x5f\x79\xfe\xff\xa0\x86\x01\x00\x49\x7e\xff\xbf\xb6\x81\x00\x40\x09\x00\x00\xb0\x16\x00\x00\x40"
    "\x00\xf8\xff\xff\x00\x00\x00\x00\x5f\x79\xfe\xff\xa0\x86\x01\x00\x78\x1c\xff\xbf\x87\xe3\x00\x40\x18\x00\x00\xb0\x07\x00\x00\x40"
    "\x00\xf8\xff\xff\x00\x00\x00\x00\x5f\x79\xfe\xff\xa0\x86\x01\x00\xf7\x1b\xff\xbf\x08\xe4\x00\x40\x17\x00\x00\xb0\x08\x00\x00\x40"
    "\x00\xf8\xff\xff\x00\x00\x00\x00\x5f\x79\xfe\xff\xa0\x86\x01\x00\xf4\xf4\xff\x9f\x0b\x0b\x00\x60\x14\x00\x00\x90\x0b\x00\x00\x60"
    "\x00\xf8\xff\xff\x00\x00\x00\x00\x5f\x79\xfe\xff\xa0\x86\x01\x00\xf0\xf4\xff\x9f\x0f\x0b\x00\x60\x10\x00\x00\x90\x0f\x00\x00\x60"
    "\x00\xf8\xff\xff\x00\x00\x00\x00\x5f\x79\xfe\xff\xa0\x86\x01\x00\xec\xf4\xff\x9f\x13\x0b\x00\x60\x0c\x00\x00\x90\x13\x00\x00\x60"
    "\x00\xf8\xff\xff\x00\x00\x00\x00\x5f\x79\xfe\xff\xa0\x86\x01\x00\xe8\xf4\xff\x9f\x17\x0b\x00\x60\x08\x00\x00\x90\x17\x00\x00\x60"
    "\x00\xf8\xff\xff\x00\x00\x00\x00\x5f\x79\xfe\xff\xa0\x86\x01\x00\xe2\xf4\xff\x9f\x1d\x0b\x00\x60\x02\x00\x00\x90\x1d\x00\x00\x60"
    "\x00\xf8\xff\xff\x00\x00\x00\x00\x5f\x79\xfe\xff\xa0\x86\x01\x00\xe0\xf4\xff\x9f\x1f\x0b\x00\x60\x00\x00\x00\x90\x1f\x00\x00\x60"
    "\x00\xf8\xff\xff\x00\x00\x00\x00\x5f\x79\xfe\xff\xa0\x86\x01\x00\x64\xb8\xff\x9f\x9b\x47\x00\x60\x04\x00\x00\x90\x1b\x00\x00\x60"
    "\x00\xf8\xff\xff\x00\x00\x00\x00\x5f\x79\xfe\xff\xa0\x86\x01\x00\xb1\x87\xff\x9f\x4e\x78\x00\x60\x11\x00\x00\x90\x0e\x00\x00\x60"
    "\x00\xf8\xff\xff\x00\x00\x00\x00\x5f\x79\xfe\xff\xa0\x86\x01\x00\xa6\x87\xff\x9f\x59\x78\x00\x60\x06\x00\x00\x90\x19\x00\x00\x60"
    "\x00\xf8\xff\xff\x00\x00\x00\x00\x5f\x79\xfe\xff\xa0\x86\x01\x00\x8c\x87\xff\x9f\x73\x78\x00\x60\x0c\x00\x00\x90\x13\x00\x00\x60"
    "\x58\xff\xff\xff\xa0\x00\x00\x00\x9f\xff\xff\xff\x60\x00\x00\x00\x99\x57\xff\xff\x66\xa8\x00\x00\x19\x18\xff\xff\x06\xe4\x00\x00"
    "\xf0\xff\xff\xff\x00\x00\x00\x00\xf2\xff\xff\xff\x0d\x00\x00\x00\xf0\xff\xff\xff\x00\x00\x00\x00\x00\xff\xff\xff\x00\x00\x00\x00"
    "\xf0\xff\xff\xff\x00\x00\x00\x00\xf1\xff\xff\xff\x0e\x00\x00\x00\xf0\xff\xff\xff\x00\x00\x00\x00\x00\xff\xff\xff\x00\x00\x00\x00"
    "\xfe\xff\xff\xff\x00\x00\x00\x00\xf3\xff\xff\xff\x0c\x00\x00\x00\xfa\xff\xff\xff\x05\x00\x00\x00\xea\xff\xff\xff\x01\x00\x00\x00"
    "\x00\x00\x80\xff\x00\x00\x00\x00\xee\xff\xff\xff\x11\x00\x00\x00\xfb\xff\xff\xff\x04\x00\x00\x00\x00\x00\x00\xf0\x00\x00\x00\x00"
    "\x00\xf8\xff\xff\x00\x00\x00\x00\xf5\xff\xff\xff\x0a\x00\x00\x00\xc0\xff\xff\xff\x30\x00\x00\x00\x00\x80\xff\xff\x00\x00\x00\x00"
    "\x00\xff\xff\xff\x00\x00\x00\x00\xcf\xff\xff\xff\x30\x00\x00\x00\x15\xff\xff\xff\xea\x00\x00\x00\x05\xc0\xff\xff\x0a\x00\x00\x00"
    "\x00\xfc\xff\xff\x00\x00\x00\x00\xfc\xff\xff\xff\x03\x00\x00\x00\xfe\xff\xff\xff\x01\x00\x00\x00\x00\xf0\xff\xff\x00\x00\x00\x00"
    "\x00\xfc\xff\xff\x00\x00\x00\x00\xfc\xff\xff\xff\x03\x00\x00\x00\xfd\xff\xff\xff\x02\x00\x00\x00\x00\xf0\xff\xff\x00\x00\x00\x00"
    "\xf8\xff\xff\xff\x00\x00\x00\x00\xf3\xff\xff\xff\x0c\x00\x00\x00\xf0\xff\xff\xff\x00\x00\x00\x00\x80\xff\xff\xff\x00\x00\x00\x00"
    "\x80\xff\xff\xff\x00\x00\x00\x00\xad\xff\xff\xff\x52\x00\x00\x00\x80\xff\xff\xff\x00\x00\x00\x00\x00\xc0\xff\xff\x00\x00\x00\x00"
    "\x80\xff\xff\xff\x00\x00\x00\x00\xc0\xff\xff\xff\x3f\x00\x00\x00\xcd\xff\xff\xff\x32\x00\x00\x00\x00\xe0\xff\xff\x00\x00\x00\x00"
    "\xf8\xff\xff\xff\x00\x00\x00\x00\xf4\xff\xff\xff\x08\x00\x00\x00\xf1\xff\xff\xff\x0e\x00\x00\x00\x80\xff\xff\xff\x00\x00\x00\x00"
    "\xfc\xff\xff\xff\x00\x00\x00\x00\xf4\xff\xff\xff\x0b\x00\x00\x00\xfe\xff\xff\xff\x01\x00\x00\x00\xc0\xff\xff\xff\x00\x00\x00\x00"
    "\x81\xff\xff\xff\x10\x00\x00\x00\x00\x00\xf0\xff\x01\x00\x00\x00\xf8\xff\xff\xff\x07\x00\x00\x00\x00\x00\x00\xf8\x01\x00\x00\x00"
    "\x81\xff\xff\xff\x00\x00\x00\x00\x01\xe0\xff\xff\x00\x00\x00\x00\xf8\xff\xff\xff\x07\x00\x00\x00\x00\x00\xf0\xff\x03\x00\x00\x00"
    "\x01\x80\xff\xff\x00\x00\x00\x00\x81\xff\xff\xff\x10\x00\x00\x00\xf8\xff\xff\xff\x07\x00\x00\x00\x00\x00\xc0\xff\x03\x00\x00\x00"
    "\xe0\xff\xff\xff\x00\x00\x00\x00\x5d\xff\xff\xff\xa2\x00\x00\x00\x00\x18\xff\xff\x00\xe0\x00\x00\x00\x00\xff\xff\x00\xe0\x00\x00"
    "\x00\xc0\xff\xff\x00\x00\x00\x00\xf5\xff\xff\xff\x0a\x00\x00\x00\x2f\xff\xff\xff\xd0\x00\x00\x00\x01\x00\xfc\xff\x00\x00\x00\x00"
    "\x00\x00\xc0\xff\x00\x00\x00\x00\xf5\xff\xff\xff\x0a\x00\x00\x00\x2f\x00\xff\xff\xd0\xff\x00\x00\x01\x00\x00\xfc\x00\x00\x00\x00"
    "\xfe\xff\xff\xff\x00\x00\x00\x00\xf9\xff\xff\xff\x06\x00\x00\x00\xfd\xff\xff\xff\x02\x00\x00\x00\xf5\xff\xff\xff\x00\x00\x00\x00"
    "\xa4\xff\xff\xff\x58\x00\x00\x00\xfc\xff\xff\xff\x03\x00\x00\x00\xa4\xff\xff\xff\x58\x00\x00\x00\x90\xfe\xff\xff\x60\x01\x00\x00"
    "\x00\x00\xff\xff\x00\x00\x00\x00\xba\xfb\xff\xff\x45\x04\x00\x00\xae\xb8\xff\xff\x51\x47\x00\x00\x00\x00\x00\xf8\x00\x00\x00\x00"
    "\xf8\xff\xff\xff\x00\x00\x00\x00\xe7\xff\xff\xff\x18\x00\x00\x00\xe7\xff\xff\xff\x00\x00\x00\x00\x07\xff\xff\xff\x00\x00\x00\x00"
    "\xfc\xff\xff\xff\x00\x00\x00\x00\xf9\xff\xff\xff\x06\x00\x00\x00\xf8\xff\xff\xff\x00\x00\x00\x00\xe0\xff\xff\xff\x00\x00\x00\x00"
    "\x00\x00\xfe\xff\x00\x00\x00\x00\x17\xfc\xff\xff\xe8\x03\x00\x00\x00\xe0\xff\xff\x00\x00\x00\x00\x00\x00\x00\xf8\x00\x00\x00\x00"
    "\x00\xf8\xff\xff\x00\x00\x00\x00\xe6\xff\xff\xff\x19\x00\x00\x00\xfa\xff\xff\xff\x05\x00\x00\x00\x00\x00\xff\xff\x00\x00\x00\x00"
    "\x00\x00\xff\xff\x00\x00\x00\x00\xf3\xff\xff\xff\x0c\x00\x00\x00\xf3\xff\xff\xff\x0c\x00\x00\x00\x03\x00\xf0\xff\x00\x00\x00\x00"
    "\x00\xc0\xff\xff\x00\x00\x00\x00\x91\xff\xff\xff\x6e\x00\x00\x00\x03\xc0\xff\xff\x00\x00\x00\x00\x01\x00\xe0\xff\x00\x00\x00\x00"
    "\x00\x00\xfe\xff\x00\x00\x00\x00\xf5\xff\xff\xff\x0a\x00\x00\x00\xf0\xff\xff\xff\x0f\x00\x00\x00\x00\x00\xe0\xff\x01\x00\x00\x00"
    "\xf8\xff\xff\xff\x00\x00\x00\x00\xfc\xff\xff\xff\x03\x00\x00\x00\xdb\xff\xff\xff\x24\x00\x00\x00\xc0\xff\xff\xff\x20\x00\x00\x00"
    "\xf8\xff\xff\xff\x00\x00\x00\x00\xfc\xff\xff\xff\x03\x00\x00\x00\xda\xff\xff\xff\x25\x00\x00\x00\xc0\xff\xff\xff\x20\x00\x00\x00"
    "\xf8\xff\xff\xff\x00\x00\x00\x00\xfc\xff\xff\xff\x03\x00\x00\x00\xd9\xff\xff\xff\x26\x00\x00\x00\xc0\xff\xff\xff\x20\x00\x00\x00"
    "\xc0\xff\xff\xff\x00\x00\x00\x00\xe7\x99\xff\xff\x18\x66\x00\x00\x07\x00\xfe\xff\x00\x00\x00\x00\x07\x00\xe0\xff\x00\x00\x00\x00"
    "\x00\xfe\xff\xff\x00\x00\x00\x00\x02\xff\xff\xff\xfd\x00\x00\x00\x00\xfe\xff\xff\x00\x00\x00\x00\x00\x00\xfe\xff\x00\x00\x00\x00"
    "\xfc\xff\xff\xff\x00\x00\x00\x00\xf9\xff\xff\xff\x06\x00\x00\x00\xfb\xff\xff\xff\x04\x00\x00\x00\xe1\xff\xff\xff\x00\x00\x00\x00"
    "\xfc\xff\xff\xff\x00\x00\x00\x00\xf9\xff\xff\xff\x06\x00\x00\x00\xfa\xff\xff\xff\x05\x00\x00\x00\xe0\xff\xff\xff\x01\x00\x00\x00"
    "\xf0\xff\xff\xff\x00\x00\x00\x00\xf5\xff\xff\xff\x0a\x00\x00\x00\x9b\xff\xff\xff\x64\x00\x00\x00\x01\xff\xff\xff\x00\x00\x00\x00"
    "\x01\x00\xfe\xff\x00\x00\x00\x00\xf0\xff\xff\xff\x00\x00\x00\x00\xfc\xff\xff\xff\x03\x00\x00\x00\x00\x00\xe0\xff\x01\x00\x00\x00"
    "\x81\xff\xff\xff\x00\x00\x00\x00\x00\xfc\xff\xff\x00\x00\x00\x00\xf8\xff\xff\xff\x07\x00\x00\x00\x00\x00\xfe\xff\x01\x00\x00\x00"
    "\x80\xff\xff\xff\x00\x00\x00\x00\xf3\xff\xff\xff\x0c\x00\x00\x00\x03\xfe\xff\xff\x00\x00\x00\x00\x03\xf8\xff\xff\x00\x00\x00\x00"
    "\xf0\xff\xff\xff\x00\x00\x00\x00\x5f\x79\xfe\xff\xa0\x86\x01\x00\xdd\xff\xff\xff\x22\x00\x00\x00\x1d\x00\xe0\xff\x02\x00\x00\x00"
    "\x00\x00\x00\x00\x00\x00\x00\x00\xfa\xff\x3f\xff\x05\x00\xc0\x00\xe2\xeb\x6c\xff\x1d\x14\x93\x00\x00\xe8\x2c\x80\x00\x14\x13\x00"
    "\xe0\xff\xff\xff\x00\x00\x00\x00\xfa\xff\xff\xff\x05\x00\x00\x00\xf5\xff\xff\xff\x0a\x00\x00\x00\x00\xff\xff\xff\x00\x00\x00\x00"
    "\xc0\xff\xff\xff\x00\x00\x00\x00\x13\xfb\xff\xff\xec\x04\x00\x00\x01\xf8\xff\xff\x00\x00\x00\x00\x01\x00\xfe\xff\x00\x00\x00\x00"
    "\x00\x00\xfe\xff\x00\x00\x00\x00\xfc\xff\xff\xff\x03\x00\x00\x00\xfe\xff\xff\xff\x01\x00\x00\x00\x00\x00\xf8\xff\x00\x00\x00\x00"
    "\xe3\xff\xff\xff\x08\x00\x00\x00\xdb\xc5\xff\xff\x24\x3a\x00\x00\xdb\xc5\xff\xff\x24\x3a\x00\x00\x2b\x00\xf8\xff\x04\x00\x00\x00"
    "\xe3\xff\xff\xff\x08\x00\x00\x00\xdb\xc5\xff\xff\x24\x3a\x00\x00\x93\x51\xff\xff\x6c\xae\x00\x00\x23\x80\xf8\xff\x0c\x00\x02\x00"
    "\xfc\xff\xff\xff\x00\x00\x00\x00\x00\x00\xff\xff\x00\x00\x00\x00\xfc\xff\xff\xff\x00\x00\x00\x00\x00\x00\xfc\xff\x00\x00\x00\x00"
    "\xf0\xff\xff\xff\x00\x00\x00\x00\xf0\xff\xff\xff\x0f\x00\x00\x00\xf0\xff\xff\xff\x00\x00\x00\x00\x00\xff\xff\xff\x00\x00\x00\x00"
    "\x00\xfc\xff\xff\x00\x00\x00\x00\xfa\xff\xff\xff\x05\x00\x00\x00\xf8\xff\xff\xff\x00\x00\x00\x00\x00\xe0\xff\xff\x00\x00\x00\x00"
    "\x00\xff\xff\xff\x00\x00\x00\x00\xf9\xff\xff\xff\x06\x00\x00\x00\xe5\xff\xff\xff\x1a\x00\x00\x00\x01\xf8\xff\xff\x00\x00\x00\x00"
    "\x00\xff\xff\xff\x00\x00\x00\x00\x8f\xff\xff\xff\x70\x00\x00\x00\x90\xff\xff\xff\x6f\x00\x00\x00\x00\x80\xff\xff\x0f\x00\x00\x00"
    "\xf0\xff\xff\xff\x00\x00\x00\x00\xf4\xff\xff\xff\x0b\x00\x00\x00\xf0\xff\xff\xff\x00\x00\x00\x00\x00\xff\xff\xff\x00\x00\x00\x00"
    "\xf9\xff\xff\xff\x00\x00\x00\x00\x00\x00\xff\xff\x00\x00\x00\x00\xf9\xff\xff\xff\x00\x00\x00\x00\x01\x00\xf8\xff\x00\x00\x00\x00"
    "\xf8\xff\xff\xff\x00\x00\x00\x00\x00\x00\xff\xff\x00\x00\x00\x00\xfb\xff\xff\xff\x00\x00\x00\x00\x00\x00\xf8\xff\x00\x00\x00\x00"
    "\xc3\xff\xff\xff\x00\x00\x00\x00\x00\xff\xff\xff\x00\x00\x00\x00\xe0\xff\xff\xff\x03\x00\x00\x00\x00\xc0\xff\xff\x03\x00\x00\x00"
    "\xc0\xff\xff\xff\x00\x00\x00\x00\xfc\xff\xff\xff\x03\x00\x00\x00\xfe\xff\xff\xff\x01\x00\x00\x00\x00\xff\xff\xff\x00\x00\x00\x00"
    "\xc0\xff\xff\xff\x00\x00\x00\x00\xfc\xff\xff\xff\x03\x00\x00\x00\xfd\xff\xff\xff\x02\x00\x00\x00\x00\xff\xff\xff\x00\x00\x00\x00"
    "\x00\x00\xfe\xff\x00\x00\x00\x00\xf8\xff\xff\xff\x07\x00\x00\x00\xfe\xff\xff\xff\x01\x00\x00\x00\x00\x00\xf0\xff\x00\x00\x00\x00"
    "\x00\x00\xfe\xff\x00\x00\x00\x00\xf8\xff\xff\xff\x07\x00\x00\x00\xfd\xff\xff\xff\x02\x00\x00\x00\x00\x00\xf0\xff\x00\x00\x00\x00"
    "\xfc\xff\xff\xff\x00\x00\x00\x00\xfc\xff\xff\xff\x03\x00\x00\x00\xfb\xff\xff\xff\x04\x00\x00\x00\xf0\xff\xff\xff\x00\x00\x00\x00"
    "\xfc\xff\xff\xff\x00\x00\x00\x00\xfc\xff\xff\xff\x03\x00\x00\x00\xfa\xff\xff\xff\x05\x00\x00\x00\xf0\xff\xff\xff\x00\x00\x00\x00"
    "\xfe\xff\xff\xff\x00\x00\x00\x00\xe7\xff\xff\xff\x18\x00\x00\x00\xf7\xff\xff\xff\x08\x00\x00\x00\xd7\xff\xff\xff\x00\x00\x00\x00"
    "\x00\x00\xff\xff\x00\x00\x00\x00\xe7\xff\xff\xff\x18\x00\x00\x00\xe7\xff\xff\xff\x18\x00\x00\x00\x07\x00\xe0\xff\x00\x00\x00\x00"
    "\xe0\xff\xff\xff\x00\x00\x00\x00\xe5\xff\xff\xff\x1a\x00\x00\x00\xe0\xff\xff\xff\x00\x00\x00\x00\x00\xfc\xff\xff\x00\x00\x00\x00"
    "\x01\x00\xfc\xff\x00\x00\x00\x00\xfe\xfe\xff\xff\x01\x01\x00\x00\xff\xfb\xff\xff\x00\x04\x00\x00\x01\x00\x00\xf8\x00\x00\x00\x00"
    "\x00\x00\xfc\xff\x00\x00\x00\x00\xfe\xfe\xff\xff\x01\x01\x00\x00\xff\xfb\xff\xff\x00\x04\x00\x00\x00\x00\x00\xf8\x00\x00\x00\x00"
    "\xf8\xff\xff\xff\x00\x00\x00\x00\x3f\xff\xff\xff\xc0\x00\x00\x00\x4f\xff\xff\xff\xb0\x00\x00\x00\x0f\xf8\xff\xff\x30\x00\x00\x00"
    "\xf8\xff\xff\xff\x00\x00\x00\x00\xd7\xff\xff\xff\x28\x00\x00\x00\xf7\xff\xff\xff\x08\x00\x00\x00\x07\xfe\xff\xff\x00\x00\x00\x00"
    "\xf8\xff\xff\xff\x00\x00\x00\x00\xd7\xff\xff\xff\x28\x00\x00\x00\xdf\xff\xff\xff\x20\x00\x00\x00\x07\xfe\xff\xff\x00\x00\x00\x00"
    "\x00\x00\xf8\xff\x00\x00\x00\x00\xfc\xff\xff\xff\x03\x00\x00\x00\xfc\xff\xff\xff\x00\x00\x00\x00\x00\x00\xe0\xff\x00\x00\x00\x00"
    "\xf0\xff\xff\xff\x00\x00\x00\x00\xeb\xff\xff\xff\x14\x00\x00\x00\xe0\xff\xff\xff\x00\x00\x00\x00\x00\xfe\xff\xff\x00\x00\x00\x00"
    "\xfc\xff\xff\xff\x00\x00\x00\x00\xf3\xff\xff\xff\x0c\x00\x00\x00\xfb\xff\xff\xff\x04\x00\x00\x00\xc3\xff\xff\xff\x00\x00\x00\x00"
    "\xfc\xff\xff\xff\x00\x00\x00\x00\xf3\xff\xff\xff\x0c\x00\x00\x00\xfa\xff\xff\xff\x05\x00\x00\x00\xc2\xff\xff\xff\x01\x00\x00\x00"
    "\xfc\xff\xff\xff\x00\x00\x00\x00\xf3\xff\xff\xff\x0c\x00\x00\x00\xf9\xff\xff\xff\x06\x00\x00\x00\xc1\xff\xff\xff\x02\x00\x00\x00"
    "\xfc\xff\xff\xff\x00\x00\x00\x00\xf3\xff\xff\xff\x0c\x00\x00\x00\xf8\xff\xff\xff\x07\x00\x00\x00\xc0\xff\xff\xff\x03\x00\x00\x00"
    "\xfc\xff\xff\xff\x00\x00\x00\x00\xf3\xff\xff\xff\x0c\x00\x00\x00\xf7\xff\xff\xff\x08\x00\x00\x00\xc3\xff\xff\xff\x00\x00\x00\x00"
    "\xfc\xff\xff\xff\x00\x00\x00\x00\xf3\xff\xff\xff\x0c\x00\x00\x00\xf6\xff\xff\xff\x09\x00\x00\x00\xc2\xff\xff\xff\x01\x00\x00\x00"
    "\xfc\xff\xff\xff\x00\x00\x00\x00\xf3\xff\xff\xff\x0c\x00\x00\x00\xf5\xff\xff\xff\x0a\x00\x00\x00\xc1\xff\xff\xff\x02\x00\x00\x00"
    "\xfc\xff\xff\xff\x00\x00\x00\x00\xf3\xff\xff\xff\x0c\x00\x00\x00\xf4\xff\xff\xff\x0b\x00\x00\x00\xc0\xff\xff\xff\x03\x00\x00\x00"
    "\x00\xc0\xff\xff\x00\x00\x00\x00\xfc\xff\xff\xff\x03\x00\x00\x00\xfe\xff\xff\xff\x01\x00\x00\x00\x00\x00\xff\xff\x00\x00\x00\x00"
    "\x00\xc0\xff\xff\x00\x00\x00\x00\xfc\xff\xff\xff\x03\x00\x00\x00\xfd\xff\xff\xff\x02\x00\x00\x00\x00\x00\xff\xff\x00\x00\x00\x00"
    "\x01\x01\xff\xff\x00\x00\x00\x00\xfc\xff\xff\xff\x03\x00\x00\x00\xfd\xff\xff\xff\x02\x00\x00\x00\x01\x00\xfc\xff\x00\x00\x00\x00"
    "\x80\xff\xff\xff\x00\x00\x00\x00\x17\xfc\xff\xff\xe8\x03\x00\x00\x00\xfc\xff\xff\x00\x00\x00\x00\x00\x00\xfe\xff\x00\x00\x00\x00"
    "\xe0\xff\xff\xff\x00\x00\x00\x00\xef\xf1\xff\xff\x10\x0e\x00\x00\x00\xf0\xff\xff\x00\x00\x00\x00\x00\x00\xfe\xff\x00\x00\x00\x00"
    "\x00\x80\xff\xff\x00\x00\x00\x00\xfc\xff\xff\xff\x03\x00\x00\x00\xef\xff\xff\xff\x10\x00\x00\x00\x00\x00\xfe\xff\x00\x00\x00\x00"
    "\x00\x00\xff\xff\x00\x00\x00\x00\xf8\xff\xff\xff\x07\x00\x00\x00\xfe\xff\xff\xff\x01\x00\x00\x00\x00\x00\xf8\xff\x00\x00\x00\x00"
    "\xfc\xff\xff\xff\x00\x00\x00\x00\x9b\xff\xff\xff\x64\x00\x00\x00\x81\xff\xff\xff\x00\x00\x00\x00\x01\xfe\xff\xff\x00\x00\x00\x00"
    "\xc0\xff\xff\xff\x00\x00\x00\x00\xfc\xff\xff\xff\x03\x00\x00\x00\xfa\xff\xff\xff\x05\x00\x00\x00\x00\xff\xff\xff\x00\x00\x00\x00"
    "\xfc\xff\xff\xff\x00\x00\x00\x00\xf9\xff\xff\xff\x06\x00\x00\x00\xfd\xff\xff\xff\x02\x00\x00\x00\xe1\xff\xff\xff\x00\x00\x00\x00"
    "\xfc\xff\xff\xff\x00\x00\x00\x00\xf9\xff\xff\xff\x06\x00\x00\x00\xfc\xff\xff\xff\x03\x00\x00\x00\xe0\xff\xff\xff\x01\x00\x00\x00"
    "\xf8\xff\xff\xff\x01\x00\x00\x00\xf3\xff\xff\xff\x0c\x00\x00\x00\xfb\xff\xff\xff\x04\x00\x00\x00\x87\xff\xff\xff\x00\x00\x00\x00"
    "\x80\xff\xff\xff\x00\x00\x00\x00\x00\xe0\xff\xff\x00\x00\x00\x00\xf8\xff\xff\xff\x07\x00\x00\x00\x00\x00\xf0\xff\x00\x00\x00\x00"
    "\x01\x00\xe0\xff\x00\x00\x00\x00\x81\xff\xff\xff\x00\x00\x00\x00\xf8\xff\xff\xff\x07\x00\x00\x00\x00\x00\x00\xf0\x03\x00\x00\x00"
    "\x00\xff\xff\xff\x00\x00\x00\x00\x9b\xff\xff\xff\x64\x00\x00\x00\x00\xff\xff\xff\x00\x00\x00\x00\x00\x80\xff\xff\x00\x00\x00\x00"
    "\xfc\xff\xff\xff\x00\x00\x00\x00\xe7\xff\xff\xff\x18\x00\x00\x00\xe7\xff\xff\xff\x18\x00\x00\x00\x87\xff\xff\xff\x00\x00\x00\x00"
    "\xe0\xff\xff\xff\x00\x00\x00\x00\xd7\xff\xff\xff\x28\x00\x00\x00\xef\xff\xff\xff\x10\x00\x00\x00\x07\xf8\xff\xff\x00\x00\x00\x00"
    "\x00\x00\xff\xff\x00\x00\x00\x00\x00\xf8\xff\xff\x00\x00\x00\x00\xff\xfb\xff\xff\x00\x04\x00\x00\x00\x00\x00\xf8\x00\x00\x00\x00"
    "\xe3\xff\xff\xff\x08\x00\x00\x00\x6f\x17\xff\xff\x90\xe8\x00\x00\x6f\x17\xff\xff\x90\xe8\x00\x00\xaf\x00\xe0\xff\x10\x00\x00\x00"
    "\xe3\xff\xff\xff\x08\x00\x00\x00\x6f\x17\xff\xff\x90\xe8\x00\x00\x4f\x46\xfd\xff\xb0\xb9\x02\x00\x8f\x00\xe2\xff\x30\x00\x08\x00"
    "\x00\xfc\xff\xff\x00\x00\x00\x00\x37\xfe\xff\xff\xc8\x01\x00\x00\x84\xff\xff\xff\x7b\x00\x00\x00\x04\x00\xf8\xff\x03\x00\x00\x00"
    "\x00\xff\xff\xff\x00\x00\x00\x00\xe7\xff\xff\xff\x18\x00\x00\x00\xb7\xff\xff\xff\x48\x00\x00\x00\x07\xe0\xff\xff\x00\x00\x00\x00"
    "\x00\xfe\xff\xff\x00\x00\x00\x00\x00\xff\xff\xff\x00\x00\x00\x00\x7f\xff\xff\xff\x80\x00\x00\x00\x00\x00\xfe\xff\x00\x00\x00\x00"
    "\xf8\xff\xff\xff\x00\x00\x00\x00\xf3\xff\xff\xff\x0c\x00\x00\x00\xf3\xff\xff\xff\x0c\x00\x00\x00\x83\xff\xff\xff\x00\x00\x00\x00"
    "\x00\x00\xfc\xff\x00\x00\x00\x00\x9f\xff\xff\xff\x60\x00\x00\x00\x9f\xff\xff\xff\x60\x00\x00\x00\x1f\x00\x00\xfe\x00\x00\x00\x00"
    "\xf0\xff\xff\xff\x00\x00\x00\x00\xf5\xff\xff\xff\x0a\x00\x00\x00\xf5\xff\xff\xff\x0a\x00\x00\x00\x01\xff\xff\xff\x00\x00\x00\x00"
    "\xfe\xff\xff\xff\x00\x00\x00\x00\xf9\xff\xff\xff\x06\x00\x00\x00\xfc\xff\xff\xff\x03\x00\x00\x00\xf4\xff\xff\xff\x01\x00\x00\x00"
    "\xfe\xff\xff\xff\x00\x00\x00\x00\xf9\xff\xff\xff\x06\x00\x00\x00\xf9\xff\xff\xff\x06\x00\x00\x00\xf1\xff\xff\xff\x04\x00\x00\x00"
    "\xfe\xff\xff\xff\x00\x00\x00\x00\xf9\xff\xff\xff\x06\x00\x00\x00\xf8\xff\xff\xff\x07\x00\x00\x00\xf0\xff\xff\xff\x05\x00\x00\x00"
    "\x00\xff\xff\xff\x00\x00\x00\x00\xd7\xff\xff\xff\x28\x00\x00\x00\xef\xff\xff\xff\x10\x00\x00\x00\x07\xc0\xff\xff\x00\x00\x00\x00"
    "\x00\xff\xff\xff\x00\x00\x00\x00\x9b\xff\xff\xff\x64\x00\x00\x00\x01\xff\xff\xff\xfe\x00\x00\x00\x01\x80\xff\xff\x02\x00\x00\x00"
    "\xf0\xff\xff\xff\x00\x00\x00\x00\xaf\xff\xff\xff\x50\x00\x00\x00\xbf\xff\xff\xff\x40\x00\x00\x00\x0f\xf8\xff\xff\x00\x00\x00\x00"
    "\xfe\xff\xff\xff\x00\x00\x00\x00\xc7\xff\xff\xff\x38\x00\x00\x00\xe7\xff\xff\xff\x18\x00\x00\x00\xa7\xff\xff\xff\x10\x00\x00\x00"
    "\xf0\xff\xff\xff\x00\x00\x00\x00\xf3\xff\xff\xff\x0c\x00\x00\x00\xf7\xff\xff\xff\x08\x00\x00\x00\x03\xff\xff\xff\x00\x00\x00\x00"
    "\xfc\xff\xff\xff\x00\x00\x00\x00\xe7\xff\xff\xff\x18\x00\x00\x00\xdf\xfe\xff\xff\x20\x01\x00\x00\x87\xfe\xff\xff\x00\x01\x00\x00"
    "\xfc\xff\xff\xff\x00\x00\x00\x00\xe7\xff\xff\xff\x18\x00\x00\x00\xd7\xfe\xff\xff\x28\x01\x00\x00\x87\xfe\xff\xff\x00\x01\x00\x00"
    "\x00\x00\xff\xff\x00\x00\x00\x00\xf9\xff\xff\xff\x06\x00\x00\x00\xfd\xff\xff\xff\x02\x00\x00\x00\x01\x00\xf8\xff\x00\x00\x00\x00"
    "\xf8\xff\xff\xff\x00\x00\x00\x00\xcb\xff\xff\xff\x34\x00\x00\x00\xcb\xff\xff\xff\x34\x00\x00\x00\x03\xfe\xff\xff\x00\x00\x00\x00"
    "\xf3\xff\xff\xff\x00\x00\x00\x00\xf2\xff\xff\xff\x0d\x00\x00\x00\xf8\xff\xff\xff\x05\x00\x00\x00\x00\xff\xff\xff\x01\x00\x00\x00"
    "\xe0\xff\xff\xff\x00\x00\x00\x00\xe7\xff\xff\xff\x18\x00\x00\x00\xc0\xff\xff\xff\x00\x00\x00\x00\x00\xfc\xff\xff\x00\x00\x00\x00"
    "\x00\xff\xff\xff\x00\x00\x00\x00\x7f\xfb\xff\xff\x80\x04\x00\x00\x07\xf8\xff\xff\x00\x00\x00\x00\x07\x00\xf8\xff\x00\x00\x00\x00"
    "\xf0\xff\xff\xff\x00\x00\x00\x00\xe0\xff\xff\xff\x1f\x00\x00\x00\xde\xff\xff\xff\x21\x00\x00\x00\x00\xfe\xff\xff\x00\x00\x00\x00"
    "\x00\x00\xfe\xff\x00\x00\x00\x00\xe7\xff\xff\xff\x18\x00\x00\x00\xb7\xff\xff\xff\x48\x00\x00\x00\x07\x00\xc0\xff\x00\x00\x00\x00"
    "\xe0\xff\xff\xff\x00\x00\x00\x00\x00\xff\xff\xff\x00\x00\x00\x00\xf7\xff\xff\xff\x08\x00\x00\x00\x00\xe0\xff\xff\x00\x00\x00\x00"
    "\xc0\xff\xff\xff\x00\x00\x00\x00\xe1\xff\xff\xff\x00\x00\x00\x00\xfc\xff\xff\xff\x03\x00\x00\x00\x00\xf8\xff\xff\x01\x00\x00\x00"
    "\x00\xff\xff\xff\x00\x00\x00\x00\xf3\xff\xff\xff\x0c\x00\x00\x00\x03\xfc\xff\xff\x00\x00\x00\x00\x03\xf0\xff\xff\x00\x00\x00\x00"
    "\xfc\xff\xff\xff\x00\x00\x00\x00\xe7\xff\xff\xff\x18\x00\x00\x00\xf6\xff\xff\xff\x09\x00\x00\x00\x86\xff\xff\xff\x01\x00\x00\x00"
    "\xfc\xff\xff\xff\x00\x00\x00\x00\xe7\xff\xff\xff\x18\x00\x00\x00\xf5\xff\xff\xff\x0a\x00\x00\x00\x85\xff\xff\xff\x02\x00\x00\x00"
    "\xfc\xff\xff\xff\x00\x00\x00\x00\xe7\xff\xff\xff\x18\x00\x00\x00\xf4\xff\xff\xff\x0b\x00\x00\x00\x84\xff\xff\xff\x03\x00\x00\x00"
    "\xfc\xff\xff\xff\x00\x00\x00\x00\xe7\xff\xff\xff\x18\x00\x00\x00\xf3\xff\xff\xff\x0c\x00\x00\x00\x83\xff\xff\xff\x04\x00\x00\x00"
    "\xfc\xff\xff\xff\x00\x00\x00\x00\xe7\xff\xff\xff\x18\x00\x00\x00\xf2\xff\xff\xff\x0d\x00\x00\x00\x82\xff\xff\xff\x05\x00\x00\x00"
    "\xfc\xff\xff\xff\x00\x00\x00\x00\xe7\xff\xff\xff\x18\x00\x00\x00\xf1\xff\xff\xff\x0e\x00\x00\x00\x81\xff\xff\xff\x06\x00\x00\x00"
    "\xfc\xff\xff\xff\x00\x00\x00\x00\xe7\xff\xff\xff\x18\x00\x00\x00\xf0\xff\xff\xff\x0f\x00\x00\x00\x80\xff\xff\xff\x07\x00\x00\x00"
    "\xfc\xff\xff\xff\x00\x00\x00\x00\xe7\xff\xff\xff\x18\x00\x00\x00\xee\xff\xff\xff\x11\x00\x00\x00\x86\xff\xff\xff\x01\x00\x00\x00"
    "\xfc\xff\xff\xff\x00\x00\x00\x00\xe7\xff\xff\xff\x18\x00\x00\x00\xed\xff\xff\xff\x12\x00\x00\x00\x85\xff\xff\xff\x02\x00\x00\x00"
    "\xfc\xff\xff\xff\x00\x00\x00\x00\xe7\xff\xff\xff\x18\x00\x00\x00\xec\xff\xff\xff\x13\x00\x00\x00\x84\xff\xff\xff\x03\x00\x00\x00"
    "\xfc\xff\xff\xff\x00\x00\x00\x00\xe7\xff\xff\xff\x18\x00\x00\x00\xe9\xff\xff\xff\x16\x00\x00\x00\x81\xff\xff\xff\x06\x00\x00\x00"
    "\xfc\xff\xff\xff\x00\x00\x00\x00\xe7\xff\xff\xff\x18\x00\x00\x00\xe8\xff\xff\xff\x17\x00\x00\x00\x80\xff\xff\xff\x07\x00\x00\x00"
    "\xfc\xff\xff\xff\x00\x00\x00\x00\x5f\x79\xfe\xff\xa0\x86\x01\x00\x8c\xf4\xff\xff\x73\x0b\x00\x00\x0c\x60\xf8\xff\x13\x00\x00\x00"
    "\xfc\xff\xff\xff\x00\x00\x00\x00\x5f\x79\xfe\xff\xa0\x86\x01\x00\x89\xf4\xff\xff\x76\x0b\x00\x00\x09\x60\xf8\xff\x16\x00\x00\x00"
    "\xf8\xff\xff\xff\x00\x00\x00\x00\x5f\x79\xfe\xff\xa0\x86\x01\x00\x44\xf3\xff\xff\xbb\x0c\x00\x00\x04\x40\xf0\xff\x1b\x00\x00\x00"
    "\xf8\xff\xff\xff\x00\x00\x00\x00\x5f\x79\xfe\xff\xa0\x86\x01\x00\x40\xf3\xff\xff\xbf\x0c\x00\x00\x00\x40\xf0\xff\x1f\x00\x00\x00"
    "\xf8\xff\xff\xff\x00\x00\x00\x00\x5f\x79\xfe\xff\xa0\x86\x01\x00\x3c\xf3\xff\xff\xc3\x0c\x00\x00\x1c\x40\xf0\xff\x03\x00\x00\x00"
    "\xf8\xff\xff\xff\x00\x00\x00\x00\x5f\x79\xfe\xff\xa0\x86\x01\x00\x38\xf3\xff\xff\xc7\x0c\x00\x00\x18\x40\xf0\xff\x07\x00\x00\x00"
    "\xf8\xff\xff\xff\x00\x00\x00\x00\x5f\x79\xfe\xff\xa0\x86\x01\x00\x33\xf3\xff\xff\xcc\x0c\x00\x00\x13\x40\xf0\xff\x0c\x00\x00\x00"
    "\xf8\xff\xff\xff\x00\x00\x00\x00\x5f\x79\xfe\xff\xa0\x86\x01\x00\x30\xf3\xff\xff\xcf\x0c\x00\x00\x10\x40\xf0\xff\x0f\x00\x00\x00"
    "\xf8\xff\xff\xff\x00\x00\x00\x00\x5f\x79\xfe\xff\xa0\x86\x01\x00\x78\xf2\xff\xff\x87\x0d\x00\x00\x18\x40\xf0\xff\x07\x00\x00\x00"
    "\xf8\xff\xff\xff\x00\x00\x00\x00\x5f\x79\xfe\xff\xa0\x86\x01\x00\x75\xf2\xff\xff\x8a\x0d\x00\x00\x15\x40\xf0\xff\x0a\x00\x00\x00"
    "\xf8\xff\xff\xff\x00\x00\x00\x00\x5f\x79\xfe\xff\xa0\x86\x01\x00\x72\xf2\xff\xff\x8d\x0d\x00\x00\x12\x40\xf0\xff\x0d\x00\x00\x00"
    "\xf8\xff\xff\xff\x00\x00\x00\x00\x5f\x79\xfe\xff\xa0\x86\x01\x00\x6f\xf2\xff\xff\x90\x0d\x00\x00\x0f\x40\xf0\xff\x10\x00\x00\x00"
    "\xf8\xff\xff\xff\x00\x00\x00\x00\x5f\x79\xfe\xff\xa0\x86\x01\x00\x6b\xf2\xff\xff\x94\x0d\x00\x00\x0b\x40\xf0\xff\x14\x00\x00\x00"
    "\xf8\xff\xff\xff\x00\x00\x00\x00\x5f\x79\xfe\xff\xa0\x86\x01\x00\x69\xf2\xff\xff\x96\x0d\x00\x00\x09\x40\xf0\xff\x16\x00\x00\x00"
    "\xf8\xff\xff\xff\x00\x00\x00\x00\x5f\x79\xfe\xff\xa0\x86\x01\x00\x41\xa6\xff\xff\xbe\x59\x00\x00\x01\x00\xf0\xff\x1e\x00\x00\x00"
    "\xf0\xff\xff\xff\x00\x00\x00\x00\x5f\x79\xfe\xff\xa0\x86\x01\x00\x79\xf4\xff\xff\x86\x0b\x00\x00\x19\x00\xe0\xff\x06\x00\x00\x00"
    "\xf0\xff\xff\xff\x00\x00\x00\x00\x5f\x79\xfe\xff\xa0\x86\x01\x00\xf3\xe7\xff\xff\x0c\x18\x00\x00\x13\x00\xe0\xff\x0c\x00\x00\x00"
    "\xf0\xff\xff\xff\x00\x00\x00\x00\x5f\x79\xfe\xff\xa0\x86\x01\x00\xf0\xe7\xff\xff\x0f\x18\x00\x00\x10\x00\xe0\xff\x0f\x00\x00\x00"
    "\xf0\xff\xff\xff\x00\x00\x00\x00\x5f\x79\xfe\xff\xa0\x86\x01\x00\xed\xe7\xff\xff\x12\x18\x00\x00\x0d\x00\xe0\xff\x12\x00\x00\x00"
    "\xf0\xff\xff\xff\x00\x00\x00\x00\x5f\x79\xfe\xff\xa0\x86\x01\x00\xe8\xe7\xff\xff\x17\x18\x00\x00\x08\x00\xe0\xff\x17\x00\x00\x00"
    "\xf0\xff\xff\xff\x00\x00\x00\x00\x5f\x79\xfe\xff\xa0\x86\x01\x00\xe6\xe7\xff\xff\x19\x18\x00\x00\x06\x00\xe0\xff\x19\x00\x00\x00"
    "\xf0\xff\xff\xff\x00\x00\x00\x00\x5f\x79\xfe\xff\xa0\x86\x01\x00\xe1\xe7\xff\xff\x1e\x18\x00\x00\x01\x00\xe0\xff\x1e\x00\x00\x00"
    "\xf0\xff\xff\xff\x00\x00\x00\x00\x5f\x79\xfe\xff\xa0\x86\x01\x00\xdd\xe7\xff\xff\x22\x18\x00\x00\x1d\x00\xe0\xff\x02\x00\x00\x00"
    "\xf0\xff\xff\xff\x00\x00\x00\x00\x5f\x79\xfe\xff\xa0\x86\x01\x00\xdb\xe7\xff\xff\x24\x18\x00\x00\x1b\x00\xe0\xff\x04\x00\x00\x00"
    "\xf0\xff\xff\xff\x00\x00\x00\x00\x5f\x79\xfe\xff\xa0\x86\x01\x00\xd7\xe7\xff\xff\x28\x18\x00\x00\x17\x00\xe0\xff\x08\x00\x00\x00"
    "\xf0\xff\xff\xff\x00\x00\x00\x00\x5f\x79\xfe\xff\xa0\x86\x01\x00\xd5\xe7\xff\xff\x2a\x18\x00\x00\x15\x00\xe0\xff\x0a\x00\x00\x00"
    "\xf0\xff\xff\xff\x00\x00\x00\x00\x5f\x79\xfe\xff\xa0\x86\x01\x00\xce\xe7\xff\xff\x31\x18\x00\x00\x0e\x00\xe0\xff\x11\x00\x00\x00"
    "\xf0\xff\xff\xff\x00\x00\x00\x00\x5f\x79\xfe\xff\xa0\x86\x01\x00\xc9\xe7\xff\xff\x36\x18\x00\x00\x09\x00\xe0\xff\x16\x00\x00\x00"
    "\xf0\xff\xff\xff\x00\x00\x00\x00\x5f\x79\xfe\xff\xa0\x86\x01\x00\x48\xa6\xff\xff\xb7\x59\x00\x00\x08\x00\xe0\xff\x17\x00\x00\x00"
    "\xe0\xff\xff\xff\x00\x00\x00\x00\x5f\x79\xfe\xff\xa0\x86\x01\x00\xcb\xe0\xff\xff\x34\x1f\x00\x00\x0b\x00\xc0\xff\x14\x00\x00\x00"
    "\xe0\xff\xff\xff\x00\x00\x00\x00\x5f\x79\xfe\xff\xa0\x86\x01\x00\xc8\xe0\xff\xff\x37\x1f\x00\x00\x08\x00\xc0\xff\x17\x00\x00\x00"
    "\xc0\xff\xff\xff\x00\x00\x00\x00\x5f\x79\xfe\xff\xa0\x86\x01\x00\x81\xf4\xff\xff\x7e\x0b\x00\x00\x01\x00\x80\xff\x1e\x00\x00\x00"
    "\x80\xff\xff\xff\x00\x00\x00\x00\x5f\x79\xfe\xff\xa0\x86\x01\x00\xa1\xe0\xff\xff\x5e\x1f\x00\x00\x01\x00\x00\xff\x1e\x00\x00\x00"
    "\x80\xff\xff\xff\x00\x00\x00\x00\x5f\x79\xfe\xff\xa0\x86\x01\x00\x9e\xe0\xff\xff\x61\x1f\x00\x00\x1e\x00\x00\xff\x01\x00\x00\x00"
    "\x00\xff\xff\xff\x00\x00\x00\x00\x5f\x79\xfe\xff\xa0\x86\x01\x00\x71\xf4\xff\xff\x8e\x0b\x00\x00\x11\x00\x00\xfe\x0e\x00\x00\x00"
    "\x00\xff\xff\xff\x00\x00\x00\x00\x5f\x79\xfe\xff\xa0\x86\x01\x00\xb2\xdf\xff\xff\x4d\x20\x00\x00\x12\x00\x00\xfe\x0d\x00\x00\x00"
    "\x00\xff\xff\xff\x00\x00\x00\x00\x5f\x79\xfe\xff\xa0\x86\x01\x00\xaa\xdf\xff\xff\x55\x20\x00\x00\x0a\x00\x00\xfe\x15\x00\x00\x00"
    "\x00\xff\xff\xff\x00\x00\x00\x00\x5f\x79\xfe\xff\xa0\x86\x01\x00\xa5\xdf\xff\xff\x5a\x20\x00\x00\x05\x00\x00\xfe\x1a\x00\x00\x00"
    "\x00\xff\xff\xff\x00\x00\x00\x00\x5f\x79\xfe\xff\xa0\x86\x01\x00\xa2\xdf\xff\xff\x5d\x20\x00\x00\x02\x00\x00\xfe\x1d\x00\x00\x00"
    "\x00\xf8\xff\xff\x00\x00\x00\x00\x5f\x79\xfe\xff\xa0\x86\x01\x00\xc0\xf5\xff\xff\x3f\x0a\x00\x00\x00\x00\x00\xf0\x1f\x00\x00\x00"
    "\x00\xf8\xff\xff\x00\x00\x00\x00\x5f\x79\xfe\xff\xa0\x86\x01\x00\xb1\xf5\xff\xff\x4e\x0a\x00\x00\x11\x00\x00\xf0\x0e\x00\x00\x00"
    "\x00\xf8\xff\xff\x00\x00\x00\x00\x5f\x79\xfe\xff\xa0\x86\x01\x00\xf4\xf4\xff\xff\x0b\x0b\x00\x00\x14\x00\x00\xf0\x0b\x00\x00\x00"
    "\x00\xf8\xff\xff\x00\x00\x00\x00\x5f\x79\xfe\xff\xa0\x86\x01\x00\xf0\xf4\xff\xff\x0f\x0b\x00\x00\x10\x00\x00\xf0\x0f\x00\x00\x00"
    "\x00\xf8\xff\xff\x00\x00\x00\x00\x5f\x79\xfe\xff\xa0\x86\x01\x00\xec\xf4\xff\xff\x13\x0b\x00\x00\x0c\x00\x00\xf0\x13\x00\x00\x00"
    "\x00\xf8\xff\xff\x00\x00\x00\x00\x5f\x79\xfe\xff\xa0\x86\x01\x00\xe8\xf4\xff\xff\x17\x0b\x00\x00\x08\x00\x00\xf0\x17\x00\x00\x00"
    "\x00\xf8\xff\xff\x00\x00\x00\x00\x5f\x79\xfe\xff\xa0\x86\x01\x00\xe2\xf4\xff\xff\x1d\x0b\x00\x00\x02\x00\x00\xf0\x1d\x00\x00\x00"
    "\x00\xf8\xff\xff\x00\x00\x00\x00\x5f\x79\xfe\xff\xa0\x86\x01\x00\xe0\xf4\xff\xff\x1f\x0b\x00\x00\x00\x00\x00\xf0\x1f\x00\x00\x00"
    "\x00\xf8\xff\xff\x00\x00\x00\x00\x5f\x79\xfe\xff\xa0\x86\x01\x00\xaf\xf4\xff\xff\x50\x0b\x00\x00\x0f\x00\x00\xf0\x10\x00\x00\x00"
    "\x00\xf8\xff\xff\x00\x00\x00\x00\x5f\x79\xfe\xff\xa0\x86\x01\x00\xab\xf4\xff\xff\x54\x0b\x00\x00\x0b\x00\x00\xf0\x14\x00\x00\x00"
    "\x00\xf8\xff\xff\x00\x00\x00\x00\x5f\x79\xfe\xff\xa0\x86\x01\x00\xa7\xf4\xff\xff\x58\x0b\x00\x00\x07\x00\x00\xf0\x18\x00\x00\x00"
    "\x00\xf8\xff\xff\x00\x00\x00\x00\x5f\x79\xfe\xff\xa0\x86\x01\x00\xa1\xf4\xff\xff\x5e\x0b\x00\x00\x01\x00\x00\xf0\x1e\x00\x00\x00"
    "\x00\xf8\xff\xff\x00\x00\x00\x00\x5f\x79\xfe\xff\xa0\x86\x01\x00\x9b\xf4\xff\xff\x64\x0b\x00\x00\x1b\x00\x00\xf0\x04\x00\x00\x00"
    "\x00\xf8\xff\xff\x00\x00\x00\x00\x5f\x79\xfe\xff\xa0\x86\x01\x00\x96\xf4\xff\xff\x69\x0b\x00\x00\x16\x00\x00\xf0\x09\x00\x00\x00"
    "\x00\xf8\xff\xff\x00\x00\x00\x00\x5f\x79\xfe\xff\xa0\x86\x01\x00\x92\xf4\xff\xff\x6d\x0b\x00\x00\x12\x00\x00\xf0\x0d\x00\x00\x00"
    "\x00\xf8\xff\xff\x00\x00\x00\x00\x5f\x79\xfe\xff\xa0\x86\x01\x00\x68\xf4\xff\xff\x97\x0b\x00\x00\x08\x00\x00\xf0\x17\x00\x00\x00"
    "\x00\xf8\xff\xff\x00\x00\x00\x00\x5f\x79\xfe\xff\xa0\x86\x01\x00\x64\xf4\xff\xff\x9b\x0b\x00\x00\x04\x00\x00\xf0\x1b\x00\x00\x00"
    "\x00\xf8\xff\xff\x00\x00\x00\x00\x5f\x79\xfe\xff\xa0\x86\x01\x00\x60\xf4\xff\xff\x9f\x0b\x00\x00\x00\x00\x00\xf0\x1f\x00\x00\x00"
    "\x00\xf8\xff\xff\x00\x00\x00\x00\x5f\x79\xfe\xff\xa0\x86\x01\x00\x5c\xf4\xff\xff\xa3\x0b\x00\x00\x1c\x00\x00\xf0\x03\x00\x00\x00"
    "\x00\xf8\xff\xff\x00\x00\x00\x00\x5f\x79\xfe\xff\xa0\x86\x01\x00\x58\xf4\xff\xff\xa7\x0b\x00\x00\x18\x00\x00\xf0\x07\x00\x00\x00"
    "\x00\xf8\xff\xff\x00\x00\x00\x00\x5f\x79\xfe\xff\xa0\x86\x01\x00\x54\xf4\xff\xff\xab\x0b\x00\x00\x14\x00\x00\xf0\x0b\x00\x00\x00"
    "\x00\xf8\xff\xff\x00\x00\x00\x00\x5f\x79\xfe\xff\xa0\x86\x01\x00\x50\xf4\xff\xff\xaf\x0b\x00\x00\x10\x00\x00\xf0\x0f\x00\x00\x00"
    "\x00\xf8\xff\xff\x00\x00\x00\x00\x5f\x79\xfe\xff\xa0\x86\x01\x00\x49\xf4\xff\xff\xb6\x0b\x00\x00\x09\x00\x00\xf0\x16\x00\x00\x00"
    "\x00\xf8\xff\xff\x00\x00\x00\x00\x5f\x79\xfe\xff\xa0\x86\x01\x00\x45\xf4\xff\xff\xba\x0b\x00\x00\x05\x00\x00\xf0\x1a\x00\x00\x00"
    "\x00\xf8\xff\xff\x00\x00\x00\x00\x5f\x79\xfe\xff\xa0\x86\x01\x00\x41\xf4\xff\xff\xbe\x0b\x00\x00\x01\x00\x00\xf0\x1e\x00\x00\x00"
    "\x00\xf8\xff\xff\x00\x00\x00\x00\x5f\x79\xfe\xff\xa0\x86\x01\x00\xfe\xf3\xff\xff\x01\x0c\x00\x00\x1e\x00\x00\xf0\x01\x00\x00\x00"
    "\x00\xf8\xff\xff\x00\x00\x00\x00\x5f\x79\xfe\xff\xa0\x86\x01\x00\xf9\xf3\xff\xff\x06\x0c\x00\x00\x19\x00\x00\xf0\x06\x00\x00\x00"
    "\x00\xf8\xff\xff\x00\x00\x00\x00\x5f\x79\xfe\xff\xa0\x86\x01\x00\xf7\xf3\xff\xff\x08\x0c\x00\x00\x17\x00\x00\xf0\x08\x00\x00\x00"
    "\x00\xf8\xff\xff\x00\x00\x00\x00\x5f\x79\xfe\xff\xa0\x86\x01\x00\xf3\xf3\xff\xff\x0c\x0c\x00\x00\x13\x00\x00\xf0\x0c\x00\x00\x00"
    "\x00\xf8\xff\xff\x00\x00\x00\x00\x5f\x79\xfe\xff\xa0\x86\x01\x00\xea\xf3\xff\xff\x15\x0c\x00\x00\x0a\x00\x00\xf0\x15\x00\x00\x00"
    "\x00\xf8\xff\xff\x00\x00\x00\x00\x5f\x79\xfe\xff\xa0\x86\x01\x00\x4f\xf3\xff\xff\xb0\x0c\x00\x00\x0f\x00\x00\xf0\x10\x00\x00\x00"
    "\x00\xf8\xff\xff\x00\x00\x00\x00\x5f\x79\xfe\xff\xa0\x86\x01\x00\x4b\xf3\xff\xff\xb4\x0c\x00\x00\x0b\x00\x00\xf0\x14\x00\x00\x00"
    "\x00\xf8\xff\xff\x00\x00\x00\x00\x5f\x79\xfe\xff\xa0\x86\x01\x00\x1c\xf3\xff\xff\xe3\x0c\x00\x00\x1c\x00\x00\xf0\x03\x00\x00\x00"
    "\x00\xf8\xff\xff\x00\x00\x00\x00\x5f\x79\xfe\xff\xa0\x86\x01\x00\x18\xf3\xff\xff\xe7\x0c\x00\x00\x18\x00\x00\xf0\x07\x00\x00\x00"
    "\x00\xf8\xff\xff\x00\x00\x00\x00\x5f\x79\xfe\xff\xa0\x86\x01\x00\x83\xf2\xff\xff\x7c\x0d\x00\x00\x03\x00\x00\xf0\x1c\x00\x00\x00"
    "\x00\xf8\xff\xff\x00\x00\x00\x00\x5f\x79\xfe\xff\xa0\x86\x01\x00\x7f\xf2\xff\xff\x80\x0d\x00\x00\x1f\x00\x00\xf0\x00\x00\x00\x00"
    "\x00\xf8\xff\xff\x00\x00\x00\x00\x5f\x79\xfe\xff\xa0\x86\x01\x00\x49\xf2\xff\xff\xb6\x0d\x00\x00\x09\x00\x00\xf0\x16\x00\x00\x00"
    "\x00\xf8\xff\xff\x00\x00\x00\x00\x5f\x79\xfe\xff\xa0\x86\x01\x00\x45\xf2\xff\xff\xba\x0d\x00\x00\x05\x00\x00\xf0\x1a\x00\x00\x00"
    "\x00\xf8\xff\xff\x00\x00\x00\x00\x5f\x79\xfe\xff\xa0\x86\x01\x00\x43\xf1\xff\xff\xbc\x0e\x00\x00\x03\x00\x00\xf0\x1c\x00\x00\x00"
    "\x00\xf8\xff\xff\x00\x00\x00\x00\x5f\x79\xfe\xff\xa0\x86\x01\x00\x3f\xf1\xff\xff\xc0\x0e\x00\x00\x1f\x00\x00\xf0\x00\x00\x00\x00"
    "\x00\xf8\xff\xff\x00\x00\x00\x00\x5f\x79\xfe\xff\xa0\x86\x01\x00\xd6\xf0\xff\xff\x29\x0f\x00\x00\x16\x00\x00\xf0\x09\x00\x00\x00"
    "\x00\xf8\xff\xff\x00\x00\x00\x00\x5f\x79\xfe\xff\xa0\x86\x01\x00\xd1\xf0\xff\xff\x2e\x0f\x00\x00\x11\x00\x00\xf0\x0e\x00\x00\x00"
    "\x00\xf8\xff\xff\x00\x00\x00\x00\x5f\x79\xfe\xff\xa0\x86\x01\x00\xcb\xf0\xff\xff\x34\x0f\x00\x00\x0b\x00\x00\xf0\x14\x00\x00\x00"
    "\x00\xf8\xff\xff\x00\x00\x00\x00\x5f\x79\xfe\xff\xa0\x86\x01\x00\xc4\xf0\xff\xff\x3b\x0f\x00\x00\x04\x00\x00\xf0\x1b\x00\x00\x00"
    "\x00\xf8\xff\xff\x00\x00\x00\x00\x5f\x79\xfe\xff\xa0\x86\x01\x00\x57\xf0\xff\xff\xa8\x0f\x00\x00\x17\x00\x00\xf0\x08\x00\x00\x00"
    "\x00\xf8\xff\xff\x00\x00\x00\x00\x5f\x79\xfe\xff\xa0\x86\x01\x00\x53\xf0\xff\xff\xac\x0f\x00\x00\x13\x00\x00\xf0\x0c\x00\x00\x00"
    "\x00\xf8\xff\xff\x00\x00\x00\x00\x5f\x79\xfe\xff\xa0\x86\x01\x00\xdd\xef\xff\xff\x22\x10\x00\x00\x1d\x00\x00\xf0\x02\x00\x00\x00"
    "\x00\xf8\xff\xff\x00\x00\x00\x00\x5f\x79\xfe\xff\xa0\x86\x01\x00\xd9\xef\xff\xff\x26\x10\x00\x00\x19\x00\x00\xf0\x06\x00\x00\x00"
    "\x00\xf8\xff\xff\x00\x00\x00\x00\x5f\x79\xfe\xff\xa0\x86\x01\x00\xd3\xef\xff\xff\x2c\x10\x00\x00\x13\x00\x00\xf0\x0c\x00\x00\x00"
    "\x00\xf8\xff\xff\x00\x00\x00\x00\x5f\x79\xfe\xff\xa0\x86\x01\x00\xcc\xef\xff\xff\x33\x10\x00\x00\x0c\x00\x00\xf0\x13\x00\x00\x00"
    "\x00\xf8\xff\xff\x00\x00\x00\x00\x5f\x79\xfe\xff\xa0\x86\x01\x00\x61\xef\xff\xff\x9e\x10\x00\x00\x01\x00\x00\xf0\x1e\x00\x00\x00"
    "\x00\xf8\xff\xff\x00\x00\x00\x00\x5f\x79\xfe\xff\xa0\x86\x01\x00\x5d\xef\xff\xff\xa2\x10\x00\x00\x1d\x00\x00\xf0\x02\x00\x00\x00"
    "\x00\xf8\xff\xff\x00\x00\x00\x00\x5f\x79\xfe\xff\xa0\x86\x01\x00\x53\xef\xff\xff\xac\x10\x00\x00\x13\x00\x00\xf0\x0c\x00\x00\x00"
    "\x00\xf8\xff\xff\x00\x00\x00\x00\x5f\x79\xfe\xff\xa0\x86\x01\x00\xff\xee\xff\xff\x00\x11\x00\x00\x1f\x00\x00\xf0\x00\x00\x00\x00"
    "\x00\xf8\xff\xff\x00\x00\x00\x00\x5f\x79\xfe\xff\xa0\x86\x01\x00\xfb\xee\xff\xff\x04\x11\x00\x00\x1b\x00\x00\xf0\x04\x00\x00\x00"
    "\x00\xf8\xff\xff\x00\x00\x00\x00\x5f\x79\xfe\xff\xa0\x86\x01\x00\xc3\xee\xff\xff\x3c\x11\x00\x00\x03\x00\x00\xf0\x1c\x00\x00\x00"
    "\x00\xf8\xff\xff\x00\x00\x00\x00\x5f\x79\xfe\xff\xa0\x86\x01\x00\xbf\xee\xff\xff\x40\x11\x00\x00\x1f\x00\x00\xf0\x00\x00\x00\x00"
    "\x00\xf8\xff\xff\x00\x00\x00\x00\x5f\x79\xfe\xff\xa0\x86\x01\x00\xb5\xee\xff\xff\x4a\x11\x00\x00\x15\x00\x00\xf0\x0a\x00\x00\x00"
    "\x00\xf8\xff\xff\x00\x00\x00\x00\x5f\x79\xfe\xff\xa0\x86\x01\x00\x66\xee\xff\xff\x99\x11\x00\x00\x06\x00\x00\xf0\x19\x00\x00\x00"
    "\x00\xf8\xff\xff\x00\x00\x00\x00\x5f\x79\xfe\xff\xa0\x86\x01\x00\x62\xee\xff\xff\x9d\x11\x00\x00\x02\x00\x00\xf0\x1d\x00\x00\x00"
    "\x00\xf8\xff\xff\x00\x00\x00\x00\x5f\x79\xfe\xff\xa0\x86\x01\x00\x2a\xee\xff\xff\xd5\x11\x00\x00\x0a\x00\x00\xf0\x15\x00\x00\x00"
    "\x00\xf8\xff\xff\x00\x00\x00\x00\x5f\x79\xfe\xff\xa0\x86\x01\x00\x26\xee\xff\xff\xd9\x11\x00\x00\x06\x00\x00\xf0\x19\x00\x00\x00"
    "\x00\xf8\xff\xff\x00\x00\x00\x00\x5f\x79\xfe\xff\xa0\x86\x01\x00\x1c\xee\xff\xff\xe3\x11\x00\x00\x1c\x00\x00\xf0\x03\x00\x00\x00"
    "\x00\xf8\xff\xff\x00\x00\x00\x00\x5f\x79\xfe\xff\xa0\x86\x01\x00\xdd\xed\xff\xff\x22\x12\x00\x00\x1d\x00\x00\xf0\x02\x00\x00\x00"
    "\x00\xf8\xff\xff\x00\x00\x00\x00\x5f\x79\xfe\xff\xa0\x86\x01\x00\xd9\xed\xff\xff\x26\x12\x00\x00\x19\x00\x00\xf0\x06\x00\x00\x00"
    "\x00\xf8\xff\xff\x00\x00\x00\x00\x5f\x79\xfe\xff\xa0\x86\x01\x00\xa5\xed\xff\xff\x5a\x12\x00\x00\x05\x00\x00\xf0\x1a\x00\x00\x00"
    "\x00\xf8\xff\xff\x00\x00\x00\x00\x5f\x79\xfe\xff\xa0\x86\x01\x00\xa1\xed\xff\xff\x5e\x12\x00\x00\x01\x00\x00\xf0\x1e\x00\x00\x00"
    "\x00\xf8\xff\xff\x00\x00\x00\x00\x5f\x79\xfe\xff\xa0\x86\x01\x00\x6d\xed\xff\xff\x92\x12\x00\x00\x0d\x00\x00\xf0\x12\x00\x00\x00"
    "\x00\xf8\xff\xff\x00\x00\x00\x00\x5f\x79\xfe\xff\xa0\x86\x01\x00\x4a\xed\xff\xff\xb5\x12\x00\x00\x0a\x00\x00\xf0\x15\x00\x00\x00"
    "\x00\xf8\xff\xff\x00\x00\x00\x00\x5f\x79\xfe\xff\xa0\x86\x01\x00\x46\xed\xff\xff\xb9\x12\x00\x00\x06\x00\x00\xf0\x19\x00\x00\x00"
    "\x00\xf8\xff\xff\x00\x00\x00\x00\x5f\x79\xfe\xff\xa0\x86\x01\x00\x03\xed\xff\xff\xfc\x12\x00\x00\x03\x00\x00\xf0\x1c\x00\x00\x00"
    "\x00\xf8\xff\xff\x00\x00\x00\x00\x5f\x79\xfe\xff\xa0\x86\x01\x00\xe5\xec\xff\xff\x1a\x13\x00\x00\x05\x00\x00\xf0\x1a\x00\x00\x00"
    "\x00\xf8\xff\xff\x00\x00\x00\x00\x5f\x79\xfe\xff\xa0\x86\x01\x00\xe1\xec\xff\xff\x1e\x13\x00\x00\x01\x00\x00\xf0\x1e\x00\x00\x00"
    "\x00\xf8\xff\xff\x00\x00\x00\x00\x5f\x79\xfe\xff\xa0\x86\x01\x00\x81\xec\xff\xff\x7e\x13\x00\x00\x01\x00\x00\xf0\x1e\x00\x00\x00"
    "\x00\xf8\xff\xff\x00\x00\x00\x00\x5f\x79\xfe\xff\xa0\x86\x01\x00\x58\xec\xff\xff\xa7\x13\x00\x00\x18\x00\x00\xf0\x07\x00\x00\x00"
    "\x00\xf8\xff\xff\x00\x00\x00\x00\x5f\x79\xfe\xff\xa0\x86\x01\x00\x54\xec\xff\xff\xab\x13\x00\x00\x14\x00\x00\xf0\x0b\x00\x00\x00"
    "\x00\xf8\xff\xff\x00\x00\x00\x00\x5f\x79\xfe\xff\xa0\x86\x01\x00\x17\xec\xff\xff\xe8\x13\x00\x00\x17\x00\x00\xf0\x08\x00\x00\x00"
    "\x00\xf8\xff\xff\x00\x00\x00\x00\x5f\x79\xfe\xff\xa0\x86\x01\x00\xf2\xeb\xff\xff\x0d\x14\x00\x00\x12\x00\x00\xf0\x0d\x00\x00\x00"
    "\x00\xf8\xff\xff\x00\x00\x00\x00\x5f\x79\xfe\xff\xa0\x86\x01\x00\xee\xeb\xff\xff\x11\x14\x00\x00\x0e\x00\x00\xf0\x11\x00\x00\x00"
    "\x00\xf8\xff\xff\x00\x00\x00\x00\x5f\x79\xfe\xff\xa0\x86\x01\x00\x1f\xe8\xff\xff\xe0\x17\x00\x00\x1f\x00\x00\xf0\x00\x00\x00\x00"
    "\x00\xf8\xff\xff\x00\x00\x00\x00\x5f\x79\xfe\xff\xa0\x86\x01\x00\x1c\xe8\xff\xff\xe3\x17\x00\x00\x1c\x00\x00\xf0\x03\x00\x00\x00"
    "\x00\xf8\xff\xff\x00\x00\x00\x00\x5f\x79\xfe\xff\xa0\x86\x01\x00\x19\xe8\xff\xff\xe6\x17\x00\x00\x19\x00\x00\xf0\x06\x00\x00\x00"
    "\x00\xf8\xff\xff\x00\x00\x00\x00\x5f\x79\xfe\xff\xa0\x86\x01\x00\x16\xe8\xff\xff\xe9\x17\x00\x00\x16\x00\x00\xf0\x09\x00\x00\x00"
    "\x00\xf8\xff\xff\x00\x00\x00\x00\x5f\x79\xfe\xff\xa0\x86\x01\x00\x13\xe8\xff\xff\xec\x17\x00\x00\x13\x00\x00\xf0\x0c\x00\x00\x00"
    "\x00\xf8\xff\xff\x00\x00\x00\x00\x5f\x79\xfe\xff\xa0\x86\x01\x00\x10\xe8\xff\xff\xef\x17\x00\x00\x10\x00\x00\xf0\x0f\x00\x00\x00"
    "\x00\xf8\xff\xff\x00\x00\x00\x00\x5f\x79\xfe\xff\xa0\x86\x01\x00\x0d\xe8\xff\xff\xf2\x17\x00\x00\x0d\x00\x00\xf0\x12\x00\x00\x00"
    "\x00\xf8\xff\xff\x00\x00\x00\x00\x5f\x79\xfe\xff\xa0\x86\x01\x00\xb1\xe7\xff\xff\x4e\x18\x00\x00\x11\x00\x00\xf0\x0e\x00\x00\x00"
    "\x00\xf8\xff\xff\x00\x00\x00\x00\x5f\x79\xfe\xff\xa0\x86\x01\x00\x99\xe7\xff\xff\x66\x18\x00\x00\x19\x00\x00\xf0\x06\x00\x00\x00"
    "\x00\xf8\xff\xff\x00\x00\x00\x00\x5f\x79\xfe\xff\xa0\x86\x01\x00\x96\xe7\xff\xff\x69\x18\x00\x00\x16\x00\x00\xf0\x09\x00\x00\x00"
    "\x00\xf8\xff\xff\x00\x00\x00\x00\x5f\x79\xfe\xff\xa0\x86\x01\x00\x86\xe7\xff\xff\x79\x18\x00\x00\x06\x00\x00\xf0\x19\x00\x00\x00"
    "\x00\xf8\xff\xff\x00\x00\x00\x00\x5f\x79\xfe\xff\xa0\x86\x01\x00\x7b\xe7\xff\xff\x84\x18\x00\x00\x1b\x00\x00\xf0\x04\x00\x00\x00"
    "\x00\xf8\xff\xff\x00\x00\x00\x00\x5f\x79\xfe\xff\xa0\x86\x01\x00\x6f\xe7\xff\xff\x90\x18\x00\x00\x0f\x00\x00\xf0\x10\x00\x00\x00"
    "\x00\xf8\xff\xff\x00\x00\x00\x00\x5f\x79\xfe\xff\xa0\x86\x01\x00\x64\xe7\xff\xff\x9b\x18\x00\x00\x04\x00\x00\xf0\x1b\x00\x00\x00"
    "\x00\xf8\xff\xff\x00\x00\x00\x00\x5f\x79\xfe\xff\xa0\x86\x01\x00\x4d\xe7\xff\xff\xb2\x18\x00\x00\x0d\x00\x00\xf0\x12\x00\x00\x00"
    "\x00\xf8\xff\xff\x00\x00\x00\x00\x5f\x79\xfe\xff\xa0\x86\x01\x00\x42\xe7\xff\xff\xbd\x18\x00\x00\x02\x00\x00\xf0\x1d\x00\x00\x00"
    "\x00\xf8\xff\xff\x00\x00\x00\x00\x5f\x79\xfe\xff\xa0\x86\x01\x00\x3d\xe7\xff\xff\xc2\x18\x00\x00\x1d\x00\x00\xf0\x02\x00\x00\x00"
    "\x00\xf8\xff\xff\x00\x00\x00\x00\x5f\x79\xfe\xff\xa0\x86\x01\x00\x3a\xe7\xff\xff\xc5\x18\x00\x00\x1a\x00\x00\xf0\x05\x00\x00\x00"
    "\x00\xf8\xff\xff\x00\x00\x00\x00\x5f\x79\xfe\xff\xa0\x86\x01\x00\x12\xe7\xff\xff\xed\x18\x00\x00\x12\x00\x00\xf0\x0d\x00\x00\x00"
    "\x00\xf8\xff\xff\x00\x00\x00\x00\x5f\x79\xfe\xff\xa0\x86\x01\x00\xc1\xe6\xff\xff\x3e\x19\x00\x00\x01\x00\x00\xf0\x1e\x00\x00\x00"
    "\x00\xf8\xff\xff\x00\x00\x00\x00\x5f\x79\xfe\xff\xa0\x86\x01\x00\xbc\xe6\xff\xff\x43\x19\x00\x00\x1c\x00\x00\xf0\x03\x00\x00\x00"
    "\x00\xf8\xff\xff\x00\x00\x00\x00\x5f\x79\xfe\xff\xa0\x86\x01\x00\xb8\xe6\xff\xff\x47\x19\x00\x00\x18\x00\x00\xf0\x07\x00\x00\x00"
    "\x00\xf8\xff\xff\x00\x00\x00\x00\x5f\x79\xfe\xff\xa0\x86\x01\x00\xb5\xe6\xff\xff\x4a\x19\x00\x00\x15\x00\x00\xf0\x0a\x00\x00\x00"
    "\x00\xf8\xff\xff\x00\x00\x00\x00\x5f\x79\xfe\xff\xa0\x86\x01\x00\xab\xe6\xff\xff\x54\x19\x00\x00\x0b\x00\x00\xf0\x14\x00\x00\x00"
    "\x00\xf8\xff\xff\x00\x00\x00\x00\x5f\x79\xfe\xff\xa0\x86\x01\x00\x5e\xe6\xff\xff\xa1\x19\x00\x00\x1e\x00\x00\xf0\x01\x00\x00\x00"
    "\x00\xf8\xff\xff\x00\x00\x00\x00\x5f\x79\xfe\xff\xa0\x86\x01\x00\x50\xe6\xff\xff\xaf\x19\x00\x00\x10\x00\x00\xf0\x0f\x00\x00\x00"
    "\x00\xf8\xff\xff\x00\x00\x00\x00\x5f\x79\xfe\xff\xa0\x86\x01\x00\x4c\xe6\xff\xff\xb3\x19\x00\x00\x0c\x00\x00\xf0\x13\x00\x00\x00"
    "\x00\xf8\xff\xff\x00\x00\x00\x00\x5f\x79\xfe\xff\xa0\x86\x01\x00\x49\xe6\xff\xff\xb6\x19\x00\x00\x09\x00\x00\xf0\x16\x00\x00\x00"
    "\x00\xf8\xff\xff\x00\x00\x00\x00\x5f\x79\xfe\xff\xa0\x86\x01\x00\x3f\xe6\xff\xff\xc0\x19\x00\x00\x1f\x00\x00\xf0\x00\x00\x00\x00"
    "\x00\xf8\xff\xff\x00\x00\x00\x00\x5f\x79\xfe\xff\xa0\x86\x01\x00\xf1\xe5\xff\xff\x0e\x1a\x00\x00\x11\x00\x00\xf0\x0e\x00\x00\x00"
    "\x00\xf8\xff\xff\x00\x00\x00\x00\x5f\x79\xfe\xff\xa0\x86\x01\x00\xec\xe5\xff\xff\x13\x1a\x00\x00\x0c\x00\x00\xf0\x13\x00\x00\x00"
    "\x00\xf8\xff\xff\x00\x00\x00\x00\x5f\x79\xfe\xff\xa0\x86\x01\x00\xe8\xe5\xff\xff\x17\x1a\x00\x00\x08\x00\x00\xf0\x17\x00\x00\x00"
    "\x00\xf8\xff\xff\x00\x00\x00\x00\x5f\x79\xfe\xff\xa0\x86\x01\x00\xe5\xe5\xff\xff\x1a\x1a\x00\x00\x05\x00\x00\xf0\x1a\x00\x00\x00"
    "\x00\xf8\xff\xff\x00\x00\x00\x00\x5f\x79\xfe\xff\xa0\x86\x01\x00\xdb\xe5\xff\xff\x24\x1a\x00\x00\x1b\x00\x00\xf0\x04\x00\x00\x00"
    "\x00\xf8\xff\xff\x00\x00\x00\x00\x5f\x79\xfe\xff\xa0\x86\x01\x00\x62\xe5\xff\xff\x9d\x1a\x00\x00\x02\x00\x00\xf0\x1d\x00\x00\x00"
    "\x00\xf8\xff\xff\x00\x00\x00\x00\x5f\x79\xfe\xff\xa0\x86\x01\x00\x5b\xe5\xff\xff\xa4\x1a\x00\x00\x1b\x00\x00\xf0\x04\x00\x00\x00"
    "\x00\xf8\xff\xff\x00\x00\x00\x00\x5f\x79\xfe\xff\xa0\x86\x01\x00\x57\xe5\xff\xff\xa8\x1a\x00\x00\x17\x00\x00\xf0\x08\x00\x00\x00"
    "\x00\xf8\xff\xff\x00\x00\x00\x00\x5f\x79\xfe\xff\xa0\x86\x01\x00\x01\xe5\xff\xff\xfe\x1a\x00\x00\x01\x00\x00\xf0\x1e\x00\x00\x00"
    "\x00\xf8\xff\xff\x00\x00\x00\x00\x5f\x79\xfe\xff\xa0\x86\x01\x00\xfc\xe4\xff\xff\x03\x1b\x00\x00\x1c\x00\x00\xf0\x03\x00\x00\x00"
    "\x00\xf8\xff\xff\x00\x00\x00\x00\x5f\x79\xfe\xff\xa0\x86\x01\x00\xf8\xe4\xff\xff\x07\x1b\x00\x00\x18\x00\x00\xf0\x07\x00\x00\x00"
    "\x00\xf8\xff\xff\x00\x00\x00\x00\x5f\x79\xfe\xff\xa0\x86\x01\x00\xf5\xe4\xff\xff\x0a\x1b\x00\x00\x15\x00\x00\xf0\x0a\x00\x00\x00"
    "\x00\xf8\xff\xff\x00\x00\x00\x00\x5f\x79\xfe\xff\xa0\x86\x01\x00\xeb\xe4\xff\xff\x14\x1b\x00\x00\x0b\x00\x00\xf0\x14\x00\x00\x00"
    "\x00\xf8\xff\xff\x00\x00\x00\x00\x5f\x79\xfe\xff\xa0\x86\x01\x00\x90\xe4\xff\xff\x6f\x1b\x00\x00\x10\x00\x00\xf0\x0f\x00\x00\x00"
    "\x00\xf8\xff\xff\x00\x00\x00\x00\x5f\x79\xfe\xff\xa0\x86\x01\x00\x8b\xe4\xff\xff\x74\x1b\x00\x00\x0b\x00\x00\xf0\x14\x00\x00\x00"
    "\x00\xf8\xff\xff\x00\x00\x00\x00\x5f\x79\xfe\xff\xa0\x86\x01\x00\x87\xe4\xff\xff\x78\x1b\x00\x00\x07\x00\x00\xf0\x18\x00\x00\x00"
    "\x00\xf8\xff\xff\x00\x00\x00\x00\x5f\x79\xfe\xff\xa0\x86\x01\x00\x84\xe4\xff\xff\x7b\x1b\x00\x00\x04\x00\x00\xf0\x1b\x00\x00\x00"
    "\x00\xf8\xff\xff\x00\x00\x00\x00\x5f\x79\xfe\xff\xa0\x86\x01\x00\x7a\xe4\xff\xff\x85\x1b\x00\x00\x1a\x00\x00\xf0\x05\x00\x00\x00"
    "\x00\xf8\xff\xff\x00\x00\x00\x00\x5f\x79\xfe\xff\xa0\x86\x01\x00\xe5\xe3\xff\xff\x1a\x1c\x00\x00\x05\x00\x00\xf0\x1a\x00\x00\x00"
    "\x00\xf8\xff\xff\x00\x00\x00\x00\x5f\x79\xfe\xff\xa0\x86\x01\x00\xe0\xe3\xff\xff\x1f\x1c\x00\x00\x00\x00\x00\xf0\x1f\x00\x00\x00"
    "\x00\xf8\xff\xff\x00\x00\x00\x00\x5f\x79\xfe\xff\xa0\x86\x01\x00\xdc\xe3\xff\xff\x23\x1c\x00\x00\x1c\x00\x00\xf0\x03\x00\x00\x00"
    "\x00\xf8\xff\xff\x00\x00\x00\x00\x5f\x79\xfe\xff\xa0\x86\x01\x00\xd9\xe3\xff\xff\x26\x1c\x00\x00\x19\x00\x00\xf0\x06\x00\x00\x00"
    "\x00\xf8\xff\xff\x00\x00\x00\x00\x5f\x79\xfe\xff\xa0\x86\x01\x00\xcd\xe3\xff\xff\x32\x1c\x00\x00\x0d\x00\x00\xf0\x12\x00\x00\x00"
    "\x00\xf8\xff\xff\x00\x00\x00\x00\x5f\x79\xfe\xff\xa0\x86\x01\x00\x2a\xe1\xff\xff\xd5\x1e\x00\x00\x0a\x00\x00\xf0\x15\x00\x00\x00"
    "\x00\xf8\xff\xff\x00\x00\x00\x00\x5f\x79\xfe\xff\xa0\x86\x01\x00\x25\xe1\xff\xff\xda\x1e\x00\x00\x05\x00\x00\xf0\x1a\x00\x00\x00"
    "\x00\xf8\xff\xff\x00\x00\x00\x00\x5f\x79\xfe\xff\xa0\x86\x01\x00\x1f\xe1\xff\xff\xe0\x1e\x00\x00\x1f\x00\x00\xf0\x00\x00\x00\x00"
    "\x00\xf8\xff\xff\x00\x00\x00\x00\x5f\x79\xfe\xff\xa0\x86\x01\x00\x0c\xe1\xff\xff\xf3\x1e\x00\x00\x0c\x00\x00\xf0\x13\x00\x00\x00"
    "\x00\xf8\xff\xff\x00\x00\x00\x00\x5f\x79\xfe\xff\xa0\x86\x01\x00\x07\xe1\xff\xff\xf8\x1e\x00\x00\x07\x00\x00\xf0\x18\x00\x00\x00"
    "\x00\xf8\xff\xff\x00\x00\x00\x00\x5f\x79\xfe\xff\xa0\x86\x01\x00\x02\xe1\xff\xff\xfd\x1e\x00\x00\x02\x00\x00\xf0\x1d\x00\x00\x00"
    "\x00\xf8\xff\xff\x00\x00\x00\x00\x5f\x79\xfe\xff\xa0\x86\x01\x00\xf6\xe0\xff\xff\x09\x1f\x00\x00\x16\x00\x00\xf0\x09\x00\x00\x00"
    "\x00\xf8\xff\xff\x00\x00\x00\x00\x5f\x79\xfe\xff\xa0\x86\x01\x00\xf1\xe0\xff\xff\x0e\x1f\x00\x00\x11\x00\x00\xf0\x0e\x00\x00\x00"
    "\x00\xf8\xff\xff\x00\x00\x00\x00\x5f\x79\xfe\xff\xa0\x86\x01\x00\xeb\xe0\xff\xff\x14\x1f\x00\x00\x0b\x00\x00\xf0\x14\x00\x00\x00"
    "\x00\xf8\xff\xff\x00\x00\x00\x00\x5f\x79\xfe\xff\xa0\x86\x01\x00\xd8\xe0\xff\xff\x27\x1f\x00\x00\x18\x00\x00\xf0\x07\x00\x00\x00"
    "\x00\xf8\xff\xff\x00\x00\x00\x00\x5f\x79\xfe\xff\xa0\x86\x01\x00\xd3\xe0\xff\xff\x2c\x1f\x00\x00\x13\x00\x00\xf0\x0c\x00\x00\x00"
    "\x00\xf8\xff\xff\x00\x00\x00\x00\x5f\x79\xfe\xff\xa0\x86\x01\x00\xce\xe0\xff\xff\x31\x1f\x00\x00\x0e\x00\x00\xf0\x11\x00\x00\x00"
    "\x00\xf8\xff\xff\x00\x00\x00\x00\x5f\x79\xfe\xff\xa0\x86\x01\x00\xbf\xe0\xff\xff\x40\x1f\x00\x00\x1f\x00\x00\xf0\x00\x00\x00\x00"
    "\x00\xf8\xff\xff\x00\x00\x00\x00\x5f\x79\xfe\xff\xa0\x86\x01\x00\xbc\xe0\xff\xff\x43\x1f\x00\x00\x1c\x00\x00\xf0\x03\x00\x00\x00"
    "\x00\xf8\xff\xff\x00\x00\x00\x00\x5f\x79\xfe\xff\xa0\x86\x01\x00\xb8\xe0\xff\xff\x47\x1f\x00\x00\x18\x00\x00\xf0\x07\x00\x00\x00"
    "\x00\xf8\xff\xff\x00\x00\x00\x00\x5f\x79\xfe\xff\xa0\x86\x01\x00\xb5\xe0\xff\xff\x4a\x1f\x00\x00\x15\x00\x00\xf0\x0a\x00\x00\x00"
    "\x00\xf8\xff\xff\x00\x00\x00\x00\x5f\x79\xfe\xff\xa0\x86\x01\x00\xb0\xe0\xff\xff\x4f\x1f\x00\x00\x10\x00\x00\xf0\x0f\x00\x00\x00"
    "\x00\xf8\xff\xff\x00\x00\x00\x00\x5f\x79\xfe\xff\xa0\x86\x01\x00\xad\xe0\xff\xff\x52\x1f\x00\x00\x0d\x00\x00\xf0\x12\x00\x00\x00"
    "\x00\xf8\xff\xff\x00\x00\x00\x00\x5f\x79\xfe\xff\xa0\x86\x01\x00\xa7\xe0\xff\xff\x58\x1f\x00\x00\x07\x00\x00\xf0\x18\x00\x00\x00"
    "\x00\xf8\xff\xff\x00\x00\x00\x00\x5f\x79\xfe\xff\xa0\x86\x01\x00\xa4\xe0\xff\xff\x5b\x1f\x00\x00\x04\x00\x00\xf0\x1b\x00\x00\x00"
    "\x00\xf8\xff\xff\x00\x00\x00\x00\x5f\x79\xfe\xff\xa0\x86\x01\x00\x9b\xdf\xff\xff\x64\x20\x00\x00\x1b\x00\x00\xf0\x04\x00\x00\x00"
    "\x00\xf8\xff\xff\x00\x00\x00\x00\x5f\x79\xfe\xff\xa0\x86\x01\x00\x96\xdf\xff\xff\x69\x20\x00\x00\x16\x00\x00\xf0\x09\x00\x00\x00"
    "\x00\xf8\xff\xff\x00\x00\x00\x00\x5f\x79\xfe\xff\xa0\x86\x01\x00\x8b\xdf\xff\xff\x74\x20\x00\x00\x0b\x00\x00\xf0\x14\x00\x00\x00"
    "\x00\xf8\xff\xff\x00\x00\x00\x00\x5f\x79\xfe\xff\xa0\x86\x01\x00\xc1\xde\xff\xff\x3e\x21\x00\x00\x01\x00\x00\xf0\x1e\x00\x00\x00"
    "\x00\xf8\xff\xff\x00\x00\x00\x00\x5f\x79\xfe\xff\xa0\x86\x01\x00\xbc\xde\xff\xff\x43\x21\x00\x00\x1c\x00\x00\xf0\x03\x00\x00\x00"
    "\x00\xf8\xff\xff\x00\x00\x00\x00\x5f\x79\xfe\xff\xa0\x86\x01\x00\xb8\xde\xff\xff\x47\x21\x00\x00\x18\x00\x00\xf0\x07\x00\x00\x00"
    "\x00\xf8\xff\xff\x00\x00\x00\x00\x5f\x79\xfe\xff\xa0\x86\x01\x00\xb4\xde\xff\xff\x4b\x21\x00\x00\x14\x00\x00\xf0\x0b\x00\x00\x00"
    "\x00\xf8\xff\xff\x00\x00\x00\x00\x5f\x79\xfe\xff\xa0\x86\x01\x00\xb0\xde\xff\xff\x4f\x21\x00\x00\x10\x00\x00\xf0\x0f\x00\x00\x00"
    "\x00\xf8\xff\xff\x00\x00\x00\x00\x5f\x79\xfe\xff\xa0\x86\x01\x00\xac\xde\xff\xff\x53\x21\x00\x00\x0c\x00\x00\xf0\x13\x00\x00\x00"
    "\x00\xf8\xff\xff\x00\x00\x00\x00\x5f\x79\xfe\xff\xa0\x86\x01\x00\xa7\xde\xff\xff\x58\x21\x00\x00\x07\x00\x00\xf0\x18\x00\x00\x00"
    "\x00\xf8\xff\xff\x00\x00\x00\x00\x5f\x79\xfe\xff\xa0\x86\x01\x00\xa3\xde\xff\xff\x5c\x21\x00\x00\x03\x00\x00\xf0\x1c\x00\x00\x00"
    "\x00\xf8\xff\xff\x00\x00\x00\x00\x5f\x79\xfe\xff\xa0\x86\x01\x00\x9f\xde\xff\xff\x60\x21\x00\x00\x1f\x00\x00\xf0\x00\x00\x00\x00"
    "\x00\xf8\xff\xff\x00\x00\x00\x00\x5f\x79\xfe\xff\xa0\x86\x01\x00\x9b\xde\xff\xff\x64\x21\x00\x00\x1b\x00\x00\xf0\x04\x00\x00\x00"
    "\x00\xf8\xff\xff\x00\x00\x00\x00\x5f\x79\xfe\xff\xa0\x86\x01\x00\x97\xde\xff\xff\x68\x21\x00\x00\x17\x00\x00\xf0\x08\x00\x00\x00"
    "\x00\xf8\xff\xff\x00\x00\x00\x00\x5f\x79\xfe\xff\xa0\x86\x01\x00\x93\xde\xff\xff\x6c\x21\x00\x00\x13\x00\x00\xf0\x0c\x00\x00\x00"
    "\x00\xf8\xff\xff\x00\x00\x00\x00\x5f\x79\xfe\xff\xa0\x86\x01\x00\x8a\xde\xff\xff\x75\x21\x00\x00\x0a\x00\x00\xf0\x15\x00\x00\x00"
    "\x00\xf8\xff\xff\x00\x00\x00\x00\x5f\x79\xfe\xff\xa0\x86\x01\x00\x4b\xde\xff\xff\xb4\x21\x00\x00\x0b\x00\x00\xf0\x14\x00\x00\x00"
    "\x00\xf8\xff\xff\x00\x00\x00\x00\x5f\x79\xfe\xff\xa0\x86\x01\x00\x47\xde\xff\xff\xb8\x21\x00\x00\x07\x00\x00\xf0\x18\x00\x00\x00"
    "\x00\xf8\xff\xff\x00\x00\x00\x00\x5f\x79\xfe\xff\xa0\x86\x01\x00\x43\xde\xff\xff\xbc\x21\x00\x00\x03\x00\x00\xf0\x1c\x00\x00\x00"
    "\x00\xf8\xff\xff\x00\x00\x00\x00\x5f\x79\xfe\xff\xa0\x86\x01\x00\x40\xde\xff\xff\xbf\x21\x00\x00\x00\x00\x00\xf0\x1f\x00\x00\x00"
    "\x00\xf8\xff\xff\x00\x00\x00\x00\x5f\x79\xfe\xff\xa0\x86\x01\x00\x3d\xde\xff\xff\xc2\x21\x00\x00\x1d\x00\x00\xf0\x02\x00\x00\x00"
    "\x00\xf8\xff\xff\x00\x00\x00\x00\x5f\x79\xfe\xff\xa0\x86\x01\x00\x39\xde\xff\xff\xc6\x21\x00\x00\x19\x00\x00\xf0\x06\x00\x00\x00"
    "\x00\xf8\xff\xff\x00\x00\x00\x00\x5f\x79\xfe\xff\xa0\x86\x01\x00\x35\xde\xff\xff\xca\x21\x00\x00\x15\x00\x00\xf0\x0a\x00\x00\x00"
    "\x00\xf8\xff\xff\x00\x00\x00\x00\x5f\x79\xfe\xff\xa0\x86\x01\x00\x31\xde\xff\xff\xce\x21\x00\x00\x11\x00\x00\xf0\x0e\x00\x00\x00"
    "\x00\xf8\xff\xff\x00\x00\x00\x00\x5f\x79\xfe\xff\xa0\x86\x01\x00\x2e\xde\xff\xff\xd1\x21\x00\x00\x0e\x00\x00\xf0\x11\x00\x00\x00"
    "\x00\xf8\xff\xff\x00\x00\x00\x00\x5f\x79\xfe\xff\xa0\x86\x01\x00\x2b\xde\xff\xff\xd4\x21\x00\x00\x0b\x00\x00\xf0\x14\x00\x00\x00"
    "\x00\xf8\xff\xff\x00\x00\x00\x00\x5f\x79\xfe\xff\xa0\x86\x01\x00\x20\xde\xff\xff\xdf\x21\x00\x00\x00\x00\x00\xf0\x1f\x00\x00\x00"
    "\x00\xf8\xff\xff\x00\x00\x00\x00\x5f\x79\xfe\xff\xa0\x86\x01\x00\x1c\xde\xff\xff\xe3\x21\x00\x00\x1c\x00\x00\xf0\x03\x00\x00\x00"
    "\x00\xf8\xff\xff\x00\x00\x00\x00\x5f\x79\xfe\xff\xa0\x86\x01\x00\x17\xde\xff\xff\xe8\x21\x00\x00\x17\x00\x00\xf0\x08\x00\x00\x00"
    "\x00\xf8\xff\xff\x00\x00\x00\x00\x5f\x79\xfe\xff\xa0\x86\x01\x00\x13\xde\xff\xff\xec\x21\x00\x00\x13\x00\x00\xf0\x0c\x00\x00\x00"
    "\x00\xf8\xff\xff\x00\x00\x00\x00\x5f\x79\xfe\xff\xa0\x86\x01\x00\x0f\xde\xff\xff\xf0\x21\x00\x00\x0f\x00\x00\xf0\x10\x00\x00\x00"
    "\x00\xf8\xff\xff\x00\x00\x00\x00\x5f\x79\xfe\xff\xa0\x86\x01\x00\x05\xde\xff\xff\xfa\x21\x00\x00\x05\x00\x00\xf0\x1a\x00\x00\x00"
    "\x00\xf8\xff\xff\x00\x00\x00\x00\x5f\x79\xfe\xff\xa0\x86\x01\x00\x02\xde\xff\xff\xfd\x21\x00\x00\x02\x00\x00\xf0\x1d\x00\x00\x00"
    "\x00\xf8\xff\xff\x00\x00\x00\x00\x5f\x79\xfe\xff\xa0\x86\x01\x00\xf8\xdd\xff\xff\x07\x22\x00\x00\x18\x00\x00\xf0\x07\x00\x00\x00"
    "\x00\xf8\xff\xff\x00\x00\x00\x00\x5f\x79\xfe\xff\xa0\x86\x01\x00\xef\xdd\xff\xff\x10\x22\x00\x00\x0f\x00\x00\xf0\x10\x00\x00\x00"
    "\x00\xf8\xff\xff\x00\x00\x00\x00\x5f\x79\xfe\xff\xa0\x86\x01\x00\xec\xdd\xff\xff\x13\x22\x00\x00\x0c\x00\x00\xf0\x13\x00\x00\x00"
    "\x00\xf8\xff\xff\x00\x00\x00\x00\x5f\x79\xfe\xff\xa0\x86\x01\x00\xe3\xdd\xff\xff\x1c\x22\x00\x00\x03\x00\x00\xf0\x1c\x00\x00\x00"
    "\x00\xf8\xff\xff\x00\x00\x00\x00\x5f\x79\xfe\xff\xa0\x86\x01\x00\xe0\xdd\xff\xff\x1f\x22\x00\x00\x00\x00\x00\xf0\x1f\x00\x00\x00"
    "\x00\xf8\xff\xff\x00\x00\x00\x00\x5f\x79\xfe\xff\xa0\x86\x01\x00\xd5\xdd\xff\xff\x2a\x22\x00\x00\x15\x00\x00\xf0\x0a\x00\x00\x00"
    "\x00\xf8\xff\xff\x00\x00\x00\x00\x5f\x79\xfe\xff\xa0\x86\x01\x00\xcc\xdd\xff\xff\x33\x22\x00\x00\x0c\x00\x00\xf0\x13\x00\x00\x00"
    "\x00\xf8\xff\xff\x00\x00\x00\x00\x5f\x79\xfe\xff\xa0\x86\x01\x00\xc9\xdd\xff\xff\x36\x22\x00\x00\x09\x00\x00\xf0\x16\x00\x00\x00"
    "\x00\xf8\xff\xff\x00\x00\x00\x00\x5f\x79\xfe\xff\xa0\x86\x01\x00\xbc\xdd\xff\xff\x43\x22\x00\x00\x1c\x00\x00\xf0\x03\x00\x00\x00"
    "\x00\xf8\xff\xff\x00\x00\x00\x00\x5f\x79\xfe\xff\xa0\x86\x01\x00\xb9\xdd\xff\xff\x46\x22\x00\x00\x19\x00\x00\xf0\x06\x00\x00\x00"
    "\x00\xf8\xff\xff\x00\x00\x00\x00\x5f\x79\xfe\xff\xa0\x86\x01\x00\xaf\xdd\xff\xff\x50\x22\x00\x00\x0f\x00\x00\xf0\x10\x00\x00\x00"
    "\x00\xf8\xff\xff\x00\x00\x00\x00\x5f\x79\xfe\xff\xa0\x86\x01\x00\xa6\xdd\xff\xff\x59\x22\x00\x00\x06\x00\x00\xf0\x19\x00\x00\x00"
    "\x00\xf8\xff\xff\x00\x00\x00\x00\x5f\x79\xfe\xff\xa0\x86\x01\x00\xa3\xdd\xff\xff\x5c\x22\x00\x00\x03\x00\x00\xf0\x1c\x00\x00\x00"
    "\x00\xf8\xff\xff\x00\x00\x00\x00\x5f\x79\xfe\xff\xa0\x86\x01\x00\x9a\xdd\xff\xff\x65\x22\x00\x00\x1a\x00\x00\xf0\x05\x00\x00\x00"
    "\x00\xf8\xff\xff\x00\x00\x00\x00\x5f\x79\xfe\xff\xa0\x86\x01\x00\x97\xdd\xff\xff\x68\x22\x00\x00\x17\x00\x00\xf0\x08\x00\x00\x00"
    "\x00\xf8\xff\xff\x00\x00\x00\x00\x5f\x79\xfe\xff\xa0\x86\x01\x00\x8c\xdd\xff\xff\x73\x22\x00\x00\x0c\x00\x00\xf0\x13\x00\x00\x00"
    "\x00\xf8\xff\xff\x00\x00\x00\x00\x5f\x79\xfe\xff\xa0\x86\x01\x00\x83\xdd\xff\xff\x7c\x22\x00\x00\x03\x00\x00\xf0\x1c\x00\x00\x00"
    "\x00\xf8\xff\xff\x00\x00\x00\x00\x5f\x79\xfe\xff\xa0\x86\x01\x00\x80\xdd\xff\xff\x7f\x22\x00\x00\x00\x00\x00\xf0\x1f\x00\x00\x00"
    "\x00\xf8\xff\xff\x00\x00\x00\x00\x5f\x79\xfe\xff\xa0\x86\x01\x00\xea\xd5\xff\xff\x15\x2a\x00\x00\x0a\x00\x00\xf0\x15\x00\x00\x00"
    "\x00\xf8\xff\xff\x00\x00\x00\x00\x5f\x79\xfe\xff\xa0\x86\x01\x00\xe1\xd5\xff\xff\x1e\x2a\x00\x00\x01\x00\x00\xf0\x1e\x00\x00\x00"
    "\x00\xf8\xff\xff\x00\x00\x00\x00\x5f\x79\xfe\xff\xa0\x86\x01\x00\xda\xd5\xff\xff\x25\x2a\x00\x00\x1a\x00\x00\xf0\x05\x00\x00\x00"
    "\x00\xf8\xff\xff\x00\x00\x00\x00\x5f\x79\xfe\xff\xa0\x86\x01\x00\xd7\xd5\xff\xff\x28\x2a\x00\x00\x17\x00\x00\xf0\x08\x00\x00\x00"
    "\x00\xf8\xff\xff\x00\x00\x00\x00\x5f\x79\xfe\xff\xa0\x86\x01\x00\xd4\xd5\xff\xff\x2b\x2a\x00\x00\x14\x00\x00\xf0\x0b\x00\x00\x00"
    "\x00\xf8\xff\xff\x00\x00\x00\x00\x5f\x79\xfe\xff\xa0\x86\x01\x00\xd0\xd5\xff\xff\x2f\x2a\x00\x00\x10\x00\x00\xf0\x0f\x00\x00\x00"
    "\x00\xf8\xff\xff\x00\x00\x00\x00\x5f\x79\xfe\xff\xa0\x86\x01\x00\xc7\xd5\xff\xff\x38\x2a\x00\x00\x07\x00\x00\xf0\x18\x00\x00\x00"
    "\x00\xf8\xff\xff\x00\x00\x00\x00\x5f\x79\xfe\xff\xa0\x86\x01\x00\xc4\xd5\xff\xff\x3b\x2a\x00\x00\x04\x00\x00\xf0\x1b\x00\x00\x00"
    "\x00\xf8\xff\xff\x00\x00\x00\x00\x5f\x79\xfe\xff\xa0\x86\x01\x00\xbb\xd5\xff\xff\x44\x2a\x00\x00\x1b\x00\x00\xf0\x04\x00\x00\x00"
    "\x00\xf8\xff\xff\x00\x00\x00\x00\x5f\x79\xfe\xff\xa0\x86\x01\x00\xb1\xd5\xff\xff\x4e\x2a\x00\x00\x11\x00\x00\xf0\x0e\x00\x00\x00"
    "\x00\xf8\xff\xff\x00\x00\x00\x00\x5f\x79\xfe\xff\xa0\x86\x01\x00\xad\xd5\xff\xff\x52\x2a\x00\x00\x0d\x00\x00\xf0\x12\x00\x00\x00"
    "\x00\xf8\xff\xff\x00\x00\x00\x00\x5f\x79\xfe\xff\xa0\x86\x01\x00\xa3\xd5\xff\xff\x5c\x2a\x00\x00\x03\x00\x00\xf0\x1c\x00\x00\x00"
    "\x00\xf8\xff\xff\x00\x00\x00\x00\x5f\x79\xfe\xff\xa0\x86\x01\x00\x9f\xd5\xff\xff\x60\x2a\x00\x00\x1f\x00\x00\xf0\x00\x00\x00\x00"
    "\x00\xf8\xff\xff\x00\x00\x00\x00\x5f\x79\xfe\xff\xa0\x86\x01\x00\x96\xd5\xff\xff\x69\x2a\x00\x00\x16\x00\x00\xf0\x09\x00\x00\x00"
    "\x00\xf8\xff\xff\x00\x00\x00\x00\x5f\x79\xfe\xff\xa0\x86\x01\x00\x92\xd5\xff\xff\x6d\x2a\x00\x00\x12\x00\x00\xf0\x0d\x00\x00\x00"
    "\x00\xf8\xff\xff\x00\x00\x00\x00\x5f\x79\xfe\xff\xa0\x86\x01\x00\x89\xcc\xff\xff\x76\x33\x00\x00\x09\x00\x00\xf0\x16\x00\x00\x00"
    "\x00\xf8\xff\xff\x00\x00\x00\x00\x5f\x79\xfe\xff\xa0\x86\x01\x00\x85\xcc\xff\xff\x7a\x33\x00\x00\x05\x00\x00\xf0\x1a\x00\x00\x00"
    "\x00\xf8\xff\xff\x00\x00\x00\x00\x5f\x79\xfe\xff\xa0\x86\x01\x00\x7f\xcc\xff\xff\x80\x33\x00\x00\x1f\x00\x00\xf0\x00\x00\x00\x00"
    "\x00\xf8\xff\xff\x00\x00\x00\x00\x5f\x79\xfe\xff\xa0\x86\x01\x00\x7a\xcc\xff\xff\x85\x33\x00\x00\x1a\x00\x00\xf0\x05\x00\x00\x00"
    "\x00\xf8\xff\xff\x00\x00\x00\x00\x5f\x79\xfe\xff\xa0\x86\x01\x00\xc2\xc8\xff\xff\x3d\x37\x00\x00\x02\x00\x00\xf0\x1d\x00\x00\x00"
    "\x00\xf8\xff\xff\x00\x00\x00\x00\x5f\x79\xfe\xff\xa0\x86\x01\x00\xbe\xc8\xff\xff\x41\x37\x00\x00\x1e\x00\x00\xf0\x01\x00\x00\x00"
    "\x00\xf8\xff\xff\x00\x00\x00\x00\x5f\x79\xfe\xff\xa0\x86\x01\x00\xa2\xc8\xff\xff\x5d\x37\x00\x00\x02\x00\x00\xf0\x1d\x00\x00\x00"
    "\x00\xf8\xff\xff\x00\x00\x00\x00\x5f\x79\xfe\xff\xa0\x86\x01\x00\x9e\xc8\xff\xff\x61\x37\x00\x00\x1e\x00\x00\xf0\x01\x00\x00\x00"
    "\x00\xf8\xff\xff\x00\x00\x00\x00\x5f\x79\xfe\xff\xa0\x86\x01\x00\x95\xc8\xff\xff\x6a\x37\x00\x00\x15\x00\x00\xf0\x0a\x00\x00\x00"
    "\x00\xf8\xff\xff\x00\x00\x00\x00\x5f\x79\xfe\xff\xa0\x86\x01\x00\x8c\xc8\xff\xff\x73\x37\x00\x00\x0c\x00\x00\xf0\x13\x00\x00\x00"
    "\x00\xf8\xff\xff\x00\x00\x00\x00\x5f\x79\xfe\xff\xa0\x86\x01\x00\xa2\xc7\xff\xff\x5d\x38\x00\x00\x02\x00\x00\xf0\x1d\x00\x00\x00"
    "\x00\xf8\xff\xff\x00\x00\x00\x00\x5f\x79\xfe\xff\xa0\x86\x01\x00\x9b\xc7\xff\xff\x64\x38\x00\x00\x1b\x00\x00\xf0\x04\x00\x00\x00"
    "\x00\xf8\xff\xff\x00\x00\x00\x00\x5f\x79\xfe\xff\xa0\x86\x01\x00\x90\xc7\xff\xff\x6f\x38\x00\x00\x10\x00\x00\xf0\x0f\x00\x00\x00"
    "\x00\xf8\xff\xff\x00\x00\x00\x00\x5f\x79\xfe\xff\xa0\x86\x01\x00\x88\xc7\xff\xff\x77\x38\x00\x00\x08\x00\x00\xf0\x17\x00\x00\x00"
    "\x00\xf8\xff\xff\x00\x00\x00\x00\x5f\x79\xfe\xff\xa0\x86\x01\x00\x81\xc7\xff\xff\x7e\x38\x00\x00\x01\x00\x00\xf0\x1e\x00\x00\x00"
    "\x00\xf8\xff\xff\x00\x00\x00\x00\x5f\x79\xfe\xff\xa0\x86\x01\x00\x77\xc7\xff\xff\x88\x38\x00\x00\x17\x00\x00\xf0\x08\x00\x00\x00"
    "\x00\xf8\xff\xff\x00\x00\x00\x00\x5f\x79\xfe\xff\xa0\x86\x01\x00\x81\xc6\xff\xff\x7e\x39\x00\x00\x01\x00\x00\xf0\x1e\x00\x00\x00"
    "\x00\xf8\xff\xff\x00\x00\x00\x00\x5f\x79\xfe\xff\xa0\x86\x01\x00\x7d\xc6\xff\xff\x82\x39\x00\x00\x1d\x00\x00\xf0\x02\x00\x00\x00"
    "\x00\xf8\xff\xff\x00\x00\x00\x00\x5f\x79\xfe\xff\xa0\x86\x01\x00\x77\xc6\xff\xff\x88\x39\x00\x00\x17\x00\x00\xf0\x08\x00\x00\x00"
    "\x00\xf8\xff\xff\x00\x00\x00\x00\x5f\x79\xfe\xff\xa0\x86\x01\x00\x73\xc6\xff\xff\x8c\x39\x00\x00\x13\x00\x00\xf0\x0c\x00\x00\x00"
    "\x00\xf8\xff\xff\x00\x00\x00\x00\x5f\x79\xfe\xff\xa0\x86\x01\x00\x6a\xc6\xff\xff\x95\x39\x00\x00\x0a\x00\x00\xf0\x15\x00\x00\x00"
    "\x00\xf8\xff\xff\x00\x00\x00\x00\x5f\x79\xfe\xff\xa0\x86\x01\x00\x5f\xc6\xff\xff\xa0\x39\x00\x00\x1f\x00\x00\xf0\x00\x00\x00\x00"
    "\x00\xf8\xff\xff\x00\x00\x00\x00\x5f\x79\xfe\xff\xa0\x86\x01\x00\xff\xc5\xff\xff\x00\x3a\x00\x00\x1f\x00\x00\xf0\x00\x00\x00\x00"
    "\x00\xf8\xff\xff\x00\x00\x00\x00\x5f\x79\xfe\xff\xa0\x86\x01\x00\xfb\xc5\xff\xff\x04\x3a\x00\x00\x1b\x00\x00\xf0\x04\x00\x00\x00"
    "\x00\xf8\xff\xff\x00\x00\x00\x00\x5f\x79\xfe\xff\xa0\x86\x01\x00\xf5\xc5\xff\xff\x0a\x3a\x00\x00\x15\x00\x00\xf0\x0a\x00\x00\x00"
    "\x00\xf8\xff\xff\x00\x00\x00\x00\x5f\x79\xfe\xff\xa0\x86\x01\x00\xf1\xc5\xff\xff\x0e\x3a\x00\x00\x11\x00\x00\xf0\x0e\x00\x00\x00"
    "\x00\xf8\xff\xff\x00\x00\x00\x00\x5f\x79\xfe\xff\xa0\x86\x01\x00\xe8\xc5\xff\xff\x17\x3a\x00\x00\x08\x00\x00\xf0\x17\x00\x00\x00"
    "\x00\xf8\xff\xff\x00\x00\x00\x00\x5f\x79\xfe\xff\xa0\x86\x01\x00\xe0\xc5\xff\xff\x1f\x3a\x00\x00\x00\x00\x00\xf0\x1f\x00\x00\x00"
    "\x00\xf8\xff\xff\x00\x00\x00\x00\x5f\x79\xfe\xff\xa0\x86\x01\x00\x50\xc5\xff\xff\xaf\x3a\x00\x00\x10\x00\x00\xf0\x0f\x00\x00\x00"
    "\x00\xf8\xff\xff\x00\x00\x00\x00\x5f\x79\xfe\xff\xa0\x86\x01\x00\x4d\xc5\xff\xff\xb2\x3a\x00\x00\x0d\x00\x00\xf0\x12\x00\x00\x00"
    "\x00\xf8\xff\xff\x00\x00\x00\x00\x5f\x79\xfe\xff\xa0\x86\x01\x00\x48\xc5\xff\xff\xb7\x3a\x00\x00\x08\x00\x00\xf0\x17\x00\x00\x00"
    "\x00\xf8\xff\xff\x00\x00\x00\x00\x5f\x79\xfe\xff\xa0\x86\x01\x00\x3f\xc5\xff\xff\xc0\x3a\x00\x00\x1f\x00\x00\xf0\x00\x00\x00\x00"
    "\x00\xf8\xff\xff\x00\x00\x00\x00\x5f\x79\xfe\xff\xa0\x86\x01\x00\x22\xc5\xff\xff\xdd\x3a\x00\x00\x02\x00\x00\xf0\x1d\x00\x00\x00"
    "\x00\xf8\xff\xff\x00\x00\x00\x00\x5f\x79\xfe\xff\xa0\x86\x01\x00\x1a\xc5\xff\xff\xe5\x3a\x00\x00\x1a\x00\x00\xf0\x05\x00\x00\x00"
    "\x00\xf8\xff\xff\x00\x00\x00\x00\x5f\x79\xfe\xff\xa0\x86\x01\x00\xa2\xc3\xff\xff\x5d\x3c\x00\x00\x02\x00\x00\xf0\x1d\x00\x00\x00"
    "\x00\xf8\xff\xff\x00\x00\x00\x00\x5f\x79\xfe\xff\xa0\x86\x01\x00\x9f\xc3\xff\xff\x60\x3c\x00\x00\x1f\x00\x00\xf0\x00\x00\x00\x00"
    "\x00\xf8\xff\xff\x00\x00\x00\x00\x5f\x79\xfe\xff\xa0\x86\x01\x00\x99\xc3\xff\xff\x66\x3c\x00\x00\x19\x00\x00\xf0\x06\x00\x00\x00"
    "\x00\xf8\xff\xff\x00\x00\x00\x00\x5f\x79\xfe\xff\xa0\x86\x01\x00\x90\xc3\xff\xff\x6f\x3c\x00\x00\x10\x00\x00\xf0\x0f\x00\x00\x00"
    "\x00\xf8\xff\xff\x00\x00\x00\x00\x5f\x79\xfe\xff\xa0\x86\x01\x00\x85\xc3\xff\xff\x7a\x3c\x00\x00\x05\x00\x00\xf0\x1a\x00\x00\x00"
    "\x00\xf8\xff\xff\x00\x00\x00\x00\x5f\x79\xfe\xff\xa0\x86\x01\x00\x7d\xc3\xff\xff\x82\x3c\x00\x00\x1d\x00\x00\xf0\x02\x00\x00\x00"
    "\x00\xf8\xff\xff\x00\x00\x00\x00\x5f\x79\xfe\xff\xa0\x86\x01\x00\x6a\xc3\xff\xff\x95\x3c\x00\x00\x0a\x00\x00\xf0\x15\x00\x00\x00"
    "\x00\xf8\xff\xff\x00\x00\x00\x00\x5f\x79\xfe\xff\xa0\x86\x01\x00\x5e\xc3\xff\xff\xa1\x3c\x00\x00\x1e\x00\x00\xf0\x01\x00\x00\x00"
    "\x00\xf8\xff\xff\x00\x00\x00\x00\x5f\x79\xfe\xff\xa0\x86\x01\x00\x51\xc3\xff\xff\xae\x3c\x00\x00\x11\x00\x00\xf0\x0e\x00\x00\x00"
    "\x00\xf8\xff\xff\x00\x00\x00\x00\x5f\x79\xfe\xff\xa0\x86\x01\x00\x49\xc3\xff\xff\xb6\x3c\x00\x00\x09\x00\x00\xf0\x16\x00\x00\x00"
    "\x00\xf8\xff\xff\x00\x00\x00\x00\x5f\x79\xfe\xff\xa0\x86\x01\x00\x3a\xc3\xff\xff\xc5\x3c\x00\x00\x1a\x00\x00\xf0\x05\x00\x00\x00"
    "\x00\xf8\xff\xff\x00\x00\x00\x00\x5f\x79\xfe\xff\xa0\x86\x01\x00\x32\xc3\xff\xff\xcd\x3c\x00\x00\x12\x00\x00\xf0\x0d\x00\x00\x00"
    "\x00\xf8\xff\xff\x00\x00\x00\x00\x5f\x79\xfe\xff\xa0\x86\x01\x00\xef\xc2\xff\xff\x10\x3d\x00\x00\x0f\x00\x00\xf0\x10\x00\x00\x00"
    "\x00\xf8\xff\xff\x00\x00\x00\x00\x5f\x79\xfe\xff\xa0\x86\x01\x00\xe5\xc2\xff\xff\x1a\x3d\x00\x00\x05\x00\x00\xf0\x1a\x00\x00\x00"
    "\x00\xf8\xff\xff\x00\x00\x00\x00\x5f\x79\xfe\xff\xa0\x86\x01\x00\xba\xc2\xff\xff\x45\x3d\x00\x00\x1a\x00\x00\xf0\x05\x00\x00\x00"
    "\x00\xf8\xff\xff\x00\x00\x00\x00\x5f\x79\xfe\xff\xa0\x86\x01\x00\xad\xc2\xff\xff\x52\x3d\x00\x00\x0d\x00\x00\xf0\x12\x00\x00\x00"
    "\x00\xf8\xff\xff\x00\x00\x00\x00\x5f\x79\xfe\xff\xa0\x86\x01\x00\x98\xc2\xff\xff\x67\x3d\x00\x00\x18\x00\x00\xf0\x07\x00\x00\x00"
    "\x00\xf8\xff\xff\x00\x00\x00\x00\x5f\x79\xfe\xff\xa0\x86\x01\x00\x8e\xc2\xff\xff\x71\x3d\x00\x00\x0e\x00\x00\xf0\x11\x00\x00\x00"
    "\x00\xf8\xff\xff\x00\x00\x00\x00\x5f\x79\xfe\xff\xa0\x86\x01\x00\x7b\xc2\xff\xff\x84\x3d\x00\x00\x1b\x00\x00\xf0\x04\x00\x00\x00"
    "\x00\xf8\xff\xff\x00\x00\x00\x00\x5f\x79\xfe\xff\xa0\x86\x01\x00\x6c\xc2\xff\xff\x93\x3d\x00\x00\x0c\x00\x00\xf0\x13\x00\x00\x00"
    "\x00\xf8\xff\xff\x00\x00\x00\x00\x5f\x79\xfe\xff\xa0\x86\x01\x00\x57\xc2\xff\xff\xa8\x3d\x00\x00\x17\x00\x00\xf0\x08\x00\x00\x00"
    "\x00\xf8\xff\xff\x00\x00\x00\x00\x5f\x79\xfe\xff\xa0\x86\x01\x00\x4d\xc2\xff\xff\xb2\x3d\x00\x00\x0d\x00\x00\xf0\x12\x00\x00\x00"
    "\x00\xf8\xff\xff\x00\x00\x00\x00\x5f\x79\xfe\xff\xa0\x86\x01\x00\x35\xc2\xff\xff\xca\x3d\x00\x00\x15\x00\x00\xf0\x0a\x00\x00\x00"
    "\x00\xf8\xff\xff\x00\x00\x00\x00\x5f\x79\xfe\xff\xa0\x86\x01\x00\x27\xc2\xff\xff\xd8\x3d\x00\x00\x07\x00\x00\xf0\x18\x00\x00\x00"
    "\x00\xf8\xff\xff\x00\x00\x00\x00\x5f\x79\xfe\xff\xa0\x86\x01\x00\x16\xc2\xff\xff\xe9\x3d\x00\x00\x16\x00\x00\xf0\x09\x00\x00\x00"
    "\x00\xf8\xff\xff\x00\x00\x00\x00\x5f\x79\xfe\xff\xa0\x86\x01\x00\x0c\xc2\xff\xff\xf3\x3d\x00\x00\x0c\x00\x00\xf0\x13\x00\x00\x00"
    "\x00\xf8\xff\xff\x00\x00\x00\x00\x5f\x79\xfe\xff\xa0\x86\x01\x00\x01\xc2\xff\xff\xfe\x3d\x00\x00\x01\x00\x00\xf0\x1e\x00\x00\x00"
    "\x00\xf8\xff\xff\x00\x00\x00\x00\x5f\x79\xfe\xff\xa0\x86\x01\x00\xf1\xc1\xff\xff\x0e\x3e\x00\x00\x11\x00\x00\xf0\x0e\x00\x00\x00"
    "\x00\xf8\xff\xff\x00\x00\x00\x00\x5f\x79\xfe\xff\xa0\x86\x01\x00\xe6\xc1\xff\xff\x19\x3e\x00\x00\x06\x00\x00\xf0\x19\x00\x00\x00"
    "\x00\xf8\xff\xff\x00\x00\x00\x00\x5f\x79\xfe\xff\xa0\x86\x01\x00\xe9\xc0\xff\xff\x16\x3f\x00\x00\x09\x00\x00\xf0\x16\x00\x00\x00"
    "\x00\xf8\xff\xff\x00\x00\x00\x00\x5f\x79\xfe\xff\xa0\x86\x01\x00\xdf\xc0\xff\xff\x20\x3f\x00\x00\x1f\x00\x00\xf0\x00\x00\x00\x00"
    "\x00\xf8\xff\xff\x00\x00\x00\x00\x5f\x79\xfe\xff\xa0\x86\x01\x00\xdb\xc0\xff\xff\x24\x3f\x00\x00\x1b\x00\x00\xf0\x04\x00\x00\x00"
    "\x00\xf8\xff\xff\x00\x00\x00\x00\x5f\x79\xfe\xff\xa0\x86\x01\x00\xd7\xc0\xff\xff\x28\x3f\x00\x00\x17\x00\x00\xf0\x08\x00\x00\x00"
    "\x00\xf8\xff\xff\x00\x00\x00\x00\x5f\x79\xfe\xff\xa0\x86\x01\x00\xd0\xc0\xff\xff\x2f\x3f\x00\x00\x10\x00\x00\xf0\x0f\x00\x00\x00"
    "\x00\xf8\xff\xff\x00\x00\x00\x00\x5f\x79\xfe\xff\xa0\x86\x01\x00\xcc\xc0\xff\xff\x33\x3f\x00\x00\x0c\x00\x00\xf0\x13\x00\x00\x00"
    "\x00\xf8\xff\xff\x00\x00\x00\x00\x5f\x79\xfe\xff\xa0\x86\x01\x00\xc3\xb9\xff\xff\x3c\x46\x00\x00\x03\x00\x00\xf0\x1c\x00\x00\x00"
    "\x00\xf8\xff\xff\x00\x00\x00\x00\x5f\x79\xfe\xff\xa0\x86\x01\x00\xb3\xb9\xff\xff\x4c\x46\x00\x00\x13\x00\x00\xf0\x0c\x00\x00\x00"
    "\x00\xf8\xff\xff\x00\x00\x00\x00\x5f\x79\xfe\xff\xa0\x86\x01\x00\xad\xb9\xff\xff\x52\x46\x00\x00\x0d\x00\x00\xf0\x12\x00\x00\x00"
    "\x00\xf8\xff\xff\x00\x00\x00\x00\x5f\x79\xfe\xff\xa0\x86\x01\x00\xa9\xb9\xff\xff\x56\x46\x00\x00\x09\x00\x00\xf0\x16\x00\x00\x00"
    "\x00\xf8\xff\xff\x00\x00\x00\x00\x5f\x79\xfe\xff\xa0\x86\x01\x00\xa4\xb9\xff\xff\x5b\x46\x00\x00\x04\x00\x00\xf0\x1b\x00\x00\x00"
    "\x00\xf8\xff\xff\x00\x00\x00\x00\x5f\x79\xfe\xff\xa0\x86\x01\x00\xa0\xb9\xff\xff\x5f\x46\x00\x00\x00\x00\x00\xf0\x1f\x00\x00\x00"
    "\x00\xf8\xff\xff\x00\x00\x00\x00\x5f\x79\xfe\xff\xa0\x86\x01\x00\x8c\xb9\xff\xff\x73\x46\x00\x00\x0c\x00\x00\xf0\x13\x00\x00\x00"
    "\x00\xf8\xff\xff\x00\x00\x00\x00\x5f\x79\xfe\xff\xa0\x86\x01\x00\x7b\xb9\xff\xff\x84\x46\x00\x00\x1b\x00\x00\xf0\x04\x00\x00\x00"
    "\x00\xf8\xff\xff\x00\x00\x00\x00\x5f\x79\xfe\xff\xa0\x86\x01\x00\x6e\xb9\xff\xff\x91\x46\x00\x00\x0e\x00\x00\xf0\x11\x00\x00\x00"
    "\x00\xf8\xff\xff\x00\x00\x00\x00\x5f\x79\xfe\xff\xa0\x86\x01\x00\xe3\xb8\xff\xff\x1c\x47\x00\x00\x03\x00\x00\xf0\x1c\x00\x00\x00"
    "\x00\xf8\xff\xff\x00\x00\x00\x00\x5f\x79\xfe\xff\xa0\x86\x01\x00\xda\xb8\xff\xff\x25\x47\x00\x00\x1a\x00\x00\xf0\x05\x00\x00\x00"
    "\x00\xf8\xff\xff\x00\x00\x00\x00\x5f\x79\xfe\xff\xa0\x86\x01\x00\xbd\xb8\xff\xff\x42\x47\x00\x00\x1d\x00\x00\xf0\x02\x00\x00\x00"
    "\x00\xf8\xff\xff\x00\x00\x00\x00\x5f\x79\xfe\xff\xa0\x86\x01\x00\xb6\xb8\xff\xff\x49\x47\x00\x00\x16\x00\x00\xf0\x09\x00\x00\x00"
    "\x00\xf8\xff\xff\x00\x00\x00\x00\x5f\x79\xfe\xff\xa0\x86\x01\x00\x64\xb8\xff\xff\x9b\x47\x00\x00\x04\x00\x00\xf0\x1b\x00\x00\x00"
    "\x00\xf8\xff\xff\x00\x00\x00\x00\x5f\x79\xfe\xff\xa0\x86\x01\x00\xc6\xb7\xff\xff\x39\x48\x00\x00\x06\x00\x00\xf0\x19\x00\x00\x00"
    "\x00\xf8\xff\xff\x00\x00\x00\x00\x5f\x79\xfe\xff\xa0\x86\x01\x00\x2a\xb4\xff\xff\xd5\x4b\x00\x00\x0a\x00\x00\xf0\x15\x00\x00\x00"
    "\x00\xf8\xff\xff\x00\x00\x00\x00\x5f\x79\xfe\xff\xa0\x86\x01\x00\x26\xb4\xff\xff\xd9\x4b\x00\x00\x06\x00\x00\xf0\x19\x00\x00\x00"
    "\x00\xf8\xff\xff\x00\x00\x00\x00\x5f\x79\xfe\xff\xa0\x86\x01\x00\x22\xb4\xff\xff\xdd\x4b\x00\x00\x02\x00\x00\xf0\x1d\x00\x00\x00"
    "\x00\xf8\xff\xff\x00\x00\x00\x00\x5f\x79\xfe\xff\xa0\x86\x01\x00\x1e\xb4\xff\xff\xe1\x4b\x00\x00\x1e\x00\x00\xf0\x01\x00\x00\x00"
    "\x00\xf8\xff\xff\x00\x00\x00\x00\x5f\x79\xfe\xff\xa0\x86\x01\x00\x1a\xb4\xff\xff\xe5\x4b\x00\x00\x1a\x00\x00\xf0\x05\x00\x00\x00"
    "\x00\xf8\xff\xff\x00\x00\x00\x00\x5f\x79\xfe\xff\xa0\x86\x01\x00\x16\xb4\xff\xff\xe9\x4b\x00\x00\x16\x00\x00\xf0\x09\x00\x00\x00"
    "\x00\xf8\xff\xff\x00\x00\x00\x00\x5f\x79\xfe\xff\xa0\x86\x01\x00\x11\xb4\xff\xff\xee\x4b\x00\x00\x11\x00\x00\xf0\x0e\x00\x00\x00"
    "\x00\xf8\xff\xff\x00\x00\x00\x00\x5f\x79\xfe\xff\xa0\x86\x01\x00\x0b\xb4\xff\xff\xf4\x4b\x00\x00\x0b\x00\x00\xf0\x14\x00\x00\x00"
    "\x00\xf8\xff\xff\x00\x00\x00\x00\x5f\x79\xfe\xff\xa0\x86\x01\x00\xf2\xb3\xff\xff\x0d\x4c\x00\x00\x12\x00\x00\xf0\x0d\x00\x00\x00"
    "\x00\xf8\xff\xff\x00\x00\x00\x00\x5f\x79\xfe\xff\xa0\x86\x01\x00\xef\xb3\xff\xff\x10\x4c\x00\x00\x0f\x00\x00\xf0\x10\x00\x00\x00"
    "\x00\xf8\xff\xff\x00\x00\x00\x00\x5f\x79\xfe\xff\xa0\x86\x01\x00\xec\xb3\xff\xff\x13\x4c\x00\x00\x0c\x00\x00\xf0\x13\x00\x00\x00"
    "\x00\xf8\xff\xff\x00\x00\x00\x00\x5f\x79\xfe\xff\xa0\x86\x01\x00\xe9\xb3\xff\xff\x16\x4c\x00\x00\x09\x00\x00\xf0\x16\x00\x00\x00"
    "\x00\xf8\xff\xff\x00\x00\x00\x00\x5f\x79\xfe\xff\xa0\x86\x01\x00\xe6\xb3\xff\xff\x19\x4c\x00\x00\x06\x00\x00\xf0\x19\x00\x00\x00"
    "\x00\xf8\xff\xff\x00\x00\x00\x00\x5f\x79\xfe\xff\xa0\x86\x01\x00\xe3\xb3\xff\xff\x1c\x4c\x00\x00\x03\x00\x00\xf0\x1c\x00\x00\x00"
    "\x00\xf8\xff\xff\x00\x00\x00\x00\x5f\x79\xfe\xff\xa0\x86\x01\x00\xe0\xb3\xff\xff\x1f\x4c\x00\x00\x00\x00\x00\xf0\x1f\x00\x00\x00"
    "\x00\xf8\xff\xff\x00\x00\x00\x00\x5f\x79\xfe\xff\xa0\x86\x01\x00\xdd\xb3\xff\xff\x22\x4c\x00\x00\x1d\x00\x00\xf0\x02\x00\x00\x00"
    "\x00\xf8\xff\xff\x00\x00\x00\x00\x5f\x79\xfe\xff\xa0\x86\x01\x00\xda\xb3\xff\xff\x25\x4c\x00\x00\x1a\x00\x00\xf0\x05\x00\x00\x00"
    "\x00\xf8\xff\xff\x00\x00\x00\x00\x5f\x79\xfe\xff\xa0\x86\x01\x00\xd7\xb3\xff\xff\x28\x4c\x00\x00\x17\x00\x00\xf0\x08\x00\x00\x00"
    "\x00\xf8\xff\xff\x00\x00\x00\x00\x5f\x79\xfe\xff\xa0\x86\x01\x00\xd4\xb3\xff\xff\x2b\x4c\x00\x00\x14\x00\x00\xf0\x0b\x00\x00\x00"
    "\x00\xf8\xff\xff\x00\x00\x00\x00\x5f\x79\xfe\xff\xa0\x86\x01\x00\xd0\xb3\xff\xff\x2f\x4c\x00\x00\x10\x00\x00\xf0\x0f\x00\x00\x00"
    "\x00\xf8\xff\xff\x00\x00\x00\x00\x5f\x79\xfe\xff\xa0\x86\x01\x00\xcd\xb3\xff\xff\x32\x4c\x00\x00\x0d\x00\x00\xf0\x12\x00\x00\x00"
    "\x00\xf8\xff\xff\x00\x00\x00\x00\x5f\x79\xfe\xff\xa0\x86\x01\x00\xc9\xb3\xff\xff\x36\x4c\x00\x00\x09\x00\x00\xf0\x16\x00\x00\x00"
    "\x00\xf8\xff\xff\x00\x00\x00\x00\x5f\x79\xfe\xff\xa0\x86\x01\x00\xc6\xb3\xff\xff\x39\x4c\x00\x00\x06\x00\x00\xf0\x19\x00\x00\x00"
    "\x00\xf8\xff\xff\x00\x00\x00\x00\x5f\x79\xfe\xff\xa0\x86\x01\x00\xc3\xb3\xff\xff\x3c\x4c\x00\x00\x03\x00\x00\xf0\x1c\x00\x00\x00"
    "\x00\xf8\xff\xff\x00\x00\x00\x00\x5f\x79\xfe\xff\xa0\x86\x01\x00\xbe\xb3\xff\xff\x41\x4c\x00\x00\x1e\x00\x00\xf0\x01\x00\x00\x00"
    "\x00\xf8\xff\xff\x00\x00\x00\x00\x5f\x79\xfe\xff\xa0\x86\x01\x00\x9c\xb3\xff\xff\x63\x4c\x00\x00\x1c\x00\x00\xf0\x03\x00\x00\x00"
    "\x00\xf8\xff\xff\x00\x00\x00\x00\x5f\x79\xfe\xff\xa0\x86\x01\x00\x99\xb3\xff\xff\x66\x4c\x00\x00\x19\x00\x00\xf0\x06\x00\x00\x00"
    "\x00\xf8\xff\xff\x00\x00\x00\x00\x5f\x79\xfe\xff\xa0\x86\x01\x00\x93\xb3\xff\xff\x6c\x4c\x00\x00\x13\x00\x00\xf0\x0c\x00\x00\x00"
    "\x00\xf8\xff\xff\x00\x00\x00\x00\x5f\x79\xfe\xff\xa0\x86\x01\x00\x8f\xb3\xff\xff\x70\x4c\x00\x00\x0f\x00\x00\xf0\x10\x00\x00\x00"
    "\x00\xf8\xff\xff\x00\x00\x00\x00\x5f\x79\xfe\xff\xa0\x86\x01\x00\x8b\xb3\xff\xff\x74\x4c\x00\x00\x0b\x00\x00\xf0\x14\x00\x00\x00"
    "\x00\xf8\xff\xff\x00\x00\x00\x00\x5f\x79\xfe\xff\xa0\x86\x01\x00\x87\xb3\xff\xff\x78\x4c\x00\x00\x07\x00\x00\xf0\x18\x00\x00\x00"
    "\x00\xf8\xff\xff\x00\x00\x00\x00\x5f\x79\xfe\xff\xa0\x86\x01\x00\x83\xb3\xff\xff\x7c\x4c\x00\x00\x03\x00\x00\xf0\x1c\x00\x00\x00"
    "\x00\xf8\xff\xff\x00\x00\x00\x00\x5f\x79\xfe\xff\xa0\x86\x01\x00\x7f\xb3\xff\xff\x80\x4c\x00\x00\x1f\x00\x00\xf0\x00\x00\x00\x00"
    "\x00\xf8\xff\xff\x00\x00\x00\x00\x5f\x79\xfe\xff\xa0\x86\x01\x00\x67\xb3\xff\xff\x98\x4c\x00\x00\x07\x00\x00\xf0\x18\x00\x00\x00"
    "\x00\xf8\xff\xff\x00\x00\x00\x00\x5f\x79\xfe\xff\xa0\x86\x01\x00\x62\xb3\xff\xff\x9d\x4c\x00\x00\x02\x00\x00\xf0\x1d\x00\x00\x00"
    "\x00\xf8\xff\xff\x00\x00\x00\x00\x5f\x79\xfe\xff\xa0\x86\x01\x00\x5d\xb3\xff\xff\xa2\x4c\x00\x00\x1d\x00\x00\xf0\x02\x00\x00\x00"
    "\x00\xf8\xff\xff\x00\x00\x00\x00\x5f\x79\xfe\xff\xa0\x86\x01\x00\x59\xb3\xff\xff\xa6\x4c\x00\x00\x19\x00\x00\xf0\x06\x00\x00\x00"
    "\x00\xf8\xff\xff\x00\x00\x00\x00\x5f\x79\xfe\xff\xa0\x86\x01\x00\x55\xb3\xff\xff\xaa\x4c\x00\x00\x15\x00\x00\xf0\x0a\x00\x00\x00"
    "\x00\xf8\xff\xff\x00\x00\x00\x00\x5f\x79\xfe\xff\xa0\x86\x01\x00\x51\xb3\xff\xff\xae\x4c\x00\x00\x11\x00\x00\xf0\x0e\x00\x00\x00"
    "\x00\xf8\xff\xff\x00\x00\x00\x00\x5f\x79\xfe\xff\xa0\x86\x01\x00\x4d\xb3\xff\xff\xb2\x4c\x00\x00\x0d\x00\x00\xf0\x12\x00\x00\x00"
    "\x00\xf8\xff\xff\x00\x00\x00\x00\x5f\x79\xfe\xff\xa0\x86\x01\x00\x49\xb3\xff\xff\xb6\x4c\x00\x00\x09\x00\x00\xf0\x16\x00\x00\x00"
    "\x00\xf8\xff\xff\x00\x00\x00\x00\x5f\x79\xfe\xff\xa0\x86\x01\x00\x3c\xb3\xff\xff\xc3\x4c\x00\x00\x1c\x00\x00\xf0\x03\x00\x00\x00"
    "\x00\xf8\xff\xff\x00\x00\x00\x00\x5f\x79\xfe\xff\xa0\x86\x01\x00\x39\xb3\xff\xff\xc6\x4c\x00\x00\x19\x00\x00\xf0\x06\x00\x00\x00"
    "\x00\xf8\xff\xff\x00\x00\x00\x00\x5f\x79\xfe\xff\xa0\x86\x01\x00\x31\xb3\xff\xff\xce\x4c\x00\x00\x11\x00\x00\xf0\x0e\x00\x00\x00"
    "\x00\xf8\xff\xff\x00\x00\x00\x00\x5f\x79\xfe\xff\xa0\x86\x01\x00\x2c\xb3\xff\xff\xd3\x4c\x00\x00\x0c\x00\x00\xf0\x13\x00\x00\x00"
    "\x00\xf8\xff\xff\x00\x00\x00\x00\x5f\x79\xfe\xff\xa0\x86\x01\x00\x26\xb3\xff\xff\xd9\x4c\x00\x00\x06\x00\x00\xf0\x19\x00\x00\x00"
    "\x00\xf8\xff\xff\x00\x00\x00\x00\x5f\x79\xfe\xff\xa0\x86\x01\x00\x21\xb3\xff\xff\xde\x4c\x00\x00\x01\x00\x00\xf0\x1e\x00\x00\x00"
    "\x00\xf8\xff\xff\x00\x00\x00\x00\x5f\x79\xfe\xff\xa0\x86\x01\x00\x14\xb3\xff\xff\xeb\x4c\x00\x00\x14\x00\x00\xf0\x0b\x00\x00\x00"
    "\x00\xf8\xff\xff\x00\x00\x00\x00\x5f\x79\xfe\xff\xa0\x86\x01\x00\x0f\xb3\xff\xff\xf0\x4c\x00\x00\x0f\x00\x00\xf0\x10\x00\x00\x00"
    "\x00\xf8\xff\xff\x00\x00\x00\x00\x5f\x79\xfe\xff\xa0\x86\x01\x00\x09\xb3\xff\xff\xf6\x4c\x00\x00\x09\x00\x00\xf0\x16\x00\x00\x00"
    "\x00\xf8\xff\xff\x00\x00\x00\x00\x5f\x79\xfe\xff\xa0\x86\x01\x00\x04\xb3\xff\xff\xfb\x4c\x00\x00\x04\x00\x00\xf0\x1b\x00\x00\x00"
    "\x00\xf8\xff\xff\x00\x00\x00\x00\x5f\x79\xfe\xff\xa0\x86\x01\x00\x6e\xb2\xff\xff\x91\x4d\x00\x00\x0e\x00\x00\xf0\x11\x00\x00\x00"
    "\x00\xf8\xff\xff\x00\x00\x00\x00\x5f\x79\xfe\xff\xa0\x86\x01\x00\x69\xb2\xff\xff\x96\x4d\x00\x00\x09\x00\x00\xf0\x16\x00\x00\x00"
    "\x00\xf8\xff\xff\x00\x00\x00\x00\x5f\x79\xfe\xff\xa0\x86\x01\x00\x64\xb2\xff\xff\x9b\x4d\x00\x00\x04\x00\x00\xf0\x1b\x00\x00\x00"
    "\x00\xf8\xff\xff\x00\x00\x00\x00\x5f\x79\xfe\xff\xa0\x86\x01\x00\x5f\xb2\xff\xff\xa0\x4d\x00\x00\x1f\x00\x00\xf0\x00\x00\x00\x00"
    "\x00\xf8\xff\xff\x00\x00\x00\x00\x5f\x79\xfe\xff\xa0\x86\x01\x00\x55\xb2\xff\xff\xaa\x4d\x00\x00\x15\x00\x00\xf0\x0a\x00\x00\x00"
    "\x00\xf8\xff\xff\x00\x00\x00\x00\x5f\x79\xfe\xff\xa0\x86\x01\x00\x4f\xb2\xff\xff\xb0\x4d\x00\x00\x0f\x00\x00\xf0\x10\x00\x00\x00"
    "\x00\xf8\xff\xff\x00\x00\x00\x00\x5f\x79\xfe\xff\xa0\x86\x01\x00\x47\xb2\xff\xff\xb8\x4d\x00\x00\x07\x00\x00\xf0\x18\x00\x00\x00"
    "\x00\xf8\xff\xff\x00\x00\x00\x00\x5f\x79\xfe\xff\xa0\x86\x01\x00\x41\xb2\xff\xff\xbe\x4d\x00\x00\x01\x00\x00\xf0\x1e\x00\x00\x00"
    "\x00\xf8\xff\xff\x00\x00\x00\x00\x5f\x79\xfe\xff\xa0\x86\x01\x00\x3c\xb2\xff\xff\xc3\x4d\x00\x00\x1c\x00\x00\xf0\x03\x00\x00\x00"
    "\x00\xf8\xff\xff\x00\x00\x00\x00\x5f\x79\xfe\xff\xa0\x86\x01\x00\x36\xb2\xff\xff\xc9\x4d\x00\x00\x16\x00\x00\xf0\x09\x00\x00\x00"
    "\x00\xf8\xff\xff\x00\x00\x00\x00\x5f\x79\xfe\xff\xa0\x86\x01\x00\x30\xb2\xff\xff\xcf\x4d\x00\x00\x10\x00\x00\xf0\x0f\x00\x00\x00"
    "\x00\xf8\xff\xff\x00\x00\x00\x00\x5f\x79\xfe\xff\xa0\x86\x01\x00\x2b\xb2\xff\xff\xd4\x4d\x00\x00\x0b\x00\x00\xf0\x14\x00\x00\x00"
    "\x00\xf8\xff\xff\x00\x00\x00\x00\x5f\x79\xfe\xff\xa0\x86\x01\x00\x26\xb2\xff\xff\xd9\x4d\x00\x00\x06\x00\x00\xf0\x19\x00\x00\x00"
    "\x00\xf8\xff\xff\x00\x00\x00\x00\x5f\x79\xfe\xff\xa0\x86\x01\x00\x1d\xb2\xff\xff\xe2\x4d\x00\x00\x1d\x00\x00\xf0\x02\x00\x00\x00"
    "\x00\xf8\xff\xff\x00\x00\x00\x00\x5f\x79\xfe\xff\xa0\x86\x01\x00\x16\xb2\xff\xff\xe9\x4d\x00\x00\x16\x00\x00\xf0\x09\x00\x00\x00"
    "\x00\xf8\xff\xff\x00\x00\x00\x00\x5f\x79\xfe\xff\xa0\x86\x01\x00\x0a\xb2\xff\xff\xf5\x4d\x00\x00\x0a\x00\x00\xf0\x15\x00\x00\x00"
    "\x00\xf8\xff\xff\x00\x00\x00\x00\x5f\x79\xfe\xff\xa0\x86\x01\x00\x02\xb2\xff\xff\xfd\x4d\x00\x00\x02\x00\x00\xf0\x1d\x00\x00\x00"
    "\x00\xf8\xff\xff\x00\x00\x00\x00\x5f\x79\xfe\xff\xa0\x86\x01\x00\xfb\xb1\xff\xff\x04\x4e\x00\x00\x1b\x00\x00\xf0\x04\x00\x00\x00"
    "\x00\xf8\xff\xff\x00\x00\x00\x00\x5f\x79\xfe\xff\xa0\x86\x01\x00\xf4\xb1\xff\xff\x0b\x4e\x00\x00\x14\x00\x00\xf0\x0b\x00\x00\x00"
    "\x00\xf8\xff\xff\x00\x00\x00\x00\x5f\x79\xfe\xff\xa0\x86\x01\x00\xed\xb1\xff\xff\x12\x4e\x00\x00\x0d\x00\x00\xf0\x12\x00\x00\x00"
    "\x00\xf8\xff\xff\x00\x00\x00\x00\x5f\x79\xfe\xff\xa0\x86\x01\x00\xe4\xb1\xff\xff\x1b\x4e\x00\x00\x04\x00\x00\xf0\x1b\x00\x00\x00"
    "\x00\xf8\xff\xff\x00\x00\x00\x00\x5f\x79\xfe\xff\xa0\x86\x01\x00\xdb\xb1\xff\xff\x24\x4e\x00\x00\x1b\x00\x00\xf0\x04\x00\x00\x00"
    "\x00\xf8\xff\xff\x00\x00\x00\x00\x5f\x79\xfe\xff\xa0\x86\x01\x00\xd2\xb1\xff\xff\x2d\x4e\x00\x00\x12\x00\x00\xf0\x0d\x00\x00\x00"
    "\x00\xf8\xff\xff\x00\x00\x00\x00\x5f\x79\xfe\xff\xa0\x86\x01\x00\xc5\xb1\xff\xff\x3a\x4e\x00\x00\x05\x00\x00\xf0\x1a\x00\x00\x00"
    "\x00\xf8\xff\xff\x00\x00\x00\x00\x5f\x79\xfe\xff\xa0\x86\x01\x00\xbe\xb1\xff\xff\x41\x4e\x00\x00\x1e\x00\x00\xf0\x01\x00\x00\x00"
    "\x00\xf8\xff\xff\x00\x00\x00\x00\x5f\x79\xfe\xff\xa0\x86\x01\x00\xb6\xb1\xff\xff\x49\x4e\x00\x00\x16\x00\x00\xf0\x09\x00\x00\x00"
    "\x00\xf8\xff\xff\x00\x00\x00\x00\x5f\x79\xfe\xff\xa0\x86\x01\x00\xb0\xb1\xff\xff\x4f\x4e\x00\x00\x10\x00\x00\xf0\x0f\x00\x00\x00"
    "\x00\xf8\xff\xff\x00\x00\x00\x00\x5f\x79\xfe\xff\xa0\x86\x01\x00\xa9\xb1\xff\xff\x56\x4e\x00\x00\x09\x00\x00\xf0\x16\x00\x00\x00"
    "\x00\xf8\xff\xff\x00\x00\x00\x00\x5f\x79\xfe\xff\xa0\x86\x01\x00\x9f\xb1\xff\xff\x60\x4e\x00\x00\x1f\x00\x00\xf0\x00\x00\x00\x00"
    "\x00\xf8\xff\xff\x00\x00\x00\x00\x5f\x79\xfe\xff\xa0\x86\x01\x00\x99\xb1\xff\xff\x66\x4e\x00\x00\x19\x00\x00\xf0\x06\x00\x00\x00"
    "\x00\xf8\xff\xff\x00\x00\x00\x00\x5f\x79\xfe\xff\xa0\x86\x01\x00\x8f\xb1\xff\xff\x70\x4e\x00\x00\x0f\x00\x00\xf0\x10\x00\x00\x00"
    "\x00\xf8\xff\xff\x00\x00\x00\x00\x5f\x79\xfe\xff\xa0\x86\x01\x00\x89\xb1\xff\xff\x76\x4e\x00\x00\x09\x00\x00\xf0\x16\x00\x00\x00"
    "\x00\xf8\xff\xff\x00\x00\x00\x00\x5f\x79\xfe\xff\xa0\x86\x01\x00\x34\xb1\xff\xff\xcb\x4e\x00\x00\x14\x00\x00\xf0\x0b\x00\x00\x00"
    "\x00\xf8\xff\xff\x00\x00\x00\x00\x5f\x79\xfe\xff\xa0\x86\x01\x00\x1f\xb1\xff\xff\xe0\x4e\x00\x00\x1f\x00\x00\xf0\x00\x00\x00\x00"
    "\x00\xf8\xff\xff\x00\x00\x00\x00\x5f\x79\xfe\xff\xa0\x86\x01\x00\x0d\xb1\xff\xff\xf2\x4e\x00\x00\x0d\x00\x00\xf0\x12\x00\x00\x00"
    "\x00\xf8\xff\xff\x00\x00\x00\x00\x5f\x79\xfe\xff\xa0\x86\x01\x00\xfd\xb0\xff\xff\x02\x4f\x00\x00\x1d\x00\x00\xf0\x02\x00\x00\x00"
    "\x00\xf8\xff\xff\x00\x00\x00\x00\x5f\x79\xfe\xff\xa0\x86\x01\x00\xcf\xb0\xff\xff\x30\x4f\x00\x00\x0f\x00\x00\xf0\x10\x00\x00\x00"
    "\x00\xf8\xff\xff\x00\x00\x00\x00\x5f\x79\xfe\xff\xa0\x86\x01\x00\xc0\xb0\xff\xff\x3f\x4f\x00\x00\x00\x00\x00\xf0\x1f\x00\x00\x00"
    "\x00\xf8\xff\xff\x00\x00\x00\x00\x5f\x79\xfe\xff\xa0\x86\x01\x00\xa8\xb0\xff\xff\x57\x4f\x00\x00\x08\x00\x00\xf0\x17\x00\x00\x00"
    "\x00\xf8\xff\xff\x00\x00\x00\x00\x5f\x79\xfe\xff\xa0\x86\x01\x00\x99\xb0\xff\xff\x66\x4f\x00\x00\x19\x00\x00\xf0\x06\x00\x00\x00"
    "\x00\xf8\xff\xff\x00\x00\x00\x00\x5f\x79\xfe\xff\xa0\x86\x01\x00\x89\xb0\xff\xff\x76\x4f\x00\x00\x09\x00\x00\xf0\x16\x00\x00\x00"
    "\x00\xf8\xff\xff\x00\x00\x00\x00\x5f\x79\xfe\xff\xa0\x86\x01\x00\x74\xb0\xff\xff\x8b\x4f\x00\x00\x14\x00\x00\xf0\x0b\x00\x00\x00"
    "\x00\xf8\xff\xff\x00\x00\x00\x00\x5f\x79\xfe\xff\xa0\x86\x01\x00\x37\xb0\xff\xff\xc8\x4f\x00\x00\x17\x00\x00\xf0\x08\x00\x00\x00"
    "\x00\xf8\xff\xff\x00\x00\x00\x00\x5f\x79\xfe\xff\xa0\x86\x01\x00\x22\xb0\xff\xff\xdd\x4f\x00\x00\x02\x00\x00\xf0\x1d\x00\x00\x00"
    "\x00\xf8\xff\xff\x00\x00\x00\x00\x5f\x79\xfe\xff\xa0\x86\x01\x00\xaa\xab\xff\xff\x55\x54\x00\x00\x0a\x00\x00\xf0\x15\x00\x00\x00"
    "\x00\xf8\xff\xff\x00\x00\x00\x00\x5f\x79\xfe\xff\xa0\x86\x01\x00\x9b\xab\xff\xff\x64\x54\x00\x00\x1b\x00\x00\xf0\x04\x00\x00\x00"
    "\x00\xf8\xff\xff\x00\x00\x00\x00\x5f\x79\xfe\xff\xa0\x86\x01\x00\x86\xab\xff\xff\x79\x54\x00\x00\x06\x00\x00\xf0\x19\x00\x00\x00"
    "\x00\xf8\xff\xff\x00\x00\x00\x00\x5f\x79\xfe\xff\xa0\x86\x01\x00\x77\xab\xff\xff\x88\x54\x00\x00\x17\x00\x00\xf0\x08\x00\x00\x00"
    "\x00\xf8\xff\xff\x00\x00\x00\x00\x5f\x79\xfe\xff\xa0\x86\x01\x00\x64\xab\xff\xff\x9b\x54\x00\x00\x04\x00\x00\xf0\x1b\x00\x00\x00"
    "\x00\xf8\xff\xff\x00\x00\x00\x00\x5f\x79\xfe\xff\xa0\x86\x01\x00\x4e\xab\xff\xff\xb1\x54\x00\x00\x0e\x00\x00\xf0\x11\x00\x00\x00"
    "\x00\xf8\xff\xff\x00\x00\x00\x00\x5f\x79\xfe\xff\xa0\x86\x01\x00\x29\xab\xff\xff\xd6\x54\x00\x00\x09\x00\x00\xf0\x16\x00\x00\x00"
    "\x00\xf8\xff\xff\x00\x00\x00\x00\x5f\x79\xfe\xff\xa0\x86\x01\x00\x1a\xab\xff\xff\xe5\x54\x00\x00\x1a\x00\x00\xf0\x05\x00\x00\x00"
    "\x00\xf8\xff\xff\x00\x00\x00\x00\x5f\x79\xfe\xff\xa0\x86\x01\x00\x05\xab\xff\xff\xfa\x54\x00\x00\x05\x00\x00\xf0\x1a\x00\x00\x00"
    "\x00\xf8\xff\xff\x00\x00\x00\x00\x5f\x79\xfe\xff\xa0\x86\x01\x00\xda\xaa\xff\xff\x25\x55\x00\x00\x1a\x00\x00\xf0\x05\x00\x00\x00"
    "\x00\xf8\xff\xff\x00\x00\x00\x00\x5f\x79\xfe\xff\xa0\x86\x01\x00\xcb\xaa\xff\xff\x34\x55\x00\x00\x0b\x00\x00\xf0\x14\x00\x00\x00"
    "\x00\xf8\xff\xff\x00\x00\x00\x00\x5f\x79\xfe\xff\xa0\x86\x01\x00\xb5\xaa\xff\xff\x4a\x55\x00\x00\x15\x00\x00\xf0\x0a\x00\x00\x00"
    "\x00\xf8\xff\xff\x00\x00\x00\x00\x5f\x79\xfe\xff\xa0\x86\x01\x00\xa6\xaa\xff\xff\x59\x55\x00\x00\x06\x00\x00\xf0\x19\x00\x00\x00"
    "\x00\xf8\xff\xff\x00\x00\x00\x00\x5f\x79\xfe\xff\xa0\x86\x01\x00\x31\xaa\xff\xff\xce\x55\x00\x00\x11\x00\x00\xf0\x0e\x00\x00\x00"
    "\x00\xf8\xff\xff\x00\x00\x00\x00\x5f\x79\xfe\xff\xa0\x86\x01\x00\xf9\xa9\xff\xff\x06\x56\x00\x00\x19\x00\x00\xf0\x06\x00\x00\x00"
    "\x00\xf8\xff\xff\x00\x00\x00\x00\x5f\x79\xfe\xff\xa0\x86\x01\x00\xf8\xa9\xff\xff\x07\x56\x00\x00\x18\x00\x00\xf0\x07\x00\x00\x00"
    "\x00\xf8\xff\xff\x00\x00\x00\x00\x5f\x79\xfe\xff\xa0\x86\x01\x00\xf2\xa9\xff\xff\x0d\x56\x00\x00\x12\x00\x00\xf0\x0d\x00\x00\x00"
    "\x00\xf8\xff\xff\x00\x00\x00\x00\x5f\x79\xfe\xff\xa0\x86\x01\x00\xea\xa9\xff\xff\x15\x56\x00\x00\x0a\x00\x00\xf0\x15\x00\x00\x00"
    "\x00\xf8\xff\xff\x00\x00\x00\x00\x5f\x79\xfe\xff\xa0\x86\x01\x00\xe6\xa9\xff\xff\x19\x56\x00\x00\x06\x00\x00\xf0\x19\x00\x00\x00"
    "\x00\xf8\xff\xff\x00\x00\x00\x00\x5f\x79\xfe\xff\xa0\x86\x01\x00\xcb\xa9\xff\xff\x34\x56\x00\x00\x0b\x00\x00\xf0\x14\x00\x00\x00"
    "\x00\xf8\xff\xff\x00\x00\x00\x00\x5f\x79\xfe\xff\xa0\x86\x01\x00\xb1\xa9\xff\xff\x4e\x56\x00\x00\x11\x00\x00\xf0\x0e\x00\x00\x00"
    "\x00\xf8\xff\xff\x00\x00\x00\x00\x5f\x79\xfe\xff\xa0\x86\x01\x00\xa9\xa9\xff\xff\x56\x56\x00\x00\x09\x00\x00\xf0\x16\x00\x00\x00"
    "\x00\xf8\xff\xff\x00\x00\x00\x00\x5f\x79\xfe\xff\xa0\x86\x01\x00\x9a\xa9\xff\xff\x65\x56\x00\x00\x1a\x00\x00\xf0\x05\x00\x00\x00"
    "\x00\xf8\xff\xff\x00\x00\x00\x00\x5f\x79\xfe\xff\xa0\x86\x01\x00\x8a\xa9\xff\xff\x75\x56\x00\x00\x0a\x00\x00\xf0\x15\x00\x00\x00"
    "\x00\xf8\xff\xff\x00\x00\x00\x00\x5f\x79\xfe\xff\xa0\x86\x01\x00\x78\xa9\xff\xff\x87\x56\x00\x00\x18\x00\x00\xf0\x07\x00\x00\x00"
    "\x00\xf8\xff\xff\x00\x00\x00\x00\x5f\x79\xfe\xff\xa0\x86\x01\x00\x6c\xa7\xff\xff\x93\x58\x00\x00\x0c\x00\x00\xf0\x13\x00\x00\x00"
    "\x00\xf8\xff\xff\x00\x00\x00\x00\x5f\x79\xfe\xff\xa0\x86\x01\x00\x69\xa7\xff\xff\x96\x58\x00\x00\x09\x00\x00\xf0\x16\x00\x00\x00"
    "\x00\xf8\xff\xff\x00\x00\x00\x00\x5f\x79\xfe\xff\xa0\x86\x01\x00\x66\xa7\xff\xff\x99\x58\x00\x00\x06\x00\x00\xf0\x19\x00\x00\x00"
    "\x00\xf8\xff\xff\x00\x00\x00\x00\x5f\x79\xfe\xff\xa0\x86\x01\x00\x63\xa7\xff\xff\x9c\x58\x00\x00\x03\x00\x00\xf0\x1c\x00\x00\x00"
    "\x00\xf8\xff\xff\x00\x00\x00\x00\x5f\x79\xfe\xff\xa0\x86\x01\x00\x60\xa7\xff\xff\x9f\x58\x00\x00\x00\x00\x00\xf0\x1f\x00\x00\x00"
    "\x00\xf8\xff\xff\x00\x00\x00\x00\x5f\x79\xfe\xff\xa0\x86\x01\x00\x5d\xa7\xff\xff\xa2\x58\x00\x00\x1d\x00\x00\xf0\x02\x00\x00\x00"
    "\x00\xf8\xff\xff\x00\x00\x00\x00\x5f\x79\xfe\xff\xa0\x86\x01\x00\x59\xa7\xff\xff\xa6\x58\x00\x00\x19\x00\x00\xf0\x06\x00\x00\x00"
    "\x00\xf8\xff\xff\x00\x00\x00\x00\x5f\x79\xfe\xff\xa0\x86\x01\x00\x55\xa7\xff\xff\xaa\x58\x00\x00\x15\x00\x00\xf0\x0a\x00\x00\x00"
    "\x00\xf8\xff\xff\x00\x00\x00\x00\x5f\x79\xfe\xff\xa0\x86\x01\x00\x4f\xa7\xff\xff\xb0\x58\x00\x00\x0f\x00\x00\xf0\x10\x00\x00\x00"
    "\x00\xf8\xff\xff\x00\x00\x00\x00\x5f\x79\xfe\xff\xa0\x86\x01\x00\x4b\xa7\xff\xff\xb4\x58\x00\x00\x0b\x00\x00\xf0\x14\x00\x00\x00"
    "\x00\xf8\xff\xff\x00\x00\x00\x00\x5f\x79\xfe\xff\xa0\x86\x01\x00\x43\xa7\xff\xff\xbc\x58\x00\x00\x03\x00\x00\xf0\x1c\x00\x00\x00"
    "\x00\xf8\xff\xff\x00\x00\x00\x00\x5f\x79\xfe\xff\xa0\x86\x01\x00\x3f\xa7\xff\xff\xc0\x58\x00\x00\x1f\x00\x00\xf0\x00\x00\x00\x00"
    "\x00\xf8\xff\xff\x00\x00\x00\x00\x5f\x79\xfe\xff\xa0\x86\x01\x00\x3a\xa7\xff\xff\xc5\x58\x00\x00\x1a\x00\x00\xf0\x05\x00\x00\x00"
    "\x00\xf8\xff\xff\x00\x00\x00\x00\x5f\x79\xfe\xff\xa0\x86\x01\x00\x36\xa7\xff\xff\xc9\x58\x00\x00\x16\x00\x00\xf0\x09\x00\x00\x00"
    "\x00\xf8\xff\xff\x00\x00\x00\x00\x5f\x79\xfe\xff\xa0\x86\x01\x00\x32\xa7\xff\xff\xcd\x58\x00\x00\x12\x00\x00\xf0\x0d\x00\x00\x00"
    "\x00\xf8\xff\xff\x00\x00\x00\x00\x5f\x79\xfe\xff\xa0\x86\x01\x00\x2d\xa7\xff\xff\xd2\x58\x00\x00\x0d\x00\x00\xf0\x12\x00\x00\x00"
    "\x00\xf8\xff\xff\x00\x00\x00\x00\x5f\x79\xfe\xff\xa0\x86\x01\x00\x27\xa7\xff\xff\xd8\x58\x00\x00\x07\x00\x00\xf0\x18\x00\x00\x00"
    "\x00\xf8\xff\xff\x00\x00\x00\x00\x5f\x79\xfe\xff\xa0\x86\x01\x00\xdf\xa6\xff\xff\x20\x59\x00\x00\x1f\x00\x00\xf0\x00\x00\x00\x00"
    "\x00\xf8\xff\xff\x00\x00\x00\x00\x5f\x79\xfe\xff\xa0\x86\x01\x00\xd9\xa6\xff\xff\x26\x59\x00\x00\x19\x00\x00\xf0\x06\x00\x00\x00"
    "\x00\xf8\xff\xff\x00\x00\x00\x00\x5f\x79\xfe\xff\xa0\x86\x01\x00\xd4\xa6\xff\xff\x2b\x59\x00\x00\x14\x00\x00\xf0\x0b\x00\x00\x00"
    "\x00\xf8\xff\xff\x00\x00\x00\x00\x5f\x79\xfe\xff\xa0\x86\x01\x00\xd0\xa6\xff\xff\x2f\x59\x00\x00\x10\x00\x00\xf0\x0f\x00\x00\x00"
    "\x00\xf8\xff\xff\x00\x00\x00\x00\x5f\x79\xfe\xff\xa0\x86\x01\x00\xcc\xa6\xff\xff\x33\x59\x00\x00\x0c\x00\x00\xf0\x13\x00\x00\x00"
    "\x00\xf8\xff\xff\x00\x00\x00\x00\x5f\x79\xfe\xff\xa0\x86\x01\x00\xc8\xa6\xff\xff\x37\x59\x00\x00\x08\x00\x00\xf0\x17\x00\x00\x00"
    "\x00\xf8\xff\xff\x00\x00\x00\x00\x5f\x79\xfe\xff\xa0\x86\x01\x00\xc4\xa6\xff\xff\x3b\x59\x00\x00\x04\x00\x00\xf0\x1b\x00\x00\x00"
    "\x00\xf8\xff\xff\x00\x00\x00\x00\x5f\x79\xfe\xff\xa0\x86\x01\x00\xc0\xa6\xff\xff\x3f\x59\x00\x00\x00\x00\x00\xf0\x1f\x00\x00\x00"
    "\x00\xf8\xff\xff\x00\x00\x00\x00\x5f\x79\xfe\xff\xa0\x86\x01\x00\xef\xa5\xff\xff\x10\x5a\x00\x00\x0f\x00\x00\xf0\x10\x00\x00\x00"
    "\x00\xf8\xff\xff\x00\x00\x00\x00\x5f\x79\xfe\xff\xa0\x86\x01\x00\xec\xa5\xff\xff\x13\x5a\x00\x00\x0c\x00\x00\xf0\x13\x00\x00\x00"
    "\x00\xf8\xff\xff\x00\x00\x00\x00\x5f\x79\xfe\xff\xa0\x86\x01\x00\xe0\xa5\xff\xff\x1f\x5a\x00\x00\x00\x00\x00\xf0\x1f\x00\x00\x00"
    "\x00\xf8\xff\xff\x00\x00\x00\x00\x5f\x79\xfe\xff\xa0\x86\x01\x00\xd7\xa5\xff\xff\x28\x5a\x00\x00\x17\x00\x00\xf0\x08\x00\x00\x00"
    "\x00\xf8\xff\xff\x00\x00\x00\x00\x5f\x79\xfe\xff\xa0\x86\x01\x00\xd0\xa5\xff\xff\x2f\x5a\x00\x00\x10\x00\x00\xf0\x0f\x00\x00\x00"
    "\x00\xf8\xff\xff\x00\x00\x00\x00\x5f\x79\xfe\xff\xa0\x86\x01\x00\xc9\xa5\xff\xff\x36\x5a\x00\x00\x09\x00\x00\xf0\x16\x00\x00\x00"
    "\x00\xf8\xff\xff\x00\x00\x00\x00\x5f\x79\xfe\xff\xa0\x86\x01\x00\xc2\xa5\xff\xff\x3d\x5a\x00\x00\x02\x00\x00\xf0\x1d\x00\x00\x00"
    "\x00\xf8\xff\xff\x00\x00\x00\x00\x5f\x79\xfe\xff\xa0\x86\x01\x00\xbb\xa5\xff\xff\x44\x5a\x00\x00\x1b\x00\x00\xf0\x04\x00\x00\x00"
    "\x00\xf8\xff\xff\x00\x00\x00\x00\x5f\x79\xfe\xff\xa0\x86\x01\x00\x0f\xa5\xff\xff\xf0\x5a\x00\x00\x0f\x00\x00\xf0\x10\x00\x00\x00"
    "\x00\xf8\xff\xff\x00\x00\x00\x00\x5f\x79\xfe\xff\xa0\x86\x01\x00\x0a\xa5\xff\xff\xf5\x5a\x00\x00\x0a\x00\x00\xf0\x15\x00\x00\x00"
    "\x00\xf8\xff\xff\x00\x00\x00\x00\x5f\x79\xfe\xff\xa0\x86\x01\x00\xf3\xa4\xff\xff\x0c\x5b\x00\x00\x13\x00\x00\xf0\x0c\x00\x00\x00"
    "\x00\xf8\xff\xff\x00\x00\x00\x00\x5f\x79\xfe\xff\xa0\x86\x01\x00\xee\xa4\xff\xff\x11\x5b\x00\x00\x0e\x00\x00\xf0\x11\x00\x00\x00"
    "\x00\xf8\xff\xff\x00\x00\x00\x00\x5f\x79\xfe\xff\xa0\x86\x01\x00\xea\xa4\xff\xff\x15\x5b\x00\x00\x0a\x00\x00\xf0\x15\x00\x00\x00"
    "\x00\xf8\xff\xff\x00\x00\x00\x00\x5f\x79\xfe\xff\xa0\x86\x01\x00\xd0\xa4\xff\xff\x2f\x5b\x00\x00\x10\x00\x00\xf0\x0f\x00\x00\x00"
    "\x00\xf8\xff\xff\x00\x00\x00\x00\x5f\x79\xfe\xff\xa0\x86\x01\x00\xcb\xa4\xff\xff\x34\x5b\x00\x00\x0b\x00\x00\xf0\x14\x00\x00\x00"
    "\x00\xf8\xff\xff\x00\x00\x00\x00\x5f\x79\xfe\xff\xa0\x86\x01\x00\xc1\xa4\xff\xff\x3e\x5b\x00\x00\x01\x00\x00\xf0\x1e\x00\x00\x00"
    "\x00\xf8\xff\xff\x00\x00\x00\x00\x5f\x79\xfe\xff\xa0\x86\x01\x00\xb9\xa4\xff\xff\x46\x5b\x00\x00\x19\x00\x00\xf0\x06\x00\x00\x00"
    "\x00\xf8\xff\xff\x00\x00\x00\x00\x5f\x79\xfe\xff\xa0\x86\x01\x00\xb2\xa4\xff\xff\x4d\x5b\x00\x00\x12\x00\x00\xf0\x0d\x00\x00\x00"
    "\x00\xf8\xff\xff\x00\x00\x00\x00\x5f\x79\xfe\xff\xa0\x86\x01\x00\xab\xa4\xff\xff\x54\x5b\x00\x00\x0b\x00\x00\xf0\x14\x00\x00\x00"
    "\x00\xf8\xff\xff\x00\x00\x00\x00\x5f\x79\xfe\xff\xa0\x86\x01\x00\xa4\xa4\xff\xff\x5b\x5b\x00\x00\x04\x00\x00\xf0\x1b\x00\x00\x00"
    "\x00\xf8\xff\xff\x00\x00\x00\x00\x5f\x79\xfe\xff\xa0\x86\x01\x00\x97\xa4\xff\xff\x68\x5b\x00\x00\x17\x00\x00\xf0\x08\x00\x00\x00"
    "\x00\xf8\xff\xff\x00\x00\x00\x00\x5f\x79\xfe\xff\xa0\x86\x01\x00\x93\xa4\xff\xff\x6c\x5b\x00\x00\x13\x00\x00\xf0\x0c\x00\x00\x00"
    "\x00\xf8\xff\xff\x00\x00\x00\x00\x5f\x79\xfe\xff\xa0\x86\x01\x00\xec\xa3\xff\xff\x13\x5c\x00\x00\x0c\x00\x00\xf0\x13\x00\x00\x00"
    "\x00\xf8\xff\xff\x00\x00\x00\x00\x5f\x79\xfe\xff\xa0\x86\x01\x00\xcc\xa3\xff\xff\x33\x5c\x00\x00\x0c\x00\x00\xf0\x13\x00\x00\x00"
    "\x00\xf8\xff\xff\x00\x00\x00\x00\x5f\x79\xfe\xff\xa0\x86\x01\x00\x4d\x96\xff\xff\xb2\x69\x00\x00\x0d\x00\x00\xf0\x12\x00\x00\x00"
    "\x00\xf8\xff\xff\x00\x00\x00\x00\x5f\x79\xfe\xff\xa0\x86\x01\x00\x44\x96\xff\xff\xbb\x69\x00\x00\x04\x00\x00\xf0\x1b\x00\x00\x00"
    "\x00\xf8\xff\xff\x00\x00\x00\x00\x5f\x79\xfe\xff\xa0\x86\x01\x00\x3f\x96\xff\xff\xc0\x69\x00\x00\x1f\x00\x00\xf0\x00\x00\x00\x00"
    "\x00\xf8\xff\xff\x00\x00\x00\x00\x5f\x79\xfe\xff\xa0\x86\x01\x00\x20\x96\xff\xff\xdf\x69\x00\x00\x00\x00\x00\xf0\x1f\x00\x00\x00"
    "\x00\xf8\xff\xff\x00\x00\x00\x00\x5f\x79\xfe\xff\xa0\x86\x01\x00\x30\x95\xff\xff\xcf\x6a\x00\x00\x10\x00\x00\xf0\x0f\x00\x00\x00"
    "\x00\xf8\xff\xff\x00\x00\x00\x00\x5f\x79\xfe\xff\xa0\x86\x01\x00\x25\x95\xff\xff\xda\x6a\x00\x00\x05\x00\x00\xf0\x1a\x00\x00\x00"
    "\x00\xf8\xff\xff\x00\x00\x00\x00\x5f\x79\xfe\xff\xa0\x86\x01\x00\x1a\x95\xff\xff\xe5\x6a\x00\x00\x1a\x00\x00\xf0\x05\x00\x00\x00"
    "\x00\xf8\xff\xff\x00\x00\x00\x00\x5f\x79\xfe\xff\xa0\x86\x01\x00\x10\x95\xff\xff\xef\x6a\x00\x00\x10\x00\x00\xf0\x0f\x00\x00\x00"
    "\x00\xf8\xff\xff\x00\x00\x00\x00\x5f\x79\xfe\xff\xa0\x86\x01\x00\x3a\x94\xff\xff\xc5\x6b\x00\x00\x1a\x00\x00\xf0\x05\x00\x00\x00"
    "\x00\xf8\xff\xff\x00\x00\x00\x00\x5f\x79\xfe\xff\xa0\x86\x01\x00\x5a\x8d\xff\xff\xa5\x72\x00\x00\x1a\x00\x00\xf0\x05\x00\x00\x00"
    "\x00\xf8\xff\xff\x00\x00\x00\x00\x5f\x79\xfe\xff\xa0\x86\x01\x00\x55\x8d\xff\xff\xaa\x72\x00\x00\x15\x00\x00\xf0\x0a\x00\x00\x00"
    "\x00\xf8\xff\xff\x00\x00\x00\x00\x5f\x79\xfe\xff\xa0\x86\x01\x00\x46\x8d\xff\xff\xb9\x72\x00\x00\x06\x00\x00\xf0\x19\x00\x00\x00"
    "\x00\xf8\xff\xff\x00\x00\x00\x00\x5f\x79\xfe\xff\xa0\x86\x01\x00\x3e\x8d\xff\xff\xc1\x72\x00\x00\x1e\x00\x00\xf0\x01\x00\x00\x00"
    "\x00\xf8\xff\xff\x00\x00\x00\x00\x5f\x79\xfe\xff\xa0\x86\x01\x00\x22\x8d\xff\xff\xdd\x72\x00\x00\x02\x00\x00\xf0\x1d\x00\x00\x00"
    "\x00\xf8\xff\xff\x00\x00\x00\x00\x5f\x79\xfe\xff\xa0\x86\x01\x00\x10\x89\xff\xff\xef\x76\x00\x00\x10\x00\x00\xf0\x0f\x00\x00\x00"
    "\x00\xf8\xff\xff\x00\x00\x00\x00\x5f\x79\xfe\xff\xa0\x86\x01\x00\x0a\x89\xff\xff\xf5\x76\x00\x00\x0a\x00\x00\xf0\x15\x00\x00\x00"
    "\x00\xf8\xff\xff\x00\x00\x00\x00\x5f\x79\xfe\xff\xa0\x86\x01\x00\xf2\x88\xff\xff\x0d\x77\x00\x00\x12\x00\x00\xf0\x0d\x00\x00\x00"
    "\x00\xf8\xff\xff\x00\x00\x00\x00\x5f\x79\xfe\xff\xa0\x86\x01\x00\xec\x88\xff\xff\x13\x77\x00\x00\x0c\x00\x00\xf0\x13\x00\x00\x00"
    "\x00\xf8\xff\xff\x00\x00\x00\x00\x5f\x79\xfe\xff\xa0\x86\x01\x00\xe5\x88\xff\xff\x1a\x77\x00\x00\x05\x00\x00\xf0\x1a\x00\x00\x00"
    "\x00\xf8\xff\xff\x00\x00\x00\x00\x5f\x79\xfe\xff\xa0\x86\x01\x00\xce\x88\xff\xff\x31\x77\x00\x00\x0e\x00\x00\xf0\x11\x00\x00\x00"
    "\x00\xf8\xff\xff\x00\x00\x00\x00\x5f\x79\xfe\xff\xa0\x86\x01\x00\xc6\x88\xff\xff\x39\x77\x00\x00\x06\x00\x00\xf0\x19\x00\x00\x00"
    "\x00\xf8\xff\xff\x00\x00\x00\x00\x5f\x79\xfe\xff\xa0\x86\x01\x00\x9f\x88\xff\xff\x60\x77\x00\x00\x1f\x00\x00\xf0\x00\x00\x00\x00"
    "\x00\xf8\xff\xff\x00\x00\x00\x00\x5f\x79\xfe\xff\xa0\x86\x01\x00\x8f\x88\xff\xff\x70\x77\x00\x00\x0f\x00\x00\xf0\x10\x00\x00\x00"
    "\x00\xf8\xff\xff\x00\x00\x00\x00\x5f\x79\xfe\xff\xa0\x86\x01\x00\x84\x88\xff\xff\x7b\x77\x00\x00\x04\x00\x00\xf0\x1b\x00\x00\x00"
    "\x00\xf8\xff\xff\x00\x00\x00\x00\x5f\x79\xfe\xff\xa0\x86\x01\x00\x79\x88\xff\xff\x86\x77\x00\x00\x19\x00\x00\xf0\x06\x00\x00\x00"
    "\x00\xf8\xff\xff\x00\x00\x00\x00\x5f\x79\xfe\xff\xa0\x86\x01\x00\x71\x88\xff\xff\x8e\x77\x00\x00\x11\x00\x00\xf0\x0e\x00\x00\x00"
    "\x00\xf8\xff\xff\x00\x00\x00\x00\x5f\x79\xfe\xff\xa0\x86\x01\x00\x5c\x88\xff\xff\xa3\x77\x00\x00\x1c\x00\x00\xf0\x03\x00\x00\x00"
    "\x00\xf8\xff\xff\x00\x00\x00\x00\x5f\x79\xfe\xff\xa0\x86\x01\x00\x46\x88\xff\xff\xb9\x77\x00\x00\x06\x00\x00\xf0\x19\x00\x00\x00"
    "\x00\xf8\xff\xff\x00\x00\x00\x00\x5f\x79\xfe\xff\xa0\x86\x01\x00\xc2\x87\xff\xff\x3d\x78\x00\x00\x02\x00\x00\xf0\x1d\x00\x00\x00"
    "\x00\xf8\xff\xff\x00\x00\x00\x00\x5f\x79\xfe\xff\xa0\x86\x01\x00\xbb\x87\xff\xff\x44\x78\x00\x00\x1b\x00\x00\xf0\x04\x00\x00\x00"
    "\x00\xf8\xff\xff\x00\x00\x00\x00\x5f\x79\xfe\xff\xa0\x86\x01\x00\xb6\x87\xff\xff\x49\x78\x00\x00\x16\x00\x00\xf0\x09\x00\x00\x00"
    "\x00\xf8\xff\xff\x00\x00\x00\x00\x5f\x79\xfe\xff\xa0\x86\x01\x00\xb1\x87\xff\xff\x4e\x78\x00\x00\x11\x00\x00\xf0\x0e\x00\x00\x00"
    "\x00\xf8\xff\xff\x00\x00\x00\x00\x5f\x79\xfe\xff\xa0\x86\x01\x00\xab\x87\xff\xff\x54\x78\x00\x00\x0b\x00\x00\xf0\x14\x00\x00\x00"
    "\x00\xf8\xff\xff\x00\x00\x00\x00\x5f\x79\xfe\xff\xa0\x86\x01\x00\xa6\x87\xff\xff\x59\x78\x00\x00\x06\x00\x00\xf0\x19\x00\x00\x00"
    "\x00\xf8\xff\xff\x00\x00\x00\x00\x5f\x79\xfe\xff\xa0\x86\x01\x00\x93\x87\xff\xff\x6c\x78\x00\x00\x13\x00\x00\xf0\x0c\x00\x00\x00"
    "\x00\xf8\xff\xff\x00\x00\x00\x00\x5f\x79\xfe\xff\xa0\x86\x01\x00\x8c\x87\xff\xff\x73\x78\x00\x00\x0c\x00\x00\xf0\x13\x00\x00\x00"
    "\x00\xf8\xff\xff\x00\x00\x00\x00\x5f\x79\xfe\xff\xa0\x86\x01\x00\x15\x87\xff\xff\xea\x78\x00\x00\x15\x00\x00\xf0\x0a\x00\x00\x00"
    "\x00\xf8\xff\xff\x00\x00\x00\x00\x5f\x79\xfe\xff\xa0\x86\x01\x00\x12\x87\xff\xff\xed\x78\x00\x00\x12\x00\x00\xf0\x0d\x00\x00\x00"
    "\x00\xf8\xff\xff\x00\x00\x00\x00\x5f\x79\xfe\xff\xa0\x86\x01\x00\x0f\x87\xff\xff\xf0\x78\x00\x00\x0f\x00\x00\xf0\x10\x00\x00\x00"
    "\x00\xf8\xff\xff\x00\x00\x00\x00\x5f\x79\xfe\xff\xa0\x86\x01\x00\xf4\x86\xff\xff\x0b\x79\x00\x00\x14\x00\x00\xf0\x0b\x00\x00\x00"
    "\x00\xf8\xff\xff\x00\x00\x00\x00\x5f\x79\xfe\xff\xa0\x86\x01\x00\xe9\x86\xff\xff\x16\x79\x00\x00\x09\x00\x00\xf0\x16\x00\x00\x00"
    "\x00\xf8\xff\xff\x00\x00\x00\x00\x5f\x79\xfe\xff\xa0\x86\x01\x00\xde\x86\xff\xff\x21\x79\x00\x00\x1e\x00\x00\xf0\x01\x00\x00\x00"
    "\x00\xf8\xff\xff\x00\x00\x00\x00\x5f\x79\xfe\xff\xa0\x86\x01\x00\xd0\x86\xff\xff\x2f\x79\x00\x00\x10\x00\x00\xf0\x0f\x00\x00\x00"
    "\x00\xf8\xff\xff\x00\x00\x00\x00\x5f\x79\xfe\xff\xa0\x86\x01\x00\xcd\x86\xff\xff\x32\x79\x00\x00\x0d\x00\x00\xf0\x12\x00\x00\x00"
    "\x00\xf8\xff\xff\x00\x00\x00\x00\x5f\x79\xfe\xff\xa0\x86\x01\x00\xc1\x86\xff\xff\x3e\x79\x00\x00\x01\x00\x00\xf0\x1e\x00\x00\x00"
    "\x00\xf8\xff\xff\x00\x00\x00\x00\x5f\x79\xfe\xff\xa0\x86\x01\x00\xb5\x86\xff\xff\x4a\x79\x00\x00\x15\x00\x00\xf0\x0a\x00\x00\x00"
    "\x00\xf8\xff\xff\x00\x00\x00\x00\x5f\x79\xfe\xff\xa0\x86\x01\x00\x7e\x86\xff\xff\x81\x79\x00\x00\x1e\x00\x00\xf0\x01\x00\x00\x00"
    "\x00\xf8\xff\xff\x00\x00\x00\x00\x5f\x79\xfe\xff\xa0\x86\x01\x00\x72\x86\xff\xff\x8d\x79\x00\x00\x12\x00\x00\xf0\x0d\x00\x00\x00"
    "\x00\xf8\xff\xff\x00\x00\x00\x00\x5f\x79\xfe\xff\xa0\x86\x01\x00\x65\x86\xff\xff\x9a\x79\x00\x00\x05\x00\x00\xf0\x1a\x00\x00\x00"
    "\x00\xf8\xff\xff\x00\x00\x00\x00\x5f\x79\xfe\xff\xa0\x86\x01\x00\x1b\x86\xff\xff\xe4\x79\x00\x00\x1b\x00\x00\xf0\x04\x00\x00\x00"
    "\x00\xf8\xff\xff\x00\x00\x00\x00\x5f\x79\xfe\xff\xa0\x86\x01\x00\x0c\x86\xff\xff\xf3\x79\x00\x00\x0c\x00\x00\xf0\x13\x00\x00\x00"
    "\x00\xf8\xff\xff\x00\x00\x00\x00\x5f\x79\xfe\xff\xa0\x86\x01\x00\xf6\x85\xff\xff\x09\x7a\x00\x00\x16\x00\x00\xf0\x09\x00\x00\x00"
    "\x00\xf8\xff\xff\x00\x00\x00\x00\x5f\x79\xfe\xff\xa0\x86\x01\x00\xe8\x85\xff\xff\x17\x7a\x00\x00\x08\x00\x00\xf0\x17\x00\x00\x00"
    "\x00\xf8\xff\xff\x00\x00\x00\x00\x5f\x79\xfe\xff\xa0\x86\x01\x00\xd8\x85\xff\xff\x27\x7a\x00\x00\x18\x00\x00\xf0\x07\x00\x00\x00"
    "\x00\xf8\xff\xff\x00\x00\x00\x00\x5f\x79\xfe\xff\xa0\x86\x01\x00\x23\x85\xff\xff\xdc\x7a\x00\x00\x03\x00\x00\xf0\x1c\x00\x00\x00"
    "\x00\xf8\xff\xff\x00\x00\x00\x00\x5f\x79\xfe\xff\xa0\x86\x01\x00\x09\x85\xff\xff\xf6\x7a\x00\x00\x09\x00\x00\xf0\x16\x00\x00\x00"
    "\x00\xf8\xff\xff\x00\x00\x00\x00\x5f\x79\xfe\xff\xa0\x86\x01\x00\x04\x85\xff\xff\xfb\x7a\x00\x00\x04\x00\x00\xf0\x1b\x00\x00\x00"
    "\x00\xf8\xff\xff\x00\x00\x00\x00\x5f\x79\xfe\xff\xa0\x86\x01\x00\xff\x84\xff\xff\x00\x7b\x00\x00\x1f\x00\x00\xf0\x00\x00\x00\x00"
    "\x00\xf8\xff\xff\x00\x00\x00\x00\x5f\x79\xfe\xff\xa0\x86\x01\x00\xfa\x84\xff\xff\x05\x7b\x00\x00\x1a\x00\x00\xf0\x05\x00\x00\x00"
    "\x00\xf8\xff\xff\x00\x00\x00\x00\x5f\x79\xfe\xff\xa0\x86\x01\x00\xf5\x84\xff\xff\x0a\x7b\x00\x00\x15\x00\x00\xf0\x0a\x00\x00\x00"
    "\x00\xf8\xff\xff\x00\x00\x00\x00\x5f\x79\xfe\xff\xa0\x86\x01\x00\xf0\x84\xff\xff\x0f\x7b\x00\x00\x10\x00\x00\xf0\x0f\x00\x00\x00"
    "\x00\xf8\xff\xff\x00\x00\x00\x00\x5f\x79\xfe\xff\xa0\x86\x01\x00\xeb\x84\xff\xff\x14\x7b\x00\x00\x0b\x00\x00\xf0\x14\x00\x00\x00"
    "\x00\xf8\xff\xff\x00\x00\x00\x00\x5f\x79\xfe\xff\xa0\x86\x01\x00\xe5\x84\xff\xff\x1a\x7b\x00\x00\x05\x00\x00\xf0\x1a\x00\x00\x00"
    "\x00\xf8\xff\xff\x00\x00\x00\x00\x5f\x79\xfe\xff\xa0\x86\x01\x00\xe0\x84\xff\xff\x1f\x7b\x00\x00\x00\x00\x00\xf0\x1f\x00\x00\x00"
    "\x00\xf8\xff\xff\x00\x00\x00\x00\x5f\x79\xfe\xff\xa0\x86\x01\x00\xdb\x84\xff\xff\x24\x7b\x00\x00\x1b\x00\x00\xf0\x04\x00\x00\x00"
    "\x00\xf8\xff\xff\x00\x00\x00\x00\x5f\x79\xfe\xff\xa0\x86\x01\x00\xd6\x84\xff\xff\x29\x7b\x00\x00\x16\x00\x00\xf0\x09\x00\x00\x00"
    "\x00\xf8\xff\xff\x00\x00\x00\x00\x5f\x79\xfe\xff\xa0\x86\x01\x00\xd1\x84\xff\xff\x2e\x7b\x00\x00\x11\x00\x00\xf0\x0e\x00\x00\x00"
    "\x00\xf8\xff\xff\x00\x00\x00\x00\x5f\x79\xfe\xff\xa0\x86\x01\x00\xcc\x84\xff\xff\x33\x7b\x00\x00\x0c\x00\x00\xf0\x13\x00\x00\x00"
    "\x00\xf8\xff\xff\x00\x00\x00\x00\x5f\x79\xfe\xff\xa0\x86\x01\x00\xc7\x84\xff\xff\x38\x7b\x00\x00\x07\x00\x00\xf0\x18\x00\x00\x00"
    "\x00\xf8\xff\xff\x00\x00\x00\x00\x5f\x79\xfe\xff\xa0\x86\x01\x00\xc0\x84\xff\xff\x3f\x7b\x00\x00\x00\x00\x00\xf0\x1f\x00\x00\x00"
    "\x00\xf8\xff\xff\x00\x00\x00\x00\x5f\x79\xfe\xff\xa0\x86\x01\x00\xbb\x84\xff\xff\x44\x7b\x00\x00\x1b\x00\x00\xf0\x04\x00\x00\x00"
    "\x00\xf8\xff\xff\x00\x00\x00\x00\x5f\x79\xfe\xff\xa0\x86\x01\x00\xaf\x84\xff\xff\x50\x7b\x00\x00\x0f\x00\x00\xf0\x10\x00\x00\x00"
    "\x00\xf8\xff\xff\x00\x00\x00\x00\x5f\x79\xfe\xff\xa0\x86\x01\x00\xaa\x84\xff\xff\x55\x7b\x00\x00\x0a\x00\x00\xf0\x15\x00\x00\x00"
    "\x00\xf8\xff\xff\x00\x00\x00\x00\x5f\x79\xfe\xff\xa0\x86\x01\x00\xa4\x84\xff\xff\x5b\x7b\x00\x00\x04\x00\x00\xf0\x1b\x00\x00\x00"
    "\x00\xf8\xff\xff\x00\x00\x00\x00\x5f\x79\xfe\xff\xa0\x86\x01\x00\xa1\x84\xff\xff\x5e\x7b\x00\x00\x01\x00\x00\xf0\x1e\x00\x00\x00"
    "\x00\xf8\xff\xff\x00\x00\x00\x00\x5f\x79\xfe\xff\xa0\x86\x01\x00\x58\x84\xff\xff\xa7\x7b\x00\x00\x18\x00\x00\xf0\x07\x00\x00\x00"
    "\x00\xf8\xff\xff\x00\x00\x00\x00\x5f\x79\xfe\xff\xa0\x86\x01\x00\x52\x84\xff\xff\xad\x7b\x00\x00\x12\x00\x00\xf0\x0d\x00\x00\x00"
    "\x00\xf8\xff\xff\x00\x00\x00\x00\x5f\x79\xfe\xff\xa0\x86\x01\x00\x4b\x84\xff\xff\xb4\x7b\x00\x00\x0b\x00\x00\xf0\x14\x00\x00\x00"
    "\x00\xf8\xff\xff\x00\x00\x00\x00\x5f\x79\xfe\xff\xa0\x86\x01\x00\x45\x84\xff\xff\xba\x7b\x00\x00\x05\x00\x00\xf0\x1a\x00\x00\x00"
    "\x00\xf8\xff\xff\x00\x00\x00\x00\x5f\x79\xfe\xff\xa0\x86\x01\x00\x1d\x84\xff\xff\xe2\x7b\x00\x00\x1d\x00\x00\xf0\x02\x00\x00\x00"
    "\x00\xf8\xff\xff\x00\x00\x00\x00\x5f\x79\xfe\xff\xa0\x86\x01\x00\x19\x84\xff\xff\xe6\x7b\x00\x00\x19\x00\x00\xf0\x06\x00\x00\x00"
    "\x00\xf8\xff\xff\x00\x00\x00\x00\x5f\x79\xfe\xff\xa0\x86\x01\x00\x15\x84\xff\xff\xea\x7b\x00\x00\x15\x00\x00\xf0\x0a\x00\x00\x00"
    "\x00\xf8\xff\xff\x00\x00\x00\x00\x5f\x79\xfe\xff\xa0\x86\x01\x00\x0e\x84\xff\xff\xf1\x7b\x00\x00\x0e\x00\x00\xf0\x11\x00\x00\x00"
    "\x00\xf8\xff\xff\x00\x00\x00\x00\x5f\x79\xfe\xff\xa0\x86\x01\x00\x07\x84\xff\xff\xf8\x7b\x00\x00\x07\x00\x00\xf0\x18\x00\x00\x00"
    "\x00\xf8\xff\xff\x00\x00\x00\x00\x5f\x79\xfe\xff\xa0\x86\x01\x00\xff\x83\xff\xff\x00\x7c\x00\x00\x1f\x00\x00\xf0\x00\x00\x00\x00"
    "\x00\xf8\xff\xff\x00\x00\x00\x00\x5f\x79\xfe\xff\xa0\x86\x01\x00\xf6\x83\xff\xff\x09\x7c\x00\x00\x16\x00\x00\xf0\x09\x00\x00\x00"
    "\x00\xf8\xff\xff\x00\x00\x00\x00\x5f\x79\xfe\xff\xa0\x86\x01\x00\xf0\x83\xff\xff\x0f\x7c\x00\x00\x10\x00\x00\xf0\x0f\x00\x00\x00"
    "\x00\xf8\xff\xff\x00\x00\x00\x00\x5f\x79\xfe\xff\xa0\x86\x01\x00\xe5\x83\xff\xff\x1a\x7c\x00\x00\x05\x00\x00\xf0\x1a\x00\x00\x00"
    "\x00\xf8\xff\xff\x00\x00\x00\x00\x5f\x79\xfe\xff\xa0\x86\x01\x00\xdf\x83\xff\xff\x20\x7c\x00\x00\x1f\x00\x00\xf0\x00\x00\x00\x00"
    "\x00\xf8\xff\xff\x00\x00\x00\x00\x5f\x79\xfe\xff\xa0\x86\x01\x00\xa0\x83\xff\xff\x5f\x7c\x00\x00\x00\x00\x00\xf0\x1f\x00\x00\x00"
    "\x00\xf8\xff\xff\x00\x00\x00\x00\x5f\x79\xfe\xff\xa0\x86\x01\x00\x6b\x83\xff\xff\x94\x7c\x00\x00\x0b\x00\x00\xf0\x14\x00\x00\x00"
    "\x00\xf8\xff\xff\x00\x00\x00\x00\x5f\x79\xfe\xff\xa0\x86\x01\x00\x68\x83\xff\xff\x97\x7c\x00\x00\x08\x00\x00\xf0\x17\x00\x00\x00"
    "\x00\xf8\xff\xff\x00\x00\x00\x00\x5f\x79\xfe\xff\xa0\x86\x01\x00\x65\x83\xff\xff\x9a\x7c\x00\x00\x05\x00\x00\xf0\x1a\x00\x00\x00"
    "\x00\xf8\xff\xff\x00\x00\x00\x00\x5f\x79\xfe\xff\xa0\x86\x01\x00\x62\x83\xff\xff\x9d\x7c\x00\x00\x02\x00\x00\xf0\x1d\x00\x00\x00"
    "\x00\xf8\xff\xff\x00\x00\x00\x00\x5f\x79\xfe\xff\xa0\x86\x01\x00\x5b\x83\xff\xff\xa4\x7c\x00\x00\x1b\x00\x00\xf0\x04\x00\x00\x00"
    "\x00\xf8\xff\xff\x00\x00\x00\x00\x5f\x79\xfe\xff\xa0\x86\x01\x00\x4c\x83\xff\xff\xb3\x7c\x00\x00\x0c\x00\x00\xf0\x13\x00\x00\x00"
    "\x00\xf8\xff\xff\x00\x00\x00\x00\x5f\x79\xfe\xff\xa0\x86\x01\x00\x2d\x83\xff\xff\xd2\x7c\x00\x00\x0d\x00\x00\xf0\x12\x00\x00\x00"
    "\x00\xf8\xff\xff\x00\x00\x00\x00\x5f\x79\xfe\xff\xa0\x86\x01\x00\x28\x83\xff\xff\xd7\x7c\x00\x00\x08\x00\x00\xf0\x17\x00\x00\x00"
    "\x00\xf8\xff\xff\x00\x00\x00\x00\x5f\x79\xfe\xff\xa0\x86\x01\x00\xfb\x82\xff\xff\x04\x7d\x00\x00\x1b\x00\x00\xf0\x04\x00\x00\x00"
    "\x00\xf8\xff\xff\x00\x00\x00\x00\x5f\x79\xfe\xff\xa0\x86\x01\x00\xf6\x82\xff\xff\x09\x7d\x00\x00\x16\x00\x00\xf0\x09\x00\x00\x00"
    "\x00\xf8\xff\xff\x00\x00\x00\x00\x5f\x79\xfe\xff\xa0\x86\x01\x00\x49\x7e\xff\xff\xb6\x81\x00\x00\x09\x00\x00\xf0\x16\x00\x00\x00"
    "\x00\xf8\xff\xff\x00\x00\x00\x00\x5f\x79\xfe\xff\xa0\x86\x01\x00\x40\x7e\xff\xff\xbf\x81\x00\x00\x00\x00\x00\xf0\x1f\x00\x00\x00"
    "\x00\xf8\xff\xff\x00\x00\x00\x00\x5f\x79\xfe\xff\xa0\x86\x01\x00\x3e\x7c\xff\xff\xc1\x83\x00\x00\x1e\x00\x00\xf0\x01\x00\x00\x00"
    "\x00\xf8\xff\xff\x00\x00\x00\x00\x5f\x79\xfe\xff\xa0\x86\x01\x00\x3b\x7c\xff\xff\xc4\x83\x00\x00\x1b\x00\x00\xf0\x04\x00\x00\x00"
    "\x00\xf8\xff\xff\x00\x00\x00\x00\x5f\x79\xfe\xff\xa0\x86\x01\x00\x31\x7c\xff\xff\xce\x83\x00\x00\x11\x00\x00\xf0\x0e\x00\x00\x00"
    "\x00\xf8\xff\xff\x00\x00\x00\x00\x5f\x79\xfe\xff\xa0\x86\x01\x00\x2e\x7c\xff\xff\xd1\x83\x00\x00\x0e\x00\x00\xf0\x11\x00\x00\x00"
    "\x00\xf8\xff\xff\x00\x00\x00\x00\x5f\x79\xfe\xff\xa0\x86\x01\x00\x2b\x7c\xff\xff\xd4\x83\x00\x00\x0b\x00\x00\xf0\x14\x00\x00\x00"
    "\x00\xf8\xff\xff\x00\x00\x00\x00\x5f\x79\xfe\xff\xa0\x86\x01\x00\x05\x7c\xff\xff\xfa\x83\x00\x00\x05\x00\x00\xf0\x1a\x00\x00\x00"
    "\x00\xf8\xff\xff\x00\x00\x00\x00\x5f\x79\xfe\xff\xa0\x86\x01\x00\xa1\x1c\xff\xff\x5e\xe3\x00\x00\x01\x00\x00\xf0\x1e\x00\x00\x00"
    "\x00\xf8\xff\xff\x00\x00\x00\x00\x5f\x79\xfe\xff\xa0\x86\x01\x00\x9d\x1c\xff\xff\x62\xe3\x00\x00\x1d\x00\x00\xf0\x02\x00\x00\x00"
    "\x00\xf8\xff\xff\x00\x00\x00\x00\x5f\x79\xfe\xff\xa0\x86\x01\x00\x78\x1c\xff\xff\x87\xe3\x00\x00\x18\x00\x00\xf0\x07\x00\x00\x00"
    "\x00\xf8\xff\xff\x00\x00\x00\x00\x5f\x79\xfe\xff\xa0\x86\x01\x00\x6f\x1c\xff\xff\x90\xe3\x00\x00\x0f\x00\x00\xf0\x10\x00\x00\x00"
    "\x00\xf8\xff\xff\x00\x00\x00\x00\x5f\x79\xfe\xff\xa0\x86\x01\x00\x6c\x1c\xff\xff\x93\xe3\x00\x00\x0c\x00\x00\xf0\x13\x00\x00\x00"
    "\x00\xf8\xff\xff\x00\x00\x00\x00\x5f\x79\xfe\xff\xa0\x86\x01\x00\x62\x1c\xff\xff\x9d\xe3\x00\x00\x02\x00\x00\xf0\x1d\x00\x00\x00"
    "\x00\xf8\xff\xff\x00\x00\x00\x00\x5f\x79\xfe\xff\xa0\x86\x01\x00\x5f\x1c\xff\xff\xa0\xe3\x00\x00\x1f\x00\x00\xf0\x00\x00\x00\x00"
    "\x00\xf8\xff\xff\x00\x00\x00\x00\x5f\x79\xfe\xff\xa0\x86\x01\x00\xff\x1b\xff\xff\x00\xe4\x00\x00\x1f\x00\x00\xf0\x00\x00\x00\x00"
    "\x00\xf8\xff\xff\x00\x00\x00\x00\x5f\x79\xfe\xff\xa0\x86\x01\x00\xf7\x1b\xff\xff\x08\xe4\x00\x00\x17\x00\x00\xf0\x08\x00\x00\x00"
    "\x00\xf8\xff\xff\x00\x00\x00\x00\x5f\x79\xfe\xff\xa0\x86\x01\x00\xed\x1b\xff\xff\x12\xe4\x00\x00\x0d\x00\x00\xf0\x12\x00\x00\x00"
    "\x00\xf8\xff\xff\x00\x00\x00\x00\x5f\x79\xfe\xff\xa0\x86\x01\x00\xa9\x15\xff\xff\x56\xea\x00\x00\x09\x00\x00\xf0\x16\x00\x00\x00"
    "\x00\xf8\xff\xff\x00\x00\x00\x00\x5f\x79\xfe\xff\xa0\x86\x01\x00\xa3\x15\xff\xff\x5c\xea\x00\x00\x03\x00\x00\xf0\x1c\x00\x00\x00"
    "\x00\xf8\xff\xff\x00\x00\x00\x00\x5f\x79\xfe\xff\xa0\x86\x01\x00\x9e\x15\xff\xff\x61\xea\x00\x00\x1e\x00\x00\xf0\x01\x00\x00\x00";
static const unsigned char kBlob_bw64_0[] =
    "\x00\x00\x00\x00\xff\xff\xff\xff\x00\x00\x00\x00\x00\x00\x00\x00\xf5\xff\xff\xff\xff\xff\xff\xff\x0a\x00\x00\x00\x00\x00\x00\x00\x00\x00\x00\x00\xff\xff\xff\xff\x00\x00\x00\x00\x00\x00\x00\x00\x00\x00\x00\x00\xf0\xff\xff\xff\x00\x00\x00\x00\x00\x00\x00\x00"
    "\xc0\xff\xff\xff\xff\xff\xff\xff\x00\x00\x00\x00\x00\x00\x00\x00\xf6\xff\xff\xff\xff\xff\xff\xff\x09\x00\x00\x00\x00\x00\x00\x00\xb6\xff\xff\xff\xff\xff\xff\xff\x49\x00\x00\x00\x00\x00\x00\x00\x00\xfc\xff\xff\xff\xff\xff\xff\x00\x00\x00\x00\x00\x00\x00\x00"
    "\x00\x00\x00\x00\xff\xff\xff\xff\x00\x00\x00\x00\x00\x00\x00\x00\xfa\xff\xff\xff\xff\xff\xff\xff\x05\x00\x00\x00\x00\x00\x00\x00\x00\x00\x00\x00\xff\xff\xff\xff\x00\x00\x00\x00\x00\x00\x00\x00\x00\x00\x00\x00\xf8\xff\xff\xff\x00\x00\x00\x00\x00\x00\x00\x00"
    "\x00\x00\x00\x80\xff\xff\xff\xff\x00\x00\x00\x00\x00\x00\x00\x00\x00\x00\x00\x80\xff\xff\xff\xff\x00\x00\x00\x00\x00\x00\x00\x00\x00\x00\x00\x80\xff\xff\xff\xff\x00\x00\x00\x00\x00\x00\x00\x00\x00\x00\x00\x00\x00\x00\x00\xc0\x00\x00\x00\x00\x00\x00\x00\x00"
    "\x00\x00\x00\x00\xff\xff\xff\xff\x00\x00\x00\x00\x00\x00\x00\x00\xfc\xff\xff\xff\xff\xff\xff\xff\x03\x00\x00\x00\x00\x00\x00\x00\xfe\xff\xff\xff\xff\xff\xff\xff\x01\x00\x00\x00\x00\x00\x00\x00\x00\x00\x00\x00\xfc\xff\xff\xff\x00\x00\x00\x00\x00\x00\x00\x00"
    "\x00\x00\x00\x00\xff\xff\xff\xff\x00\x00\x00\x00\x00\x00\x00\x00\x37\xff\xff\xff\xff\xff\xff\xff\xc8\x00\x00\x00\x00\x00\x00\x00\xf7\xff\xff\xff\xff\xff\xff\xff\x08\x00\x00\x00\x00\x00\x00\x00\x07\x00\x00\x00\x00\xff\xff\xff\x00\x00\x00\x00\x00\x00\x00\x00"
    "\x00\x00\x00\x00\xff\xff\xff\xff\x00\x00\x00\x00\x00\x00\x00\x00\xc7\xff\xff\xff\xff\xff\xff\xff\x38\x00\x00\x00\x00\x00\x00\x00\xf7\xff\xff\xff\xff\xff\xff\xff\x08\x00\x00\x00\x00\x00\x00\x00\x07\x00\x00\x00\xc0\xff\xff\xff\x00\x00\x00\x00\x00\x00\x00\x00"
    "\x00\x00\x00\x00\xff\xff\xff\xff\x00\x00\x00\x00\x00\x00\x00\x00\x67\xff\xff\xff\xff\xff\xff\xff\x98\x00\x00\x00\x00\x00\x00\x00\xf7\xff\xff\xff\xff\xff\xff\xff\x08\x00\x00\x00\x00\x00\x00\x00\x07\x00\x00\x00\x00\xff\xff\xff\x00\x00\x00\x00\x00\x00\x00\x00"
    "\x00\x00\xe0\xff\xff\xff\xff\xff\x00\x00\x00\x00\x00\x00\x00\x00\x00\x00\xe0\xff\xff\xff\xff\xff\x00\x00\x00\x00\x00\x00\x00\x00\x00\x00\xe0\xff\xff\xff\xff\xff\x00\x00\x00\x00\x00\x00\x00\x00\x00\x00\x00\x00\x00\xfc\xff\xff\x00\x00\x00\x00\x00\x00\x00\x00"
    "\x00\x00\x00\x00\xff\xff\xff\xff\x00\x00\x00\x00\x00\x00\x00\x00\xf5\xff\xff\xff\xff\xff\xff\xff\x0a\x00\x00\x00\x00\x00\x00\x00\x01\x00\x00\x00\xff\xff\xff\xff\x00\x00\x00\x00\x00\x00\x00\x00\x01\x00\x00\x00\xf0\xff\xff\xff\x00\x00\x00\x00\x00\x00\x00\x00"
    "\x00\x00\x00\xe0\xff\xff\xff\xff\x00\x00\x00\x00\x00\x00\x00\x00\xff\xe0\xf5\x05\xff\xff\xff\xff\x00\x1f\x0a\xfa\x00\x00\x00\x00\x00\x00\x00\x00\x00\x00\x80\xff\x00\x00\x00\x00\x00\x00\x00\x00\x00\x00\x00\x00\x00\x00\x00\xe0\x00\x00\x00\x00\x00\x00\x00\x00"
    "\x00\x00\xe0\xff\xff\xff\xff\xff\x00\x00\x00\x00\x00\x00\x00\x00\xec\xd3\xf5\xff\xff\xff\xff\xff\x13\x2c\x0a\x00\x00\x00\x00\x00\x00\x00\xe0\xff\xff\xff\xff\xff\x00\x00\x00\x00\x00\x00\x00\x00\x00\x00\x00\x00\x00\xfe\xff\xff\x00\x00\x00\x00\x00\x00\x00\x00"
    "\x00\x00\x00\x00\xff\xff\xff\xff\x00\x00\x00\x00\x00\x00\x00\x00\x97\xff\xff\xff\xff\xff\xff\xff\x68\x00\x00\x00\x00\x00\x00\x00\x07\x00\x00\x00\xf8\xff\xff\xff\x00\x00\x00\x00\x00\x00\x00\x00\x07\x00\x00\x00\x80\xff\xff\xff\x00\x00\x00\x00\x00\x00\x00\x00"
    "\x00\x00\x00\xfe\xff\xff\xff\xff\x00\x00\x00\x00\x00\x00\x00\x00\x0f\x27\x00\x00\xff\xff\xff\xff\xf0\xd8\xff\xff\x00\x00\x00\x00\x00\x00\x00\x00\xc0\xff\xff\xff\x00\x00\x00\x00\x00\x00\x00\x00\x00\x00\x00\x00\x00\x00\x00\xfe\x00\x00\x00\x00\x00\x00\x00\x00"
    "\x00\x00\x00\x00\xff\xff\xff\xff\x00\x00\x00\x00\x00\x00\x00\x00\xe7\xff\xff\xff\xff\xff\xff\xff\x18\x00\x00\x00\x00\x00\x00\x00\xf7\xff\xff\xff\xff\xff\xff\xff\x08\x00\x00\x00\x00\x00\x00\x00\x07\x00\x00\x00\xe0\xff\xff\xff\x00\x00\x00\x00\x00\x00\x00\x00"
    "\xc0\xff\xff\xff\xff\xff\xff\xff\x00\x00\x00\x00\x00\x00\x00\x00\xf6\xff\xff\xff\xff\xff\xff\xff\x09\x00\x00\x00\x00\x00\x00\x00\x76\xff\xff\xff\xff\xff\xff\xff\x89\x00\x00\x00\x00\x00\x00\x00\x00\xfc\xff\xff\xff\xff\xff\xff\x00\x00\x00\x00\x00\x00\x00\x00"
    "\x00\x00\x00\x00\xff\xff\xff\xff\x00\x00\x00\x00\x00\x00\x00\x00\xd7\xff\xff\xff\xff\xff\xff\xff\x28\x00\x00\x00\x00\x00\x00\x00\xf7\xff\xff\xff\xff\xff\xff\xff\x08\x00\x00\x00\x00\x00\x00\x00\x07\x00\x00\x00\xc0\xff\xff\xff\x00\x00\x00\x00\x00\x00\x00\x00"
    "\x00\x00\x00\x00\xff\xff\xff\xff\x00\x00\x00\x00\x00\x00\x00\x00\x92\xc9\xff\xff\xff\xff\xff\xff\x6d\x36\x00\x00\x00\x00\x00\x00\xff\x7f\xff\xff\xff\xff\xff\xff\x00\x80\x00\x00\x00\x00\x00\x00\x00\x00\x00\x00\x00\xc0\xff\xff\x00\x00\x00\x00\x00\x00\x00\x00"
    "\xf0\xff\xff\xff\xff\xff\xff\xff\x00\x00\x00\x00\x00\x00\x00\x00\xf9\xff\xff\xff\xff\xff\xff\xff\x06\x00\x00\x00\x00\x00\x00\x00\xf0\xff\xff\xff\xff\xff\xff\xff\x00\x00\x00\x00\x00\x00\x00\x00\x80\xff\xff\xff\xff\xff\xff\xff\x00\x00\x00\x00\x00\x00\x00\x00"
    "\x00\x00\xff\xff\xff\xff\xff\xff\x00\x00\x00\x00\x00\x00\x00\x00\x00\x00\xff\xff\xff\xff\xff\xff\x00\x00\x00\x00\x00\x00\x00\x00\x00\x00\xff\xff\xff\xff\xff\xff\x00\x00\x00\x00\x00\x00\x00\x00\x00\x00\x00\x00\xff\xff\xff\xff\x00\x00\x00\x00\x00\x00\x00\x00"
    "\x00\x00\x00\x00\x00\x00\x00\xff\x00\x00\x00\x00\x00\x00\x00\x00\xf9\xff\xff\xff\xff\xff\xff\xff\x06\x00\x00\x00\x00\x00\x00\x00\xef\xff\xff\xff\xff\xff\xff\xff\x10\x00\x00\x00\x00\x00\x00\x00\x01\x00\x00\x00\x00\x00\x00\xf8\x00\x00\x00\x00\x00\x00\x00\x00"
    "\x00\x00\x00\x00\xff\xff\xff\xff\x00\x00\x00\x00\x00\x00\x00\x00\xa7\xfd\xff\xff\xff\xff\xff\xff\x58\x02\x00\x00\x00\x00\x00\x00\xf7\xff\xff\xff\xff\xff\xff\xff\x08\x00\x00\x00\x00\x00\x00\x00\x07\x00\x00\x00\x00\xfc\xff\xff\x00\x00\x00\x00\x00\x00\x00\x00"
    "\x00\x00\x00\xfe\xff\xff\xff\xff\x00\x00\x00\x00\x00\x00\x00\x00\x00\x00\x00\xfe\xff\xff\xff\xff\x00\x00\x00\x00\x00\x00\x00\x00\xff\xff\xef\xff\xff\xff\xff\xff\x00\x00\x10\x00\x00\x00\x00\x00\x00\x00\x00\x00\x00\x00\xfc\xff\x00\x00\x00\x00\x00\x00\x00\x00"
    "\x00\x00\x00\x80\xff\xff\xff\xff\x00\x00\x00\x00\x00\x00\x00\x00\xfc\xff\xff\xff\xff\xff\xff\xff\x03\x00\x00\x00\x00\x00\x00\x00\xef\xff\xff\xff\xff\xff\xff\xff\x10\x00\x00\x00\x00\x00\x00\x00\x00\x00\x00\x00\xfe\xff\xff\xff\x00\x00\x00\x00\x00\x00\x00\x00"
    "\x00\x00\x00\x00\xff\xff\xff\xff\x00\x00\x00\x00\x00\x00\x00\x00\xf3\xff\xff\xff\xff\xff\xff\xff\x0c\x00\x00\x00\x00\x00\x00\x00\xe3\xff\xff\xff\xff\xff\xff\xff\x1c\x00\x00\x00\x00\x00\x00\x00\x03\x00\x00\x00\xf0\xff\xff\xff\x00\x00\x00\x00\x00\x00\x00\x00"
    "\x00\x00\x00\x00\xff\xff\xff\xff\x00\x00\x00\x00\x00\x00\x00\x00\x00\x00\x00\xe0\xff\xff\xff\xff\x00\x00\x00\x00\x00\x00\x00\x00\x00\x00\x00\xe0\xff\xff\xff\xff\x00\x00\x00\x00\x00\x00\x00\x00\x00\x00\x00\x00\x00\x00\x00\xe0\x00\x00\x00\x00\x00\x00\x00\x00"
    "\x00\x00\x00\xff\xff\xff\xff\xff\x00\x00\x00\x00\x00\x00\x00\x00\xff\xe0\xf5\x05\xff\xff\xff\xff\x00\x1f\x0a\xfa\x00\x00\x00\x00\x00\x00\x00\x00\x00\x00\xfc\xff\x00\x00\x00\x00\x00\x00\x00\x00\x00\x00\x00\x00\x00\x00\x00\xff\x00\x00\x00\x00\x00\x00\x00\x00"
    "\x00\x00\x00\x00\xff\xff\xff\xff\x00\x00\x00\x00\x00\x00\x00\x00\x7f\xf6\xff\xff\xff\xff\xff\xff\x80\x09\x00\x00\x00\x00\x00\x00\x13\xa5\xff\xff\xff\xff\xff\xff\xec\x5a\x00\x00\x00\x00\x00\x00\x13\x00\x00\x00\x00\xf0\xff\xff\x6c\x00\x00\x00\x00\x00\x00\x00"
    "\x00\x00\x00\x80\xff\xff\xff\xff\x00\x00\x00\x00\x00\x00\x00\x00\xe7\xd2\xf8\xff\xff\xff\xff\xff\x18\x2d\x07\x00\x00\x00\x00\x00\x00\x00\xe0\xff\xff\xff\xff\xff\x00\x00\x00\x00\x00\x00\x00\x00\x00\x00\x00\x00\x00\x00\xfc\xff\x00\x00\x00\x00\x00\x00\x00\x00"
    "\x00\x00\x00\x00\xff\xff\xff\xff\x00\x00\x00\x00\x00\x00\x00\x00\x77\xff\xff\xff\xff\xff\xff\xff\x88\x00\x00\x00\x00\x00\x00\x00\xf7\xff\xff\xff\xff\xff\xff\xff\x08\x00\x00\x00\x00\x00\x00\x00\x07\x00\x00\x00\x00\xff\xff\xff\x00\x00\x00\x00\x00\x00\x00\x00"
    "\xf0\xff\xff\xff\xff\xff\xff\xff\x00\x00\x00\x00\x00\x00\x00\x00\xf5\xff\xff\xff\xff\xff\xff\xff\x0a\x00\x00\x00\x00\x00\x00\x00\xf0\xff\xff\xff\xff\xff\xff\xff\x00\x00\x00\x00\x00\x00\x00\x00\x00\xff\xff\xff\xff\xff\xff\xff\x00\x00\x00\x00\x00\x00\x00\x00"
    "\xf8\xff\xff\xff\xff\xff\xff\xff\x00\x00\x00\x00\x00\x00\x00\x00\x00\x00\x00\x00\xff\xff\xff\xff\x00\x00\x00\x00\x00\x00\x00\x00\xf8\xff\xff\xff\xff\xff\xff\xff\x07\x00\x00\x00\x00\x00\x00\x00\x00\x00\x00\x00\xf8\xff\xff\xff\x00\x00\x00\x00\x00\x00\x00\x00"
    "\x00\xfe\xff\xff\xff\xff\xff\xff\x00\x00\x00\x00\x00\x00\x00\x00\x00\xff\xff\xff\xff\xff\xff\xff\x00\x00\x00\x00\x00\x00\x00\x00\xf8\xff\xff\xff\xff\xff\xff\xff\x07\x00\x00\x00\x00\x00\x00\x00\x00\x00\xfe\xff\xff\xff\xff\xff\x00\x00\x00\x00\x00\x00\x00\x00"
    "\x00\x00\x00\xf0\xff\xff\xff\xff\x00\x00\x00\x00\x00\x00\x00\x00\xff\xe0\xf5\x05\xff\xff\xff\xff\x00\x1f\x0a\xfa\x00\x00\x00\x00\x00\x00\x00\x00\x00\x00\xc0\xff\x00\x00\x00\x00\x00\x00\x00\x00\x00\x00\x00\x00\x00\x00\x00\xf0\x00\x00\x00\x00\x00\x00\x00\x00"
    "\x00\xff\xff\xff\xff\xff\xff\xff\x00\x00\x00\x00\x00\x00\x00\x00\xff\xf6\x95\xfe\xff\xff\xff\xff\x00\x09\x6a\x01\x00\x00\x00\x00\xff\x7f\xff\xff\xff\xff\xff\xff\x00\x80\x00\x00\x00\x00\x00\x00\xff\x00\x00\x00\xfe\xff\xff\xff\x00\x00\x00\x00\x00\x00\x00\x00"
    "\x00\x00\x00\x00\xff\xff\xff\xff\x00\x00\x00\x00\x00\x00\x00\x00\xfc\xff\xff\xff\xff\xff\xff\xff\x03\x00\x00\x00\x00\x00\x00\x00\xc0\xbd\xf0\xff\xff\xff\xff\xff\x3f\x42\x0f\x00\x00\x00\x00\x00\x00\x00\x00\x00\xfc\xff\xff\xff\x00\x00\x00\x00\x00\x00\x00\x00"
    "\x00\x00\x00\x00\xff\xff\xff\xff\x00\x00\x00\x00\x00\x00\x00\x00\xf9\xff\xff\xff\xff\xff\xff\xff\x06\x00\x00\x00\x00\x00\x00\x00\xc0\xbd\xf0\xff\xff\xff\xff\xff\x3f\x42\x0f\x00\x00\x00\x00\x00\x00\x00\x00\x00\xf8\xff\xff\xff\x01\x00\x00\x00\x00\x00\x00\x00"
    "\x00\x00\x00\x00\xff\xff\xff\xff\x00\x00\x00\x00\x00\x00\x00\x00\xda\xff\xff\xff\xff\xff\xff\xff\x25\x00\x00\x00\x00\x00\x00\x00\x00\x00\x00\x00\xff\xff\xff\xff\x00\x00\x00\x00\x00\x00\x00\x00\x00\x00\x00\x00\xc0\xff\xff\xff\x00\x00\x00\x00\x00\x00\x00\x00"
    "\x00\x00\x00\x00\xff\xff\xff\xff\x00\x00\x00\x00\x00\x00\x00\x00\x57\xff\xff\xff\xff\xff\xff\xff\xa8\x00\x00\x00\x00\x00\x00\x00\xf7\xff\xff\xff\xff\xff\xff\xff\x08\x00\x00\x00\x00\x00\x00\x00\x07\x00\x00\x00\x00\xff\xff\xff\x00\x00\x00\x00\x00\x00\x00\x00"
    "\x00\x00\x00\x80\xff\xff\xff\xff\x00\x00\x00\x00\x00\x00\x00\x00\x2e\xea\xfd\xff\xff\xff\xff\xff\xd1\x15\x02\x00\x00\x00\x00\x00\x00\x00\xe0\xff\xff\xff\xff\xff\x00\x00\x00\x00\x00\x00\x00\x00\x00\x00\x00\x00\x00\x00\xfe\xff\x00\x00\x00\x00\x00\x00\x00\x00"
    "\x00\x00\x00\x80\xff\xff\xff\xff\x00\x00\x00\x00\x00\x00\x00\x00\x98\x04\xf6\xff\xff\xff\xff\xff\x67\xfb\x09\x00\x00\x00\x00\x00\x00\x00\xe0\xff\xff\xff\xff\xff\x00\x00\x00\x00\x00\x00\x00\x00\x00\x00\x00\x00\x00\x00\xf8\xff\x00\x00\x00\x00\x00\x00\x00\x00"
    "\x00\x00\x00\x00\xff\xff\xff\xff\x00\x00\x00\x00\x00\x00\x00\x00\xff\x35\x65\xc4\xff\xff\xff\xff\x00\xca\x9a\x3b\x00\x00\x00\x00\x00\x00\x00\x00\xff\xff\xff\xff\x00\x00\x00\x00\x00\x00\x00\x00\x00\x00\x00\x00\x00\x00\x00\xc0\x00\x00\x00\x00\x00\x00\x00\x00"
    "\x00\x00\x00\x00\xfe\xff\xff\xff\x00\x00\x00\x00\x00\x00\x00\x00\x9d\xdc\xff\xff\xff\xff\xff\xff\x62\x23\x00\x00\x00\x00\x00\x00\x00\x00\x00\x00\x00\xf0\xff\xff\x00\x00\x00\x00\x00\x00\x00\x00\x00\x00\x00\x00\x00\x80\xff\xff\x00\x00\x00\x00\x00\x00\x00\x00"
    "\x00\x00\x00\x00\xff\xff\xff\xff\x00\x00\x00\x00\x00\x00\x00\x00\x6f\xff\xff\xff\xff\xff\xff\xff\x90\x00\x00\x00\x00\x00\x00\x00\xef\xff\xff\xff\xff\xff\xff\xff\x10\x00\x00\x00\x00\x00\x00\x00\x0f\x00\x00\x00\x00\xff\xff\xff\x00\x00\x00\x00\x00\x00\x00\x00"
    "\x00\x00\x00\x00\xff\xff\xff\xff\x00\x00\x00\x00\x00\x00\x00\x00\xf8\xff\xff\xff\xff\xff\xff\xff\x00\x00\x00\x00\x00\x00\x00\x00\x00\xff\xff\xff\xff\xff\xff\xff\x00\x00\x00\x00\x00\x00\x00\x00\x00\x00\x00\x00\xf8\xff\xff\xff\x00\x00\x00\x00\x00\x00\x00\x00"
    "\x00\x00\xe0\xff\xff\xff\xff\xff\x00\x00\x00\x00\x00\x00\x00\x00\xe7\xd2\xf8\xff\xff\xff\xff\xff\x18\x2d\x07\x00\x00\x00\x00\x00\x00\x00\xe0\xff\xff\xff\xff\xff\x00\x00\x00\x00\x00\x00\x00\x00\x00\x00\x00\x00\x00\xff\xff\xff\x00\x00\x00\x00\x00\x00\x00\x00"
    "\x80\xff\xff\xff\xff\xff\xff\xff\x00\x00\x00\x00\x00\x00\x00\x00\xc3\xff\xff\xff\xff\xff\xff\xff\x3c\x00\x00\x00\x00\x00\x00\x00\x80\xff\xff\xff\xff\xff\xff\xff\x00\x00\x00\x00\x00\x00\x00\x00\x00\xe0\xff\xff\xff\xff\xff\xff\x00\x00\x00\x00\x00\x00\x00\x00"
    "\x00\x00\x00\x00\x80\xff\xff\xff\x00\x00\x00\x00\x00\x00\x00\x00\xec\xff\xff\xff\xff\xff\xff\xff\x13\x00\x00\x00\x00\x00\x00\x00\x00\x00\x00\x00\xff\xff\xff\xff\x00\x00\x00\x00\x00\x00\x00\x00\x00\x00\x00\x00\x00\xf0\xff\xff\x00\x00\x00\x00\x00\x00\x00\x00"
    "\x00\x00\x00\x00\xff\xff\xff\xff\x00\x00\x00\x00\x00\x00\x00\x00\xb7\xff\xff\xff\xff\xff\xff\xff\x48\x00\x00\x00\x00\x00\x00\x00\xf7\xff\xff\xff\xff\xff\xff\xff\x08\x00\x00\x00\x00\x00\x00\x00\x07\x00\x00\x00\x80\xff\xff\xff\x00\x00\x00\x00\x00\x00\x00\x00"
    "\x00\x00\x00\x80\xff\xff\xff\xff\x00\x00\x00\x00\x00\x00\x00\x00\xec\xd3\xf5\xff\xff\xff\xff\xff\x13\x2c\x0a\x00\x00\x00\x00\x00\x00\x00\xe0\xff\xff\xff\xff\xff\x00\x00\x00\x00\x00\x00\x00\x00\x00\x00\x00\x00\x00\x00\xf8\xff\x00\x00\x00\x00\x00\x00\x00\x00"
    "\x00\xff\xff\xff\xff\xff\xff\xff\x00\x00\x00\x00\x00\x00\x00\x00\xe2\xff\xff\xff\xff\xff\xff\xff\x1d\x00\x00\x00\x00\x00\x00\x00\x7f\xff\xff\xff\xff\xff\xff\xff\x80\x00\x00\x00\x00\x00\x00\x00\x00\xe0\xff\xff\xff\xff\xff\xff\x00\x00\x00\x00\x00\x00\x00\x00"
    "\x00\xff\xff\xff\xff\xff\xff\xff\x00\x00\x00\x00\x00\x00\x00\x00\xf6\xff\xff\xff\xff\xff\xff\xff\x09\x00\x00\x00\x00\x00\x00\x00\xf3\xff\xff\xff\xff\xff\xff\xff\x0c\x00\x00\x00\x00\x00\x00\x00\x00\xf0\xff\xff\xff\xff\xff\xff\x00\x00\x00\x00\x00\x00\x00\x00"
    "\x00\x00\x00\xff\xff\xff\xff\xff\x00\x00\x00\x00\x00\x00\x00\x00\x87\xff\xff\xff\xff\xff\xff\xff\x78\x00\x00\x00\x00\x00\x00\x00\x7f\xfd\xff\xff\xff\xff\xff\xff\x80\x02\x00\x00\x00\x00\x00\x00\x07\x00\x00\x80\xff\xff\xff\xff\x00\x00\x00\x00\x00\x00\x00\x00"
    "\x80\xff\xff\xff\xff\xff\xff\xff\x00\x00\x00\x00\x00\x00\x00\x00\xf5\xff\xff\xff\xff\xff\xff\xff\x0a\x00\x00\x00\x00\x00\x00\x00\x80\xff\xff\xff\xff\xff\xff\xff\x00\x00\x00\x00\x00\x00\x00\x00\x00\xf8\xff\xff\xff\xff\xff\xff\x00\x00\x00\x00\x00\x00\x00\x00"
    "\x00\x00\x00\xf0\xff\xff\xff\xff\x00\x00\x00\x00\x00\x00\x00\x00\xde\xff\xff\xff\xff\xff\xff\xff\x21\x00\x00\x00\x00\x00\x00\x00\xfe\xff\xff\xff\xff\xff\xff\xff\x01\x00\x00\x00\x00\x00\x00\x00\x00\x00\x00\x00\xfc\xff\xff\xff\x00\x00\x00\x00\x00\x00\x00\x00"
    "\x00\x00\x00\x00\xff\xff\xff\xff\x00\x00\x00\x00\x00\x00\x00\x00\xf9\xff\xff\xff\xff\xff\xff\xff\x06\x00\x00\x00\x00\x00\x00\x00\xff\xff\xf7\xff\xff\xff\xff\xff\x00\x00\x08\x00\x00\x00\x00\x00\x01\x00\x00\x00\xf8\xff\xff\xff\x00\x00\x00\x00\x00\x00\x00\x00"
    "\x00\x00\x00\xe0\xff\xff\xff\xff\x00\x00\x00\x00\x00\x00\x00\x00\x2e\xea\xfd\xff\xff\xff\xff\xff\xd1\x15\x02\x00\x00\x00\x00\x00\x00\x00\xe0\xff\xff\xff\xff\xff\x00\x00\x00\x00\x00\x00\x00\x00\x00\x00\x00\x00\x00\x80\xff\xff\x00\x00\x00\x00\x00\x00\x00\x00"
    "\x00\x00\x00\x00\xfe\xff\xff\xff\x00\x00\x00\x00\x00\x00\x00\x00\xc3\xff\xff\xff\xff\xff\xff\xff\x3c\x00\x00\x00\x00\x00\x00\x00\x00\x00\x00\x00\xfe\xff\xff\xff\x00\x00\x00\x00\x00\x00\x00\x00\x00\x00\x00\x00\x80\xff\xff\xff\x00\x00\x00\x00\x00\x00\x00\x00"
    "\x00\x00\xff\xff\xff\xff\xff\xff\x00\x00\x00\x00\x00\x00\x00\x00\x92\xc9\xff\xff\xff\xff\xff\xff\x6d\x36\x00\x00\x00\x00\x00\x00\xff\x7f\xff\xff\xff\xff\xff\xff\x00\x80\x00\x00\x00\x00\x00\x00\x00\x00\x00\xc0\xff\xff\xff\xff\x00\x00\x00\x00\x00\x00\x00\x00"
    "\x00\x00\x00\x00\xff\xff\xff\xff\x00\x00\x00\x00\x00\x00\x00\x00\xff\x35\x65\xc4\xff\xff\xff\xff\x00\xca\x9a\x3b\x00\x00\x00\x00\xff\xff\xff\xff\xfe\xff\xff\xff\x00\x00\x00\x00\x00\x00\x00\x00\xff\x01\x00\x00\x00\x00\x00\xc0\x00\x00\x00\x00\x00\x00\x00\x00"
    "\x00\x00\x00\x00\xff\xff\xff\xff\x00\x00\x00\x00\x00\x00\x00\x00\x2f\xff\xff\xff\xff\xff\xff\xff\xd0\x00\x00\x00\x00\x00\x00\x00\x98\xff\xff\xff\xff\xff\xff\xff\x67\x00\x00\x00\x00\x00\x00\x00\x08\x00\x00\x00\x00\xff\xff\xff\x07\x00\x00\x00\x00\x00\x00\x00"
    "\x00\x00\x00\x00\xff\xff\xff\xff\x00\x00\x00\x00\x00\x00\x00\x00\x17\xfc\xff\xff\xff\xff\xff\xff\xe8\x03\x00\x00\x00\x00\x00\x00\x00\x00\x00\x80\xff\xff\xff\xff\x00\x00\x00\x00\x00\x00\x00\x00\x00\x00\x00\x00\x00\xfc\xff\xff\x00\x00\x00\x00\x00\x00\x00\x00"
    "\x00\x00\x00\x00\xc0\xff\xff\xff\x00\x00\x00\x00\x00\x00\x00\x00\xfa\xff\xff\xff\xff\xff\xff\xff\x05\x00\x00\x00\x00\x00\x00\x00\x00\x00\x00\xfc\xff\xff\xff\xff\x00\x00\x00\x00\x00\x00\x00\x00\x00\x00\x00\x00\x00\xfe\xff\xff\x00\x00\x00\x00\x00\x00\x00\x00"
    "\x00\x00\x00\x00\xff\xff\xff\xff\x00\x00\x00\x00\x00\x00\x00\x00\x67\xff\xff\xff\xff\xff\xff\xff\x98\x00\x00\x00\x00\x00\x00\x00\x98\xff\xff\xff\xff\xff\xff\xff\x67\x00\x00\x00\x00\x00\x00\x00\x00\x00\x00\x00\x00\xff\xff\xff\x07\x00\x00\x00\x00\x00\x00\x00"
    "\x00\x00\x00\x80\xff\xff\xff\xff\x00\x00\x00\x00\x00\x00\x00\x00\x17\xfc\xff\xff\xff\xff\xff\xff\xe8\x03\x00\x00\x00\x00\x00\x00\x00\x80\xff\xff\xff\xff\xff\xff\x1f\x00\x00\x00\x00\x00\x00\x00\x00\x00\x00\x00\x00\xfe\xff\xff\x07\x00\x00\x00\x00\x00\x00\x00"
    "\x00\x00\x80\xff\xff\xff\xff\xff\x00\x00\x00\x00\x00\x00\x00\x00\xff\xff\xff\x57\x9e\xff\xff\xff\x00\x00\x00\xa8\x61\x00\x00\x00\x00\x00\x00\x00\x00\x00\xe0\xff\x00\x00\x00\x00\x00\x00\x00\x00\x00\x00\x00\x00\x00\x00\x00\xc0\x00\x00\x00\x00\x00\x00\x00\x00"
    "\x00\x00\x00\x00\xfe\xff\xff\xff\x00\x00\x00\x00\x00\x00\x00\x00\xd3\xfe\xff\xff\xff\xff\xff\xff\x2c\x01\x00\x00\x00\x00\x00\x00\x00\xfe\xff\xff\xff\xff\xff\xff\x00\x00\x00\x00\x00\x00\x00\x00\x00\x00\x00\x00\x00\xfc\xff\xff\x00\x00\x00\x00\x00\x00\x00\x00"
    "\x00\x00\x00\x00\xff\xff\xff\xff\x00\x00\x00\x00\x00\x00\x00\x00\xa7\xfe\xff\xff\xff\xff\xff\xff\x58\x01\x00\x00\x00\x00\x00\x00\x72\xfc\xff\xff\xff\xff\xff\xff\x8d\x03\x00\x00\x00\x00\x00\x00\x02\x00\x00\x00\x00\xfe\xff\xff\x05\x00\x00\x00\x00\x00\x00\x00"
    "\x00\x00\x00\x00\xff\xff\xff\xff\x00\x00\x00\x00\x00\x00\x00\x00\xfc\xff\xff\xff\xff\xff\xff\xff\x03\x00\x00\x00\x00\x00\x00\x00\xe8\xff\xff\xff\xff\xff\xff\xff\x17\x00\x00\x00\x00\x00\x00\x00\x00\x00\x00\x00\xfc\xff\xff\xff\x00\x00\x00\x00\x00\x00\x00\x00"
    "\xf8\xff\xff\xff\xff\xff\xff\xff\x00\x00\x00\x00\x00\x00\x00\x00\xf9\xff\xff\xff\xff\xff\xff\xff\x06\x00\x00\x00\x00\x00\x00\x00\xf8\xff\xff\xff\xff\xff\xff\xff\x07\x00\x00\x00\x00\x00\x00\x00\xc0\xff\xff\xff\xff\xff\xff\xff\x01\x00\x00\x00\x00\x00\x00\x00"
    "\x00\x00\x00\x00\xff\xff\xff\xff\x00\x00\x00\x00\x00\x00\x00\x00\x30\xd6\xff\xff\xff\xff\xff\xff\xcf\x29\x00\x00\x00\x00\x00\x00\x00\x00\x00\x00\x00\xf0\xff\xff\x00\x00\x00\x00\x00\x00\x00\x00\x00\x00\x00\x00\x00\xc0\xff\xff\x00\x00\x00\x00\x00\x00\x00\x00"
    "\x00\x00\x00\x80\xff\xff\xff\xff\x00\x00\x00\x00\x00\x00\x00\x00\xeb\xff\xff\xff\xff\xff\xff\xff\x14\x00\x00\x00\x00\x00\x00\x00\x01\x00\x00\x00\xfc\xff\xff\xff\x02\x00\x00\x00\x00\x00\x00\x00\x01\x00\x00\x00\xf0\xff\xff\xff\x02\x00\x00\x00\x00\x00\x00\x00"
    "\x80\xff\xff\xff\xff\xff\xff\xff\x00\x00\x00\x00\x00\x00\x00\x00\xfa\xff\xff\xff\xff\xff\xff\xff\x05\x00\x00\x00\x00\x00\x00\x00\xfe\xff\xff\xff\xff\xff\xff\xff\x01\x00\x00\x00\x00\x00\x00\x00\x00\xfc\xff\xff\xff\xff\xff\xff\x00\x00\x00\x00\x00\x00\x00\x00"
    "\x00\x00\xe0\xff\xff\xff\xff\xff\x00\x00\x00\x00\x00\x00\x00\x00\x2e\xea\xfd\xff\xff\xff\xff\xff\xd1\x15\x02\x00\x00\x00\x00\x00\x00\x00\xe0\xff\xff\xff\xff\xff\x00\x00\x00\x00\x00\x00\x00\x00\x00\x00\x00\x00\x80\xff\xff\xff\x00\x00\x00\x00\x00\x00\x00\x00"
    "\x00\xf8\xff\xff\xff\xff\xff\xff\x00\x00\x00\x00\x00\x00\x00\x00\xb7\xff\xff\xff\xff\xff\xff\xff\x48\x00\x00\x00\x00\x00\x00\x00\xef\xff\xff\xff\xff\xff\xff\xff\x10\x00\x00\x00\x00\x00\x00\x00\x07\x00\xfc\xff\xff\xff\xff\xff\x00\x00\x00\x00\x00\x00\x00\x00"
    "\x00\x00\x00\x80\xff\xff\xff\xff\x00\x00\x00\x00\x00\x00\x00\x00\x84\xff\xff\xff\xff\xff\xff\xff\x7b\x00\x00\x00\x00\x00\x00\x00\x00\x00\x00\x80\xff\xff\xff\xff\x00\x00\x00\x00\x00\x00\x00\x00\x00\x00\x00\x00\xc0\xff\xff\xff\x00\x00\x00\x00\x00\x00\x00\x00"
    "\x00\x00\x00\x00\xff\xff\xff\xff\x00\x00\x00\x00\x00\x00\x00\x00\xe7\xff\xff\xff\xff\xff\xff\xff\x18\x00\x00\x00\x00\x00\x00\x00\x08\xf0\xff\xff\xff\xff\xff\xff\xf7\x0f\x00\x00\x00\x00\x00\x00\x00\x00\x00\x00\xe0\xff\xff\xff\x07\x00\x00\x00\x00\x00\x00\x00"
    "\xe0\xff\xff\xff\xff\xff\xff\xff\x00\x00\x00\x00\x00\x00\x00\x00\xc0\xff\xff\xff\xff\xff\xff\xff\x00\x00\x00\x00\x00\x00\x00\x00\xe0\xff\xff\xff\xff\xff\xff\xff\x1f\x00\x00\x00\x00\x00\x00\x00\x00\xf8\xff\xff\xff\xff\xff\xff\x00\x00\x00\x00\x00\x00\x00\x00"
    "\x00\x00\x00\x00\x80\xff\xff\xff\x00\x00\x00\x00\x00\x00\x00\x00\xda\xff\xff\xff\xff\xff\xff\xff\x25\x00\x00\x00\x00\x00\x00\x00\x00\x00\x00\x00\xff\xff\xff\xff\x00\x00\x00\x00\x00\x00\x00\x00\x00\x00\x00\x00\x00\xe0\xff\xff\x00\x00\x00\x00\x00\x00\x00\x00"
    "\x00\x00\xff\xff\xff\xff\xff\xff\x00\x00\x00\x00\x00\x00\x00\x00\xeb\xff\xff\xff\xff\xff\xff\xff\x14\x00\x00\x00\x00\x00\x00\x00\xd3\xff\xff\xff\xff\xff\xff\xff\x2c\x00\x00\x00\x00\x00\x00\x00\x03\x00\xe0\xff\xff\xff\xff\xff\x00\x00\x00\x00\x00\x00\x00\x00"
    "\x00\x00\x00\x00\xff\xff\xff\xff\x00\x00\x00\x00\x00\x00\x00\x00\xd7\xff\xff\xff\xff\xff\xff\xff\x28\x00\x00\x00\x00\x00\x00\x00\xef\xff\xff\xff\xff\xff\xff\xff\x10\x00\x00\x00\x00\x00\x00\x00\x07\x00\x00\x00\xc0\xff\xff\xff\x00\x00\x00\x00\x00\x00\x00\x00"
    "\x00\x00\xe0\xff\xff\xff\xff\xff\x00\x00\x00\x00\x00\x00\x00\x00\x98\x04\xf6\xff\xff\xff\xff\xff\x67\xfb\x09\x00\x00\x00\x00\x00\x00\x00\xe0\xff\xff\xff\xff\xff\x00\x00\x00\x00\x00\x00\x00\x00\x00\x00\x00\x00\x00\xfe\xff\xff\x00\x00\x00\x00\x00\x00\x00\x00"
    "\x00\x00\x00\xe0\xff\xff\xff\xff\x00\x00\x00\x00\x00\x00\x00\x00\x00\x00\x00\x00\xff\xff\xff\xff\x00\x00\x00\x00\x00\x00\x00\x00\xfe\xff\xff\xff\xff\xff\xff\xff\x01\x00\x00\x00\x00\x00\x00\x00\x00\x00\x00\x00\x00\x00\x00\xe0\x00\x00\x00\x00\x00\x00\x00\x00"
    "\x00\x00\x00\x00\xff\xff\xff\xff\x00\x00\x00\x00\x00\x00\x00\x00\xf9\xff\xff\xff\xff\xff\xff\xff\x06\x00\x00\x00\x00\x00\x00\x00\xf3\xff\xff\xff\xff\xff\xff\xff\x0c\x00\x00\x00\x00\x00\x00\x00\x01\x00\x00\x00\xf8\xff\xff\xff\x00\x00\x00\x00\x00\x00\x00\x00"
    "\x00\x00\x00\xe0\xff\xff\xff\xff\x00\x00\x00\x00\x00\x00\x00\x00\x98\x04\xf6\xff\xff\xff\xff\xff\x67\xfb\x09\x00\x00\x00\x00\x00\x00\x00\xe0\xff\xff\xff\xff\xff\x00\x00\x00\x00\x00\x00\x00\x00\x00\x00\x00\x00\x00\x00\xfe\xff\x00\x00\x00\x00\x00\x00\x00\x00"
    "\x00\x00\x00\x00\xff\xff\xff\xff\x00\x00\x00\x00\x00\x00\x00\x00\x80\xff\xff\xff\xff\xff\xff\xff\x00\x00\x00\x00\x00\x00\x00\x00\x00\x00\x00\x00\xff\xff\xff\xff\x00\x00\x00\x00\x00\x00\x00\x00\x00\x00\x00\x00\x80\xff\xff\xff\x00\x00\x00\x00\x00\x00\x00\x00"
    "\x00\x00\x00\x00\xfe\xff\xff\xff\x00\x00\x00\x00\x00\x00\x00\x00\xb1\xd4\xff\xff\xff\xff\xff\xff\x4e\x2b\x00\x00\x00\x00\x00\x00\x00\x00\x00\x00\x00\xfc\xff\xff\x00\x00\x00\x00\x00\x00\x00\x00\x00\x00\x00\x00\x00\x80\xff\xff\x00\x00\x00\x00\x00\x00\x00\x00"
    "\x00\x00\x00\xe0\xff\xff\xff\xff\x00\x00\x00\x00\x00\x00\x00\x00\xec\xd3\xf5\xff\xff\xff\xff\xff\x13\x2c\x0a\x00\x00\x00\x00\x00\x00\x00\xe0\xff\xff\xff\xff\xff\x00\x00\x00\x00\x00\x00\x00\x00\x00\x00\x00\x00\x00\x00\xfe\xff\x00\x00\x00\x00\x00\x00\x00\x00"
    "\x00\x00\x00\x00\xfe\xff\xff\xff\x00\x00\x00\x00\x00\x00\x00\x00\xaf\xd5\xff\xff\xff\xff\xff\xff\x50\x2a\x00\x00\x00\x00\x00\x00\x00\x00\x00\x00\x00\xe0\xff\xff\x00\x00\x00\x00\x00\x00\x00\x00\x00\x00\x00\x00\x00\x80\xff\xff\x00\x00\x00\x00\x00\x00\x00\x00"
    "\x00\x00\x00\x00\xff\xff\xff\xff\x00\x00\x00\x00\x00\x00\x00\x00\x17\xe0\xff\xff\xff\xff\xff\xff\xe8\x1f\x00\x00\x00\x00\x00\x00\x27\xe0\xff\xff\xff\xff\xff\xff\xd8\x1f\x00\x00\x00\x00\x00\x00\x07\x00\x00\x00\x00\xe0\xff\xff\x00\x00\x00\x00\x00\x00\x00\x00"
    "\x00\x00\x00\x80\xff\xff\xff\xff\x00\x00\x00\x00\x00\x00\x00\x00\x00\x00\xff\xff\xff\xff\xff\xff\x00\x00\x00\x00\x00\x00\x00\x00\x00\x00\x00\x80\xff\xff\xff\xff\x00\x00\x00\x00\x00\x00\x00\x00\x00\x00\x00\x00\x00\x80\xff\xff\x00\x00\x00\x00\x00\x00\x00\x00"
    "\x00\x00\x00\x80\xff\xff\xff\xff\x00\x00\x00\x00\x00\x00\x00\x00\x17\xfc\xff\xff\xff\xff\xff\xff\xe8\x03\x00\x00\x00\x00\x00\x00\xcf\xd4\xfb\xff\xff\xff\xff\xff\x30\x2b\x04\x00\x00\x00\x00\x00\x07\x00\x00\x00\x00\xfe\xff\xff\x00\x00\x00\x00\x00\x00\x00\x00"
    "\x00\x00\x00\x00\x80\xff\xff\xff\x00\x00\x00\x00\x00\x00\x00\x00\xf8\xff\xff\xff\xff\xff\xff\xff\x00\x00\x00\x00\x00\x00\x00\x00\xf8\xff\xff\xff\xff\xff\xff\xff\x07\x00\x00\x00\x00\x00\x00\x00\x00\x00\x00\x00\x00\xfc\xff\xff\x00\x00\x00\x00\x00\x00\x00\x00"
    "\x00\x00\xe0\xff\xff\xff\xff\xff\x00\x00\x00\x00\x00\x00\x00\x00\x00\x00\x00\xfe\xff\xff\xff\xff\x00\x00\x00\x00\x00\x00\x00\x00\x00\x00\x00\xfe\xff\xff\xff\xff\x00\x00\x00\x00\x00\x00\x00\x00\x00\x00\x00\x00\x00\xc0\xff\xff\x00\x00\x00\x00\x00\x00\x00\x00"
    "\x01\x00\x00\x80\xff\xff\xff\xff\x00\x00\x00\x00\x00\x00\x00\x00\x5f\x79\xfe\xff\xff\xff\xff\xff\xa0\x86\x01\x00\x00\x00\x00\x00\xff\xff\x1f\xfe\xff\xff\xff\xff\x00\x00\x00\x00\x00\x00\x00\x00\x3f\x00\x00\x00\x00\x00\xff\xff\x00\x00\x00\x00\x00\x00\x00\x00"
    "\x00\x00\x00\x00\x00\x00\x00\xf8\x00\x00\x00\x00\x00\x00\x00\x00\xfc\xff\xff\xff\xff\xff\xff\xff\x03\x00\x00\x00\x00\x00\x00\x00\x00\x00\x00\x00\x00\x00\xc0\xff\x00\x00\x00\x00\x00\x00\x00\x00\x00\x00\x00\x00\x00\x00\x00\xe0\x00\x00\x00\x00\x00\x00\x00\x00"
    "\x00\x00\x00\xe0\xff\xff\xff\xff\x00\x00\x00\x00\x00\x00\x00\x00\xe7\xd2\xf8\xff\xff\xff\xff\xff\x18\x2d\x07\x00\x00\x00\x00\x00\x00\x00\xe0\xff\xff\xff\xff\xff\x00\x00\x00\x00\x00\x00\x00\x00\x00\x00\x00\x00\x00\x00\xff\xff\x00\x00\x00\x00\x00\x00\x00\x00"
    "\x00\x00\xff\xff\xff\xff\xff\xff\x00\x00\x00\x00\x00\x00\x00\x00\xf8\xff\xff\xff\xff\xff\xff\xff\x00\x00\x00\x00\x00\x00\x00\x00\xfb\xff\xff\xff\xff\xff\xff\xff\x04\x00\x00\x00\x00\x00\x00\x00\x00\x00\xf8\xff\xff\xff\xff\xff\x00\x00\x00\x00\x00\x00\x00\x00"
    "\x00\x00\x00\xf8\xff\xff\xff\xff\x00\x00\x00\x00\x00\x00\x00\x00\xff\xe0\xf5\x05\xff\xff\xff\xff\x00\x1f\x0a\xfa\x00\x00\x00\x00\x00\x00\x00\x00\x00\x00\xe0\xff\x00\x00\x00\x00\x00\x00\x00\x00\x00\x00\x00\x00\x00\x00\x00\xf8\x00\x00\x00\x00\x00\x00\x00\x00"
    "\x00\x00\x00\xf8\xff\xff\xff\xff\x00\x00\x00\x00\x00\x00\x00\x00\x00\x00\x00\x00\xff\xff\xff\xff\x00\x00\x00\x00\x00\x00\x00\x00\xfe\xff\xff\xff\xff\xff\xff\xff\x01\x00\x00\x00\x00\x00\x00\x00\x00\x00\x00\x00\x00\x00\x00\xf8\x00\x00\x00\x00\x00\x00\x00\x00"
    "\x00\x00\x00\xf0\xff\xff\xff\xff\x00\x00\x00\x00\x00\x00\x00\x00\x00\x00\x00\x00\xff\xff\xff\xff\x00\x00\x00\x00\x00\x00\x00\x00\xfe\xff\xff\xff\xff\xff\xff\xff\x01\x00\x00\x00\x00\x00\x00\x00\x00\x00\x00\x00\x00\x00\x00\xf0\x00\x00\x00\x00\x00\x00\x00\x00"
    "\x00\x00\x00\x00\xff\xff\xff\xff\x00\x00\x00\x00\x00\x00\x00\x00\x00\x00\xff\xff\xff\xff\xff\xff\x00\x00\x00\x00\x00\x00\x00\x00\x00\x00\xff\xff\xff\xff\xff\xff\x00\x00\x00\x00\x00\x00\x00\x00\x00\x00\x00\x00\x00\x00\xff\xff\x00\x00\x00\x00\x00\x00\x00\x00"
    "\x00\x00\x00\x00\xff\xff\xff\xff\x00\x00\x00\x00\x00\x00\x00\x00\xc7\xff\xff\xff\xff\xff\xff\xff\x38\x00\x00\x00\x00\x00\x00\x00\xc7\xff\xff\xff\xff\xff\xff\xff\x38\x00\x00\x00\x00\x00\x00\x00\x07\x00\x00\x00\xc0\xff\xff\xff\x00\x00\x00\x00\x00\x00\x00\x00"
    "\x00\x00\x00\x00\xff\xff\xff\xff\x00\x00\x00\x00\x00\x00\x00\x00\xe7\xff\xff\xff\xff\xff\xff\xff\x18\x00\x00\x00\x00\x00\x00\x00\xd8\xff\xff\xff\xff\xff\xff\xff\x27\x00\x00\x00\x00\x00\x00\x00\x00\x00\x00\x00\xe0\xff\xff\xff\x07\x00\x00\x00\x00\x00\x00\x00"
    "\x00\x00\xff\xff\xff\xff\xff\xff\x00\x00\x00\x00\x00\x00\x00\x00\xe1\xb7\xff\xff\xff\xff\xff\xff\x1e\x48\x00\x00\x00\x00\x00\x00\x00\x00\x00\xe0\xff\xff\xff\xff\x00\x00\x00\x00\x00\x00\x00\x00\x00\x00\x00\x80\xff\xff\xff\xff\x00\x00\x00\x00\x00\x00\x00\x00"
    "\x00\x00\xff\xff\xff\xff\xff\xff\x00\x00\x00\x00\x00\x00\x00\x00\xbd\x51\xff\xff\xff\xff\xff\xff\x42\xae\x00\x00\x00\x00\x00\x00\x00\x00\x00\xc0\xff\xff\xff\xff\x00\x00\x00\x00\x00\x00\x00\x00\x00\x00\x00\x00\xff\xff\xff\xff\x00\x00\x00\x00\x00\x00\x00\x00"
    "\xc0\xff\xff\xff\xff\xff\xff\xff\x30\x00\x00\x00\x00\x00\x00\x00\xf5\xff\xff\xff\xff\xff\xff\xff\x0a\x00\x00\x00\x00\x00\x00\x00\xc0\xff\xff\xff\xff\xff\xff\xff\x30\x00\x00\x00\x00\x00\x00\x00\x00\xfd\xff\xff\xff\xff\xff\xff\x00\x02\x00\x00\x00\x00\x00\x00"
    "\x00\xff\xff\xff\xff\xff\xff\xff\x00\x00\x00\x00\x00\x00\x00\x00\x69\xff\xff\xff\xff\xff\xff\xff\x96\x00\x00\x00\x00\x00\x00\x00\x00\xc0\xff\xff\xff\xff\xff\xff\x00\x00\x00\x00\x00\x00\x00\x00\x00\x00\xff\xff\xff\xff\xff\xff\x00\x00\x00\x00\x00\x00\x00\x00"
    "\x00\x00\x00\x80\xff\xff\xff\xff\x00\x00\x00\x00\x00\x00\x00\x00\xe7\xff\xff\xff\xff\xff\xff\xff\x18\x00\x00\x00\x00\x00\x00\x00\xd8\xff\xff\xff\xff\xff\xff\xff\x27\x00\x00\x00\x00\x00\x00\x00\x00\x00\x00\x00\xf0\xff\xff\xff\x07\x00\x00\x00\x00\x00\x00\x00"
    "\x00\xff\xff\xff\xff\xff\xff\xff\x00\x00\x00\x00\x00\x00\x00\x00\x5b\xfd\xff\xff\xff\xff\xff\xff\xa4\x02\x00\x00\x00\x00\x00\x00\x5e\x0a\xff\xff\xff\xff\xff\xff\xa1\xf5\x00\x00\x00\x00\x00\x00\x02\x00\xfc\xff\xff\xff\xff\xff\x01\x00\x00\x00\x00\x00\x00\x00"
    "\x00\x00\x00\x80\xff\xff\xff\xff\x00\x00\x00\x00\x00\x00\x00\x00\x7f\xf6\xff\xff\xff\xff\xff\xff\x80\x09\x00\x00\x00\x00\x00\x00\x12\xa5\xff\xff\xff\xff\xff\xff\xed\x5a\x00\x00\x00\x00\x00\x00\x12\x00\x00\x00\x00\xf8\xff\xff\x6d\x00\x00\x00\x00\x00\x00\x00"
    "\x00\xf0\xff\xff\xff\xff\xff\xff\x00\x00\x00\x00\x00\x00\x00\x00\x03\xff\xff\xff\xff\xff\xff\xff\xfc\x00\x00\x00\x00\x00\x00\x00\xf3\xff\xff\xff\xff\xff\xff\xff\x0c\x00\x00\x00\x00\x00\x00\x00\x03\x00\xf0\xff\xff\xff\xff\xff\x00\x00\x00\x00\x00\x00\x00\x00"
    "\x00\x00\xff\xff\xff\xff\xff\xff\x00\x00\x00\x00\x00\x00\x00\x00\x7f\x69\x67\xff\xff\xff\xff\xff\x80\x96\x98\x00\x00\x00\x00\x00\x00\x00\xf0\xff\xff\xff\xff\xff\x00\x00\x00\x00\x00\x00\x00\x00\x00\x00\x00\x00\x00\xff\xff\xff\x00\x00\x00\x00\x00\x00\x00\x00"
    "\x00\xff\xff\xff\xff\xff\xff\xff\x00\x00\x00\x00\x00\x00\x00\x00\xe0\xff\xff\xff\xff\xff\xff\xff\x1f\x00\x00\x00\x00\x00\x00\x00\x00\xff\xff\xff\xff\xff\xff\xff\x00\x00\x00\x00\x00\x00\x00\x00\x00\xe0\xff\xff\xff\xff\xff\xff\x00\x00\x00\x00\x00\x00\x00\x00"
    "\x00\x00\x00\x00\x00\x00\xf0\xff\x00\x00\x00\x00\x00\x00\x00\x00\x9b\xff\xff\xff\xff\xff\xff\xff\x64\x00\x00\x00\x00\x00\x00\x00\x00\xf8\xff\xff\xff\xff\xff\xff\x00\x00\x00\x00\x00\x00\x00\x00\x00\x00\x00\x00\x00\x00\x00\xf8\x00\x00\x00\x00\x00\x00\x00\x00"
    "\xfe\xff\xff\xff\xff\xff\xff\xff\x00\x00\x00\x00\x00\x00\x00\x00\xe7\xff\xff\xff\xff\xff\xff\xff\x18\x00\x00\x00\x00\x00\x00\x00\xc7\xff\xff\xff\xff\xff\xff\xff\x38\x00\x00\x00\x00\x00\x00\x00\x87\xff\xff\xff\xff\xff\xff\xff\x10\x00\x00\x00\x00\x00\x00\x00"
    "\x03\xf0\xff\xff\xff\xff\xff\xff\x00\x00\x00\x00\x00\x00\x00\x00\x00\x00\x00\x00\xff\xff\xff\xff\x00\x00\x00\x00\x00\x00\x00\x00\xf0\xd8\xff\xff\xff\xff\xff\xff\x0f\x27\x00\x00\x00\x00\x00\x00\x00\x00\x00\x00\x00\xf0\xff\xff\x03\x00\x00\x00\x00\x00\x00\x00"
    "\xfe\xff\xff\xff\xff\xff\xff\xff\x00\x00\x00\x00\x00\x00\x00\x00\xc7\xff\xff\xff\xff\xff\xff\xff\x38\x00\x00\x00\x00\x00\x00\x00\xf7\xff\xff\xff\xff\xff\xff\xff\x08\x00\x00\x00\x00\x00\x00\x00\xb7\xff\xff\xff\xff\xff\xff\xff\x00\x00\x00\x00\x00\x00\x00\x00"
    "\x00\xf8\xff\xff\xff\xff\xff\xff\x00\x00\x00\x00\x00\x00\x00\x00\xc7\xff\xff\xff\xff\xff\xff\xff\x38\x00\x00\x00\x00\x00\x00\x00\xef\xff\xff\xff\xff\xff\xff\xff\x10\x00\x00\x00\x00\x00\x00\x00\x07\x00\xfe\xff\xff\xff\xff\xff\x00\x00\x00\x00\x00\x00\x00\x00"
    "\x00\x00\x00\x00\xff\xff\xff\xff\x00\x00\x00\x00\x00\x00\x00\x00\xe7\xfd\xff\xff\xff\xff\xff\xff\x18\x02\x00\x00\x00\x00\x00\x00\xcf\x7d\xff\xff\xff\xff\xff\xff\x30\x82\x00\x00\x00\x00\x00\x00\x07\x00\x00\x00\x00\xfc\xff\xff\x00\x00\x00\x00\x00\x00\x00\x00"
    "\x00\x00\x00\x00\xff\xff\xff\xff\x00\x00\x00\x00\x00\x00\x00\x00\x87\xa9\xcb\xed\xff\xff\xff\xff\x78\x56\x34\x12\x00\x00\x00\x00\x00\x00\x00\x00\xff\xff\xff\xff\x00\x00\x00\x00\x00\x00\x00\x00\x00\x00\x00\x00\x00\x00\x00\xe0\x00\x00\x00\x00\x00\x00\x00\x00"
    "\x00\x00\x00\x00\x00\x00\x00\xff\x00\x00\x00\x00\x00\x00\x00\x00\xe7\xff\xff\xff\xff\xff\xff\xff\x18\x00\x00\x00\x00\x00\x00\x00\x92\xfe\xff\xff\xff\xff\xff\xff\x6d\x01\x00\x00\x00\x00\x00\x00\x02\x00\x00\x00\x00\x00\x00\xe0\x05\x00\x00\x00\x00\x00\x00\x00"
    "\xc0\xff\xff\xff\xff\xff\xff\xff\x00\x00\x00\x00\x00\x00\x00\x00\xc3\xff\xff\xff\xff\xff\xff\xff\x3c\x00\x00\x00\x00\x00\x00\x00\xc0\xff\xff\xff\xff\xff\xff\xff\x00\x00\x00\x00\x00\x00\x00\x00\x00\xf0\xff\xff\xff\xff\xff\xff\x00\x00\x00\x00\x00\x00\x00\x00"
    "\xe0\xff\xff\xff\xff\xff\xff\xff\x00\x00\x00\x00\x00\x00\x00\x00\xd7\xff\xff\xff\xff\xff\xff\xff\x28\x00\x00\x00\x00\x00\x00\x00\xc1\xff\xff\xff\xff\xff\xff\xff\x00\x00\x00\x00\x00\x00\x00\x00\x01\xf8\xff\xff\xff\xff\xff\xff\x00\x00\x00\x00\x00\x00\x00\x00"
    "\x00\x00\x00\x00\xff\xff\xff\xff\x00\x00\x00\x00\x00\x00\x00\x00\x00\xf8\xff\xff\xff\xff\xff\xff\x00\x00\x00\x00\x00\x00\x00\x00\x00\x00\x00\x80\xff\xff\xff\xff\x00\x00\x00\x00\x00\x00\x00\x00\x00\x00\x00\x00\x00\xf8\xff\xff\x00\x00\x00\x00\x00\x00\x00\x00"
    "\x80\xff\xff\xff\xff\xff\xff\xff\x00\x00\x00\x00\x00\x00\x00\x00\xaf\xff\xff\xff\xff\xff\xff\xff\x50\x00\x00\x00\x00\x00\x00\x00\x50\xfe\xff\xff\xff\xff\xff\xff\xaf\x01\x00\x00\x00\x00\x00\x00\x00\xc0\xff\xff\xff\xff\xff\xff\x0f\x00\x00\x00\x00\x00\x00\x00"
    "\x00\x00\x00\x00\xff\xff\xff\xff\x00\x00\x00\x00\x00\x00\x00\x00\x00\xff\xff\xff\xff\xff\xff\xff\x00\x00\x00\x00\x00\x00\x00\x00\x00\x00\x00\x00\xff\xff\xff\xff\x00\x00\x00\x00\x00\x00\x00\x00\x00\x00\x00\x00\x00\xff\xff\xff\x00\x00\x00\x00\x00\x00\x00\x00"
    "\x00\x00\xfc\xff\xff\xff\xff\xff\x00\x00\x00\x00\x00\x00\x00\x00\x00\x00\x00\x00\xff\xff\xff\xff\x00\x00\x00\x00\x00\x00\x00\x00\xf0\xd8\xff\xff\xff\xff\xff\xff\x0f\x27\x00\x00\x00\x00\x00\x00\x00\x00\x00\x00\x00\x00\xfc\xff\x00\x00\x00\x00\x00\x00\x00\x00"
    "\x00\x00\x00\xfc\xff\xff\xff\xff\x00\x00\x00\x00\x00\x00\x00\x00\x00\x00\x00\x00\xff\xff\xff\xff\x00\x00\x00\x00\x00\x00\x00\x00\xfe\xff\xff\xff\xff\xff\xff\xff\x01\x00\x00\x00\x00\x00\x00\x00\x00\x00\x00\x00\x00\x00\x00\xfc\x00\x00\x00\x00\x00\x00\x00\x00"
    "\x00\x00\x00\x00\xff\xff\xff\xff\x00\x00\x00\x00\x00\x00\x00\x00\xcf\xff\xff\xff\xff\xff\xff\xff\x30\x00\x00\x00\x00\x00\x00\x00\x0f\x00\x00\x00\xff\xff\xff\xff\x00\x00\x00\x00\x00\x00\x00\x00\x0f\x00\x00\x00\xc0\xff\xff\xff\x00\x00\x00\x00\x00\x00\x00\x00"
    "\x00\xff\xff\xff\xff\xff\xff\xff\x00\x00\x00\x00\x00\x00\x00\x00\xc7\xff\xff\xff\xff\xff\xff\xff\x38\x00\x00\x00\x00\x00\x00\x00\xc7\xff\xff\xff\xff\xff\xff\xff\x38\x00\x00\x00\x00\x00\x00\x00\x07\xc0\xff\xff\xff\xff\xff\xff\x00\x00\x00\x00\x00\x00\x00\x00"
    "\x00\x00\x00\x00\xff\xff\xff\xff\x00\x00\x00\x00\x00\x00\x00\x00\x37\xff\xff\xff\xff\xff\xff\xff\xc8\x00\x00\x00\x00\x00\x00\x00\xf0\xd8\xff\xff\xff\xff\xff\xff\x0f\x27\x00\x00\x00\x00\x00\x00\x00\x00\x00\x00\x00\xff\xff\xff\x07\x00\x00\x00\x00\x00\x00\x00"
    "\x00\x00\x00\xff\xff\xff\xff\xff\x00\x00\x00\x00\x00\x00\x00\x00\x00\x00\x00\x00\xff\xff\xff\xff\x00\x00\x00\x00\x00\x00\x00\x00\xf0\xd8\xff\xff\xff\xff\xff\xff\x0f\x27\x00\x00\x00\x00\x00\x00\x00\x00\x00\x00\x00\x00\x00\xff\x00\x00\x00\x00\x00\x00\x00\x00"
    "\x00\xff\xff\xff\xff\xff\xff\xff\x00\x00\x00\x00\x00\x00\x00\x00\xe7\xff\xff\xff\xff\xff\xff\xff\x18\x00\x00\x00\x00\x00\x00\x00\xec\xff\xff\xff\xff\xff\xff\xff\x13\x00\x00\x00\x00\x00\x00\x00\x04\xe0\xff\xff\xff\xff\xff\xff\x03\x00\x00\x00\x00\x00\x00\x00"
    "\x00\x00\x00\x80\xff\xff\xff\xff\x00\x00\x00\x00\x00\x00\x00\x00\x5f\x79\xfe\xff\xff\xff\xff\xff\xa0\x86\x01\x00\x00\x00\x00\x00\xff\xff\x1f\xfe\xff\xff\xff\xff\x00\x00\x00\x00\x00\x00\x00\x00\x1f\x00\x00\x00\x00\x00\xff\xff\x00\x00\x00\x00\x00\x00\x00\x00"
    "\x00\x00\xff\xff\xff\xff\xff\xff\x00\x00\x00\x00\x00\x00\x00\x00\xed\xff\xff\xff\xff\xff\xff\xff\x12\x00\x00\x00\x00\x00\x00\x00\xdb\xff\xff\xff\xff\xff\xff\xff\x24\x00\x00\x00\x00\x00\x00\x00\x01\x00\xe0\xff\xff\xff\xff\xff\x00\x00\x00\x00\x00\x00\x00\x00"
    "\x00\xff\xff\xff\xff\xff\xff\xff\x00\x00\x00\x00\x00\x00\x00\x00\xd7\xff\xff\xff\xff\xff\xff\xff\x28\x00\x00\x00\x00\x00\x00\x00\xec\xff\xff\xff\xff\xff\xff\xff\x13\x00\x00\x00\x00\x00\x00\x00\x04\xc0\xff\xff\xff\xff\xff\xff\x03\x00\x00\x00\x00\x00\x00\x00"
    "\xf0\xff\xff\xff\xff\xff\xff\xff\x00\x00\x00\x00\x00\x00\x00\x00\xfc\xff\xff\xff\xff\xff\xff\xff\x03\x00\x00\x00\x00\x00\x00\x00\xfc\xff\xff\xff\xff\xff\xff\xff\x03\x00\x00\x00\x00\x00\x00\x00\xc0\xff\xff\xff\xff\xff\xff\xff\x00\x00\x00\x00\x00\x00\x00\x00"
    "\x00\x00\x00\x00\xff\xff\xff\xff\x00\x00\x00\x00\x00\x00\x00\x00\xe7\xff\xff\xff\xff\xff\xff\xff\x18\x00\x00\x00\x00\x00\x00\x00\xe7\xff\xff\xff\xff\xff\xff\xff\x18\x00\x00\x00\x00\x00\x00\x00\x07\x00\x00\x00\xe0\xff\xff\xff\x00\x00\x00\x00\x00\x00\x00\x00"
    "\x00\xfc\xff\xff\xff\xff\xff\xff\x00\x00\x00\x00\x00\x00\x00\x00\x17\xfc\xff\xff\xff\xff\xff\xff\xe8\x03\x00\x00\x00\x00\x00\x00\x00\xfc\xff\xff\xff\xff\xff\xff\x00\x00\x00\x00\x00\x00\x00\x00\x00\x00\xf0\xff\xff\xff\xff\xff\x00\x00\x00\x00\x00\x00\x00\x00"
    "\xe0\xff\xff\xff\xff\xff\xff\xff\x00\x00\x00\x00\x00\x00\x00\x00\xc3\xff\xff\xff\xff\xff\xff\xff\x3c\x00\x00\x00\x00\x00\x00\x00\xc0\xff\xff\xff\xff\xff\xff\xff\x00\x00\x00\x00\x00\x00\x00\x00\x00\xf8\xff\xff\xff\xff\xff\xff\x00\x00\x00\x00\x00\x00\x00\x00"
    "\x00\x00\x00\x00\x00\x00\xe0\xff\x00\x00\x00\x00\x00\x00\x00\x00\xf5\xff\xff\xff\xff\xff\xff\xff\x0a\x00\x00\x00\x00\x00\x00\x00\x00\x00\x00\x00\xff\xff\xff\xff\x00\x00\x00\x00\x00\x00\x00\x00\x00\x00\x00\x00\x00\x00\x00\xfe\x00\x00\x00\x00\x00\x00\x00\x00"
    "\x00\x00\xff\xff\xff\xff\xff\xff\x00\x00\x00\x00\x00\x00\x00\x00\xf3\xff\xff\xff\xff\xff\xff\xff\x0c\x00\x00\x00\x00\x00\x00\x00\xf3\xff\xff\xff\xff\xff\xff\xff\x0c\x00\x00\x00\x00\x00\x00\x00\x03\x00\xf0\xff\xff\xff\xff\xff\x00\x00\x00\x00\x00\x00\x00\x00"
    "\xe0\xff\xff\xff\xff\xff\xff\xff\x00\x00\x00\x00\x00\x00\x00\x00\x09\x00\x00\x00\xff\xff\xff\xff\xf6\xff\xff\xff\x00\x00\x00\x00\x00\xff\xff\xff\xff\xff\xff\xff\x00\x00\x00\x00\x00\x00\x00\x00\x00\x00\x00\x00\xe0\xff\xff\xff\x00\x00\x00\x00\x00\x00\x00\x00"
    "\x00\x00\x00\xc0\xff\xff\xff\xff\x00\x00\x00\x00\x00\x00\x00\x00\xbc\xff\xff\xff\xff\xff\xff\xff\x43\x00\x00\x00\x00\x00\x00\x00\x39\x0c\xbc\xcd\xff\xff\xff\xff\xc6\xf3\x43\x32\x00\x00\x00\x00\x00\x00\x00\x00\xe0\xff\xff\xff\x00\x00\x00\x00\x00\x00\x00\x00"
    "\x00\x00\x00\x00\xc0\xff\xff\xff\x00\x00\x00\x00\x00\x00\x00\x00\xec\xff\xff\xff\xff\xff\xff\xff\x13\x00\x00\x00\x00\x00\x00\x00\x00\x00\x00\x00\xff\xff\xff\xff\x00\x00\x00\x00\x00\x00\x00\x00\x00\x00\x00\x00\x00\xf8\xff\xff\x00\x00\x00\x00\x00\x00\x00\x00"
    "\x00\x00\x00\xff\xff\xff\xff\xff\x00\x00\x00\x00\x00\x00\x00\x00\x00\x00\xff\xff\xff\xff\xff\xff\xff\xff\x00\x00\x00\x00\x00\x00\x00\x00\x80\xff\xff\xff\xff\xff\xff\xff\x7f\x00\x00\x00\x00\x00\x00\x00\x00\x00\x00\xff\xff\xff\x00\x00\x00\x00\x00\x00\x00\x00"
    "\x00\xf0\xff\xff\xff\xff\xff\xff\x00\x00\x00\x00\x00\x00\x00\x00\xf5\xff\xff\xff\xff\xff\xff\xff\x0a\x00\x00\x00\x00\x00\x00\x00\x80\xff\xff\xff\xff\xff\xff\xff\x00\x00\x00\x00\x00\x00\x00\x00\x00\x00\xff\xff\xff\xff\xff\xff\x00\x00\x00\x00\x00\x00\x00\x00"
    "\x00\x00\x00\x00\xff\xff\xff\xff\x00\x00\x00\x00\x00\x00\x00\x00\xe7\xff\xff\xff\xff\xff\xff\xff\x18\x00\x00\x00\x00\x00\x00\x00\xcf\xff\xff\xff\xff\xff\xff\xff\x30\x00\x00\x00\x00\x00\x00\x00\x07\x00\x00\x00\xe0\xff\xff\xff\x00\x00\x00\x00\x00\x00\x00\x00"
    "\x00\xff\xff\xff\xff\xff\xff\xff\x00\x00\x00\x00\x00\x00\x00\x00\xcf\xff\xff\xff\xff\xff\xff\xff\x30\x00\x00\x00\x00\x00\x00\x00\xe8\xff\xff\xff\xff\xff\xff\xff\x17\x00\x00\x00\x00\x00\x00\x00\x08\xc0\xff\xff\xff\xff\xff\xff\x07\x00\x00\x00\x00\x00\x00\x00"
    "\x00\x00\x00\x80\xff\xff\xff\xff\x00\x00\x00\x00\x00\x00\x00\x00\xff\x00\x00\x80\xff\xff\xff\xff\x00\x00\x00\x00\x00\x00\x00\x00\xff\x7f\xff\xff\xff\xff\xff\xff\x00\x80\x00\x00\x00\x00\x00\x00\xff\x00\x00\x00\x00\x00\x00\xc0\x00\x00\x00\x00\x00\x00\x00\x00"
    "\x80\xff\xff\xff\xff\xff\xff\xff\x00\x00\x00\x00\x00\x00\x00\x00\xf6\xff\xff\xff\xff\xff\xff\xff\x09\x00\x00\x00\x00\x00\x00\x00\x9b\xff\xff\xff\xff\xff\xff\xff\x64\x00\x00\x00\x00\x00\x00\x00\x00\xf8\xff\xff\xff\xff\xff\xff\x00\x00\x00\x00\x00\x00\x00\x00"
    "\x81\xff\xff\xff\xff\xff\xff\xff\x00\x00\x00\x00\x00\x00\x00\x00\xf6\xff\xff\xff\xff\xff\xff\xff\x09\x00\x00\x00\x00\x00\x00\x00\xb7\xff\xff\xff\xff\xff\xff\xff\x48\x00\x00\x00\x00\x00\x00\x00\x01\xf8\xff\xff\xff\xff\xff\xff\x00\x00\x00\x00\x00\x00\x00\x00"
    "\x00\x00\x00\x00\xff\xff\xff\xff\x00\x00\x00\x00\x00\x00\x00\x00\xcd\xff\xff\xff\xff\xff\xff\xff\x32\x00\x00\x00\x00\x00\x00\x00\xab\xff\xff\xff\xff\xff\xff\xff\x54\x00\x00\x00\x00\x00\x00\x00\x01\x00\x00\x00\xc0\xff\xff\xff\x00\x00\x00\x00\x00\x00\x00\x00"
    "\x03\x80\xff\xff\xff\xff\xff\xff\x00\x00\x00\x00\x00\x00\x00\x00\x00\x00\x00\x00\xff\xff\xff\xff\x00\x00\x00\x00\x00\x00\x00\x00\xf0\xd8\xff\xff\xff\xff\xff\xff\x0f\x27\x00\x00\x00\x00\x00\x00\x00\x00\x00\x00\x00\x80\xff\xff\x03\x00\x00\x00\x00\x00\x00\x00"
    "\x00\x00\x00\x00\xff\xff\xff\xff\x00\x00\x00\x00\x00\x00\x00\x00\x1a\xf0\xff\xff\xff\xff\xff\xff\xe5\x0f\x00\x00\x00\x00\x00\x00\x00\x00\xff\xff\xff\xff\xff\xff\x00\x00\x00\x00\x00\x00\x00\x00\x00\x00\x00\x00\x00\xf0\xff\xff\x00\x00\x00\x00\x00\x00\x00\x00"
    "\x00\x00\x00\x00\xf8\xff\xff\xff\x00\x00\x00\x00\x00\x00\x00\x00\xe0\xff\xff\xff\xff\xff\xff\xff\x00\x00\x00\x00\x00\x00\x00\x00\xf8\xff\xff\xff\xff\xff\xff\xff\x07\x00\x00\x00\x00\x00\x00\x00\x00\x00\x00\x00\x00\xff\xff\xff\x00\x00\x00\x00\x00\x00\x00\x00"
    "\x00\x00\x00\x00\x00\x00\xc0\xff\x00\x00\x00\x00\x00\x00\x00\x00\xf3\xff\xff\xff\xff\xff\xff\xff\x0c\x00\x00\x00\x00\x00\x00\x00\xf8\xff\xff\xff\xff\xff\xff\xff\x07\x00\x00\x00\x00\x00\x00\x00\x00\x00\x00\x00\x00\x00\x00\xfc\x03\x00\x00\x00\x00\x00\x00\x00"
    "\x00\xf8\xff\xff\xff\xff\xff\xff\x00\x00\x00\x00\x00\x00\x00\x00\xff\xe0\xf5\x05\xff\xff\xff\xff\x00\x1f\x0a\xfa\x00\x00\x00\x00\x00\x00\x00\x00\xe0\xff\xff\xff\x00\x00\x00\x00\x00\x00\x00\x00\x00\x00\x00\x00\x00\xf8\xff\xff\x00\x00\x00\x00\x00\x00\x00\x00"
    "\x00\x00\x00\x80\xff\xff\xff\xff\x00\x00\x00\x00\x00\x00\x00\x00\x00\x00\xfe\xff\xff\xff\xff\xff\x00\x00\x00\x00\x00\x00\x00\x00\xff\x7f\xff\xff\xff\xff\xff\xff\x00\x80\x00\x00\x00\x00\x00\x00\x00\x00\x00\x00\x00\x00\xff\xff\x00\x00\x00\x00\x00\x00\x00\x00"
    "\x00\x00\x00\x00\xff\xff\xff\xff\x00\x00\x00\x00\x00\x00\x00\x00\xed\xff\xff\xff\xff\xff\xff\xff\x12\x00\x00\x00\x00\x00\x00\x00\x00\x00\x00\x00\xff\xff\xff\xff\x00\x00\x00\x00\x00\x00\x00\x00\x00\x00\x00\x00\xe0\xff\xff\xff\x00\x00\x00\x00\x00\x00\x00\x00"
    "\x00\xff\xff\xff\xff\xff\xff\xff\x00\x00\x00\x00\x00\x00\x00\x00\x00\xff\xff\xff\xff\xff\xff\xff\x00\x00\x00\x00\x00\x00\x00\x00\x00\xff\xff\xff\xff\xff\xff\xff\x00\x00\x00\x00\x00\x00\x00\x00\x00\x00\xff\xff\xff\xff\xff\xff\x00\x00\x00\x00\x00\x00\x00\x00"
    "\x00\x00\xff\xff\xff\xff\xff\xff\x00\x00\x00\x00\x00\x00\x00\x00\x00\x00\x00\xff\xff\xff\xff\xff\xff\xff\xff\x00\x00\x00\x00\x00\x00\x80\xff\xff\xff\xff\xff\xff\xff\x7f\x00\x00\x00\x00\x00\x00\x00\x00\x00\x00\x00\xff\xff\xff\x00\x00\x00\x00\x00\x00\x00\x00"
    "\x00\x00\x00\x00\xff\xff\xff\xff\x00\x00\x00\x00\x00\x00\x00\x00\xf2\x99\xe6\xff\xff\xff\xff\xff\x0d\x66\x19\x00\x00\x00\x00\x00\xa0\x0c\x91\xc3\xff\xff\xff\xff\x5f\xf3\x6e\x3c\x00\x00\x00\x00\x00\x00\x00\x00\x00\x00\xe0\xff\x00\x00\x00\x00\x00\x00\x00\x00"
    "\xf0\xff\xff\xff\xff\xff\xff\xff\x00\x00\x00\x00\x00\x00\x00\x00\xfa\xff\xff\xff\xff\xff\xff\xff\x05\x00\x00\x00\x00\x00\x00\x00\xf8\xff\xff\xff\xff\xff\xff\xff\x00\x00\x00\x00\x00\x00\x00\x00\x80\xff\xff\xff\xff\xff\xff\xff\x00\x00\x00\x00\x00\x00\x00\x00"
    "\x00\x00\x00\x00\xff\xff\xff\xff\x00\x00\x00\x00\x00\x00\x00\x00\xeb\xff\xff\xff\xff\xff\xff\xff\x14\x00\x00\x00\x00\x00\x00\x00\x00\x00\x00\x00\xff\xff\xff\xff\x00\x00\x00\x00\x00\x00\x00\x00\x00\x00\x00\x00\xe0\xff\xff\xff\x00\x00\x00\x00\x00\x00\x00\x00"
    "\x00\x00\x00\x00\xff\xff\xff\xff\x00\x00\x00\x00\x00\x00\x00\x00\xd7\xff\xff\xff\xff\xff\xff\xff\x28\x00\x00\x00\x00\x00\x00\x00\x00\x00\x00\x00\xff\xff\xff\xff\x00\x00\x00\x00\x00\x00\x00\x00\x00\x00\x00\x00\xc0\xff\xff\xff\x00\x00\x00\x00\x00\x00\x00\x00"
    "\x00\x00\x00\x00\xff\xff\xff\xff\x00\x00\x00\x00\x00\x00\x00\x00\x00\x00\x00\xfc\xff\xff\xff\xff\x00\x00\x00\x00\x00\x00\x00\x00\xfe\xff\xff\xff\xff\xff\xff\xff\x01\x00\x00\x00\x00\x00\x00\x00\x00\x00\x00\x00\x00\x00\x00\xfc\x00\x00\x00\x00\x00\x00\x00\x00"
    "\xf0\xff\xff\xff\xff\xff\xff\xff\x00\x00\x00\x00\x00\x00\x00\x00\xd7\xff\xff\xff\xff\xff\xff\xff\x28\x00\x00\x00\x00\x00\x00\x00\xf7\xff\xff\xff\xff\xff\xff\xff\x08\x00\x00\x00\x00\x00\x00\x00\x07\xfc\xff\xff\xff\xff\xff\xff\x00\x00\x00\x00\x00\x00\x00\x00"
    "\x00\xff\xff\xff\xff\xff\xff\xff\x00\x00\x00\x00\x00\x00\x00\x00\xc3\xff\xff\xff\xff\xff\xff\xff\x3c\x00\x00\x00\x00\x00\x00\x00\x81\xff\xff\xff\xff\xff\xff\xff\x00\x00\x00\x00\x00\x00\x00\x00\x01\xc0\xff\xff\xff\xff\xff\xff\x00\x00\x00\x00\x00\x00\x00\x00"
    "\x00\x00\x00\x00\xff\xff\xff\xff\x00\x00\x00\x00\x00\x00\x00\x00\x21\xe7\xfd\xff\xff\xff\xff\xff\xde\x18\x02\x00\x00\x00\x00\x00\xc0\xbd\xf0\xff\xff\xff\xff\xff\x3f\x42\x0f\x00\x00\x00\x00\x00\x00\x00\x00\x00\x00\x00\xfc\xff\x01\x00\x00\x00\x00\x00\x00\x00"
    "\xfc\xff\xff\xff\xff\xff\xff\xff\x00\x00\x00\x00\x00\x00\x00\x00\xf9\xff\xff\xff\xff\xff\xff\xff\x06\x00\x00\x00\x00\x00\x00\x00\xf9\xff\xff\xff\xff\xff\xff\xff\x06\x00\x00\x00\x00\x00\x00\x00\xe1\xff\xff\xff\xff\xff\xff\xff\x00\x00\x00\x00\x00\x00\x00\x00"
    "\x00\x00\x00\x80\xff\xff\xff\xff\x00\x00\x00\x00\x00\x00\x00\x00\xe7\xff\xff\xff\xff\xff\xff\xff\x18\x00\x00\x00\x00\x00\x00\x00\x6f\xff\xff\xff\xff\xff\xff\xff\x90\x00\x00\x00\x00\x00\x00\x00\x07\x00\x00\x00\xf0\xff\xff\xff\x00\x00\x00\x00\x00\x00\x00\x00"
    "\x00\xfe\xff\xff\xff\xff\xff\xff\x00\x00\x00\x00\x00\x00\x00\x00\xc3\xff\xff\xff\xff\xff\xff\xff\x3c\x00\x00\x00\x00\x00\x00\x00\x01\xff\xff\xff\xff\xff\xff\xff\x00\x00\x00\x00\x00\x00\x00\x00\x01\x80\xff\xff\xff\xff\xff\xff\x00\x00\x00\x00\x00\x00\x00\x00"
    "\x00\x00\x00\x00\xff\xff\xff\xff\x00\x00\x00\x00\x00\x00\x00\x00\x03\x00\x00\xfc\xff\xff\xff\xff\x00\x00\x00\x00\x00\x00\x00\x00\x00\x00\x00\x80\xff\xff\xff\xff\x00\x00\x00\x00\x00\x00\x00\x00\x00\x00\x00\x00\x00\x00\x00\xfc\x00\x00\x00\x00\x00\x00\x00\x00"
    "\x00\x00\x00\x00\xff\xff\xff\xff\x00\x00\x00\x00\x00\x00\x00\x00\xf5\xff\xff\xff\xff\xff\xff\xff\x0a\x00\x00\x00\x00\x00\x00\x00\x00\xfe\xff\xff\xff\xff\xff\xff\xff\x01\x00\x00\x00\x00\x00\x00\x00\x00\x00\x00\xf0\xff\xff\xff\x01\x00\x00\x00\x00\x00\x00\x00"
    "\x00\x00\x80\xff\xff\xff\xff\xff\x00\x00\x00\x00\x00\x00\x00\x00\xfc\xff\xff\xff\xff\xff\xff\xff\x03\x00\x00\x00\x00\x00\x00\x00\xfe\xff\xff\xff\xff\xff\xff\xff\x01\x00\x00\x00\x00\x00\x00\x00\x00\x00\x00\xfe\xff\xff\xff\xff\x00\x00\x00\x00\x00\x00\x00\x00"
    "\x00\x00\xff\xff\xff\xff\xff\xff\x00\x00\x00\x00\x00\x00\x00\x00\xfc\xff\xff\xff\xff\xff\xff\xff\x03\x00\x00\x00\x00\x00\x00\x00\xfd\xff\xff\xff\xff\xff\xff\xff\x02\x00\x00\x00\x00\x00\x00\x00\x00\x00\xfc\xff\xff\xff\xff\xff\x00\x00\x00\x00\x00\x00\x00\x00"
    "\x00\x00\xe0\xff\xff\xff\xff\xff\x00\x00\x00\x00\x00\x00\x00\x00\x63\x00\x00\x00\xff\xff\xff\xff\x9c\xff\xff\xff\x00\x00\x00\x00\x00\x00\x00\xf8\xff\xff\xff\xff\x00\x00\x00\x00\x00\x00\x00\x00\x00\x00\x00\x00\x00\x00\xe0\xff\x00\x00\x00\x00\x00\x00\x00\x00"
    "\x00\x00\x00\x80\xff\xff\xff\xff\x00\x00\x00\x00\x00\x00\x00\x00\xbf\x24\xe3\xfb\xff\xff\xff\xff\x40\xdb\x1c\x04\x00\x00\x00\x00\xff\xff\xff\x7f\xff\xff\xff\xff\x00\x00\x00\x80\x00\x00\x00\x00\x3f\x00\x00\x00\x00\x00\x00\xfc\x00\x00\x00\x00\x00\x00\x00\x00"
    "\x00\x00\x00\x80\xff\xff\xff\xff\x00\x00\x00\x00\x00\x00\x00\x00\x7f\x91\xae\xf9\xff\xff\xff\xff\x80\x6e\x51\x06\x00\x00\x00\x00\xff\xff\xff\x7f\xff\xff\xff\xff\x00\x00\x00\x80\x00\x00\x00\x00\x7f\x00\x00\x00\x00\x00\x00\xfc\x00\x00\x00\x00\x00\x00\x00\x00"
    "\x00\x00\x00\x00\xff\xff\xff\xff\x00\x00\x00\x00\x00\x00\x00\x00\xa7\xfe\xff\xff\xff\xff\xff\xff\x58\x01\x00\x00\x00\x00\x00\x00\xc0\xff\xff\xff\xff\xff\xff\xff\x3f\x00\x00\x00\x00\x00\x00\x00\x00\x00\x00\x00\x00\xfe\xff\xff\x07\x00\x00\x00\x00\x00\x00\x00"
    "\x00\x00\x00\xe0\xff\xff\xff\xff\x00\x00\x00\x00\x00\x00\x00\x00\xf0\xff\xff\xff\xff\xff\xff\xff\x00\x00\x00\x00\x00\x00\x00\x00\xf7\xff\xff\xff\xff\xff\xff\xff\x08\x00\x00\x00\x00\x00\x00\x00\x00\x00\x00\x00\xfe\xff\xff\xff\x00\x00\x00\x00\x00\x00\x00\x00"
    "\x00\x80\xff\xff\xff\xff\xff\xff\x00\x00\x00\x00\x00\x00\x00\x00\x00\x00\x00\x00\xff\xff\xff\xff\x00\x00\x00\x00\x00\x00\x00\x00\xf0\xd8\xff\xff\xff\xff\xff\xff\x0f\x27\x00\x00\x00\x00\x00\x00\x00\x00\x00\x00\x00\x80\xff\xff\x00\x00\x00\x00\x00\x00\x00\x00"
    "\x00\x00\x80\xff\xff\xff\xff\xff\x00\x00\x00\x00\x00\x00\x00\x00\x00\x00\x00\x00\xff\xff\xff\xff\x00\x00\x00\x00\x00\x00\x00\x00\xf0\xd8\xff\xff\xff\xff\xff\xff\x0f\x27\x00\x00\x00\x00\x00\x00\x00\x00\x00\x00\x00\x00\x80\xff\x00\x00\x00\x00\x00\x00\x00\x00"
    "\x07\x00\x00\x00\xfc\xff\xff\xff\x00\x00\x00\x00\x00\x00\x00\x00\x00\xc0\xff\xff\xff\xff\xff\xff\x00\x00\x00\x00\x00\x00\x00\x00\x0f\x00\xf0\xff\xff\xff\xff\xff\x10\x00\x00\x00\x00\x00\x00\x00\x07\x00\x00\x00\x00\x00\xff\xff\x00\x00\x00\x00\x00\x00\x00\x00"
    "\xe0\xff\xff\xff\xff\xff\xff\xff\x00\x00\x00\x00\x00\x00\x00\x00\xef\xf1\xff\xff\xff\xff\xff\xff\x10\x0e\x00\x00\x00\x00\x00\x00\x00\xe0\xff\xff\xff\xff\xff\xff\x00\x00\x00\x00\x00\x00\x00\x00\x00\x00\xfe\xff\xff\xff\xff\xff\x00\x00\x00\x00\x00\x00\x00\x00"
    "\xfe\xff\xff\xff\xff\xff\xff\xff\x00\x00\x00\x00\x00\x00\x00\x00\x6a\xf5\xdd\xd8\x48\x3e\x83\xae\x95\x0a\x22\x27\xb7\xc1\x7c\x51\x0d\x3f\x2c\xb8\x11\x96\xba\xf2\xf2\xc0\xd3\x47\xee\x69\x45\x0d\x08\x34\x08\x90\x10\x94\x38\xa0\x82\xc0\xd1\x46\xa4\x29\x40\x0c"
    "\x00\xe0\xff\xff\xff\xff\xff\xff\x00\x00\x00\x00\x00\x00\x00\x00\xfc\xff\xff\xff\xff\xff\xff\xff\x03\x00\x00\x00\x00\x00\x00\x00\xfe\xff\xff\xff\xff\xff\xff\xff\x01\x00\x00\x00\x00\x00\x00\x00\x00\x80\xff\xff\xff\xff\xff\xff\x00\x00\x00\x00\x00\x00\x00\x00"
    "\x00\x00\x00\x00\xff\xff\xff\xff\x00\x00\x00\x00\x00\x00\x00\x00\xf6\xff\xff\xff\xff\xff\xff\xff\x09\x00\x00\x00\x00\x00\x00\x00\xcb\xff\xff\xff\xff\xff\xff\xff\x34\x00\x00\x00\x00\x00\x00\x00\x00\x00\x00\x00\xf0\xff\xff\xff\x00\x00\x00\x00\x00\x00\x00\x00"
    "\x00\x00\x80\xff\xff\xff\xff\xff\x00\x00\x00\x00\x00\x00\x00\x00\x3b\x00\x00\x00\xff\xff\xff\xff\xc4\xff\xff\xff\x00\x00\x00\x00\x00\x00\x00\xe0\xff\xff\xff\xff\x00\x00\x00\x00\x00\x00\x00\x00\x00\x00\x00\x00\x00\x00\x80\xff\x00\x00\x00\x00\x00\x00\x00\x00"
    "\x00\x00\x00\xe0\xff\xff\xff\xff\x00\x00\x00\x00\x00\x00\x00\x00\x3b\x00\x00\x00\xff\xff\xff\xff\xc4\xff\xff\xff\x00\x00\x00\x00\x00\x00\x00\x00\xf8\xff\xff\xff\x00\x00\x00\x00\x00\x00\x00\x00\x00\x00\x00\x00\x00\x00\x00\xe0\x00\x00\x00\x00\x00\x00\x00\x00"
    "\x00\x00\x00\x00\xff\xff\xff\xff\x00\x00\x00\x00\x00\x00\x00\x00\x46\x72\xf9\xff\xff\xff\xff\xff\xb9\x8d\x06\x00\x00\x00\x00\x00\xfe\xff\xff\xff\xff\xff\xff\xff\x01\x00\x00\x00\x00\x00\x00\x00\x00\x00\x00\x00\x00\x00\xf8\xff\x00\x00\x00\x00\x00\x00\x00\x00"
    "\xe1\xff\xff\xff\xff\xff\xff\xff\x00\x00\x00\x00\x00\x00\x00\x00\xe7\xff\xff\xff\xff\xff\xff\xff\x18\x00\x00\x00\x00\x00\x00\x00\xc7\xff\xff\xff\xff\xff\xff\xff\x00\x00\x00\x00\x00\x00\x00\x00\x07\xfc\xff\xff\xff\xff\xff\xff\x00\x00\x00\x00\x00\x00\x00\x00"
    "\x00\xff\xff\xff\xff\xff\xff\xff\x00\x00\x00\x00\x00\x00\x00\x00\xf5\xff\xff\xff\xff\xff\xff\xff\x0a\x00\x00\x00\x00\x00\x00\x00\xe3\xff\xff\xff\xff\xff\xff\xff\x1c\x00\x00\x00\x00\x00\x00\x00\x01\xf0\xff\xff\xff\xff\xff\xff\x00\x00\x00\x00\x00\x00\x00\x00"
    "\xf8\xff\xff\xff\xff\xff\xff\xff\x00\x00\x00\x00\x00\x00\x00\x00\x00\x00\x00\x80\xff\xff\xff\xff\x00\x00\x00\x00\x00\x00\x00\x00\xf8\xff\xff\xff\xff\xff\xff\xff\x07\x00\x00\x00\x00\x00\x00\x00\x00\x00\x00\x00\xfc\xff\xff\xff\x00\x00\x00\x00\x00\x00\x00\x00"
    "\xf8\xff\xff\xff\xff\xff\xff\xff\x00\x00\x00\x00\x00\x00\x00\x00\xfa\xff\xff\xff\xff\xff\xff\xff\x05\x00\x00\x00\x00\x00\x00\x00\xf8\xff\xff\xff\xff\xff\xff\xff\x00\x00\x00\x00\x00\x00\x00\x00\xc0\xff\xff\xff\xff\xff\xff\xff\x00\x00\x00\x00\x00\x00\x00\x00"
    "\x00\x00\x00\x00\xff\xff\xff\xff\x00\x00\x00\x00\x00\x00\x00\x00\xea\xff\xff\xff\xff\xff\xff\xff\x15\x00\x00\x00\x00\x00\x00\x00\x00\x00\x00\x00\xff\xff\xff\xff\x00\x00\x00\x00\x00\x00\x00\x00\x00\x00\x00\x00\xe0\xff\xff\xff\x00\x00\x00\x00\x00\x00\x00\x00"
    "\x00\x00\x00\x00\xff\xff\xff\xff\x00\x00\x00\x00\x00\x00\x00\x00\xb0\x14\x2b\xd8\xff\xff\xff\xff\x4f\xeb\xd4\x27\x00\x00\x00\x00\x00\x00\x00\x80\xff\xff\xff\xff\x00\x00\x00\x00\x00\x00\x00\x00\x00\x00\x00\x00\x00\x00\x00\xc0\x00\x00\x00\x00\x00\x00\x00\x00"
    "\xf0\xff\xff\xff\xff\xff\xff\xff\x00\x00\x00\x00\x00\x00\x00\x00\xe7\xff\xff\xff\xff\xff\xff\xff\x18\x00\x00\x00\x00\x00\x00\x00\xe7\xff\xff\xff\xff\xff\xff\xff\x00\x00\x00\x00\x00\x00\x00\x00\x07\xfe\xff\xff\xff\xff\xff\xff\x00\x00\x00\x00\x00\x00\x00\x00"
    "\xfe\xff\xff\xff\xff\xff\xff\xff\x00\x00\x00\x00\x00\x00\x00\x00\xfc\xff\xff\xff\xff\xff\xff\xff\x03\x00\x00\x00\x00\x00\x00\x00\x00\x00\x00\x00\xff\xff\xff\xff\xff\xff\xff\xff\x00\x00\x00\x00\x00\x00\x00\x00\xfe\xff\xff\xff\x02\x00\x00\x00\x00\x00\x00\x00"
    "\x00\x00\x00\x00\xff\xff\xff\xff\x00\x00\x00\x00\x00\x00\x00\x00\xe7\xff\xff\xff\xff\xff\xff\xff\x18\x00\x00\x00\x00\x00\x00\x00\xd7\xff\xff\xff\xff\xff\xff\xff\x28\x00\x00\x00\x00\x00\x00\x00\x07\x00\x00\x00\xe0\xff\xff\xff\x00\x00\x00\x00\x00\x00\x00\x00"
    "\x00\x00\x00\x00\xff\xff\xff\xff\x00\x00\x00\x00\x00\x00\x00\x00\xb7\xff\xff\xff\xff\xff\xff\xff\x48\x00\x00\x00\x00\x00\x00\x00\xb7\xff\xff\xff\xff\xff\xff\xff\x48\x00\x00\x00\x00\x00\x00\x00\x07\x00\x00\x00\x80\xff\xff\xff\x00\x00\x00\x00\x00\x00\x00\x00"
    "\x00\x00\x00\x00\xff\xff\xff\xff\x00\x00\x00\x00\x00\x00\x00\x00\xdf\xfe\xff\xff\xff\xff\xff\xff\x20\x01\x00\x00\x00\x00\x00\x00\xdf\xfe\xff\xff\xff\xff\xff\xff\x20\x01\x00\x00\x00\x00\x00\x00\x1f\x00\x00\x00\x00\xfe\xff\xff\x00\x00\x00\x00\x00\x00\x00\x00"
    "\x00\x00\xff\xff\xff\xff\xff\xff\x00\x00\x00\x00\x00\x00\x00\x00\xfc\xff\xff\xff\xff\xff\xff\xff\x03\x00\x00\x00\x00\x00\x00\x00\xfe\xff\xff\xff\xff\xff\xff\xff\x01\x00\x00\x00\x00\x00\x00\x00\x00\x00\xfc\xff\xff\xff\xff\xff\x00\x00\x00\x00\x00\x00\x00\x00"
    "\x00\x00\xff\xff\xff\xff\xff\xff\x00\x00\x00\x00\x00\x00\x00\x00\x7f\xae\xfe\xff\xff\xff\xff\xff\x80\x51\x01\x00\x00\x00\x00\x00\xff\x98\x3d\xfc\xff\xff\xff\xff\x00\x67\xc2\x03\x00\x00\x00\x00\x7f\x00\x00\x00\xfe\xff\xff\xff\x00\x00\x00\x00\x00\x00\x00\x00"
    "\x00\xff\xff\xff\xff\xff\xff\xff\x00\x00\x00\x00\x00\x00\x00\x00\x5b\xfd\xff\xff\xff\xff\xff\xff\xa4\x02\x00\x00\x00\x00\x00\x00\x01\xe0\xff\xff\xff\xff\xff\xff\x00\x00\x00\x00\x00\x00\x00\x00\x01\x00\xfc\xff\xff\xff\xff\xff\x00\x00\x00\x00\x00\x00\x00\x00"
    "\x00\xc0\xff\xff\xff\xff\xff\xff\x00\x00\x00\x00\x00\x00\x00\x00\xfc\xff\xff\xff\xff\xff\xff\xff\x03\x00\x00\x00\x00\x00\x00\x00\xfe\xff\xff\xff\xff\xff\xff\xff\x01\x00\x00\x00\x00\x00\x00\x00\x00\x00\xff\xff\xff\xff\xff\xff\x00\x00\x00\x00\x00\x00\x00\x00"
    "\x00\xc0\xff\xff\xff\xff\xff\xff\x00\x00\x00\x00\x00\x00\x00\x00\xe0\xff\xff\xff\xff\xff\xff\xff\x1f\x00\x00\x00\x00\x00\x00\x00\x00\xff\xff\xff\xff\xff\xff\xff\x00\x00\x00\x00\x00\x00\x00\x00\x00\x00\xf8\xff\xff\xff\xff\xff\x00\x00\x00\x00\x00\x00\x00\x00"
    "\x00\x00\x00\xf8\xff\xff\xff\xff\x00\x00\x00\x00\x00\x00\x00\x00\xfa\xff\xff\xff\xff\xff\xff\xff\x05\x00\x00\x00\x00\x00\x00\x00\x01\x00\xfc\xff\xff\xff\xff\xff\x00\x00\x00\x00\x00\x00\x00\x00\x00\x00\x00\xc0\xff\xff\xff\xff\x00\x00\x00\x00\x00\x00\x00\x00"
    "\x00\x00\x00\x00\xff\xff\xff\xff\x00\x00\x00\x00\x00\x00\x00\x00\xcf\xff\xff\xff\xff\xff\xff\xff\x30\x00\x00\x00\x00\x00\x00\x00\x07\x00\x00\x00\xf8\xff\xff\xff\x00\x00\x00\x00\x00\x00\x00\x00\x07\x00\x00\x00\xc0\xff\xff\xff\x00\x00\x00\x00\x00\x00\x00\x00"
    "\xf9\xff\xff\xff\xff\xff\xff\xff\x00\x00\x00\x00\x00\x00\x00\x00\x00\x00\x00\x00\xff\xff\xff\xff\x00\x00\x00\x00\x00\x00\x00\x00\xf8\xff\xff\xff\xff\xff\xff\xff\x07\x00\x00\x00\x00\x00\x00\x00\x00\x00\x00\x00\xf8\xff\xff\xff\x01\x00\x00\x00\x00\x00\x00\x00"
    "\x00\x00\x00\x00\xff\xff\xff\xff\x00\x00\x00\x00\x00\x00\x00\x00\xe0\xff\xff\xff\xff\xff\xff\xff\x00\x00\x00\x00\x00\x00\x00\x00\xfe\xff\xff\xff\xff\xff\xff\xff\x01\x00\x00\x00\x00\x00\x00\x00\x00\x00\x00\x00\xe0\xff\xff\xff\x00\x00\x00\x00\x00\x00\x00\x00"
    "\xf8\xff\xff\xff\xff\xff\xff\xff\x00\x00\x00\x00\x00\x00\x00\x00\x97\xff\xff\xff\xff\xff\xff\xff\x68\x00\x00\x00\x00\x00\x00\x00\xe0\xff\xff\xff\xff\xff\xff\xff\x1f\x00\x00\x00\x00\x00\x00\x00\x00\xfc\xff\xff\xff\xff\xff\xff\x07\x00\x00\x00\x00\x00\x00\x00"
    "\x00\x00\x00\x00\xff\xff\xff\xff\x00\x00\x00\x00\x00\x00\x00\x00\xf6\xff\xff\xff\xff\xff\xff\xff\x09\x00\x00\x00\x00\x00\x00\x00\xfb\xff\xff\xff\xff\xff\xff\xff\x04\x00\x00\x00\x00\x00\x00\x00\x00\x00\x00\x00\xf0\xff\xff\xff\x00\x00\x00\x00\x00\x00\x00\x00"
    "\x00\x00\x00\xe0\xff\xff\xff\xff\x00\x00\x00\x00\x00\x00\x00\x00\x09\xff\xff\xff\xff\xff\xff\xff\xf6\x00\x00\x00\x00\x00\x00\x00\x00\x00\x00\x00\xff\xff\xff\xff\x00\x00\x00\x00\x00\x00\x00\x00\x00\x00\x00\x00\xe0\xff\xff\xff\x00\x00\x00\x00\x00\x00\x00\x00"
    "\xf1\xff\xff\xff\xff\xff\xff\xff\x00\x00\x00\x00\x00\x00\x00\x00\x00\x00\x00\x00\xff\xff\xff\xff\x00\x00\x00\x00\x00\x00\x00\x00\xf7\xff\xff\xff\xff\xff\xff\xff\x08\x00\x00\x00\x00\x00\x00\x00\x01\x00\x00\x00\xf0\xff\xff\xff\x00\x00\x00\x00\x00\x00\x00\x00"
    "\xf8\xff\xff\xff\xff\xff\xff\xff\x00\x00\x00\x00\x00\x00\x00\x00\x00\x00\xff\xff\xff\xff\xff\xff\x00\x00\x00\x00\x00\x00\x00\x00\xfb\xff\xff\xff\xff\xff\xff\xff\x04\x00\x00\x00\x00\x00\x00\x00\x00\x00\xf8\xff\xff\xff\xff\xff\x00\x00\x00\x00\x00\x00\x00\x00"
    "\x80\xff\xff\xff\xff\xff\xff\xff\x00\x00\x00\x00\x00\x00\x00\x00\xf6\xff\xff\xff\xff\xff\xff\xff\x09\x00\x00\x00\x00\x00\x00\x00\xda\xff\xff\xff\xff\xff\xff\xff\x25\x00\x00\x00\x00\x00\x00\x00\x00\xf8\xff\xff\xff\xff\xff\xff\x00\x00\x00\x00\x00\x00\x00\x00"
    "\x81\xff\xff\xff\xff\xff\xff\xff\x00\x00\x00\x00\x00\x00\x00\x00\xf6\xff\xff\xff\xff\xff\xff\xff\x09\x00\x00\x00\x00\x00\x00\x00\xf6\xff\xff\xff\xff\xff\xff\xff\x09\x00\x00\x00\x00\x00\x00\x00\x00\xf8\xff\xff\xff\xff\xff\xff\x01\x00\x00\x00\x00\x00\x00\x00"
    "\x00\x00\x00\x00\x00\xff\xff\xff\x00\x00\x00\x00\x00\x00\x00\x00\x46\x72\xf9\xff\xff\xff\xff\xff\xb9\x8d\x06\x00\x00\x00\x00\x00\xfe\xff\xff\xff\xff\xff\xff\xff\x01\x00\x00\x00\x00\x00\x00\x00\x00\x00\x00\x00\x00\x00\x00\xf8\x00\x00\x00\x00\x00\x00\x00\x00"
    "\x00\x00\x00\x80\xff\xff\xff\xff\x00\x00\x00\x00\x00\x00\x00\x00\xff\x00\xff\xff\xff\xff\xff\xff\x00\x00\x00\x00\x00\x00\x00\x00\xff\x7f\xff\xff\xff\xff\xff\xff\x00\x80\x00\x00\x00\x00\x00\x00\xff\x00\x00\x00\x00\x80\xff\xff\x00\x00\x00\x00\x00\x00\x00\x00"
    "\x00\x00\x00\x80\xff\xff\xff\xff\x00\x00\x00\x00\x00\x00\x00\x00\xff\x00\xfe\xff\xff\xff\xff\xff\x00\x00\x00\x00\x00\x00\x00\x00\xff\x7f\xff\xff\xff\xff\xff\xff\x00\x80\x00\x00\x00\x00\x00\x00\xff\x00\x00\x00\x00\x00\xff\xff\x00\x00\x00\x00\x00\x00\x00\x00"
    "\x01\x00\x00\x00\xff\xff\xff\xff\x00\x00\x00\x00\x00\x00\x00\x00\x00\x00\xff\xff\xff\xff\xff\xff\x00\x00\x00\x00\x00\x00\x00\x00\x80\xee\xff\xff\xff\xff\xff\xff\x7f\x11\x00\x00\x00\x00\x00\x00\x00\x00\x00\x00\x00\x00\xff\xff\x01\x00\x00\x00\x00\x00\x00\x00"
    "\x01\x00\x00\x00\xff\xff\xff\xff\x00\x00\x00\x00\x00\x00\x00\x00\x00\x00\xff\xff\xff\xff\xff\xff\x00\x00\x00\x00\x00\x00\x00\x00\x70\xbe\xff\xff\xff\xff\xff\xff\x8f\x41\x00\x00\x00\x00\x00\x00\x00\x00\x00\x00\x00\x00\xff\xff\x01\x00\x00\x00\x00\x00\x00\x00"
    "\x00\x00\x00\x00\xff\xff\xff\xff\x00\x00\x00\x00\x00\x00\x00\x00\xd7\xff\xff\xff\xff\xff\xff\xff\x28\x00\x00\x00\x00\x00\x00\x00\x7f\xfd\xff\xff\xff\xff\xff\xff\x80\x02\x00\x00\x00\x00\x00\x00\x07\x00\x00\x00\xc0\xff\xff\xff\x00\x00\x00\x00\x00\x00\x00\x00"
    "\xe0\xff\xff\xff\xff\xff\xff\xff\x00\x00\x00\x00\x00\x00\x00\x00\xef\xf1\xff\xff\xff\xff\xff\xff\x10\x0e\x00\x00\x00\x00\x00\x00\x03\xf0\xff\xff\xff\xff\xff\xff\x00\x00\x00\x00\x00\x00\x00\x00\x03\x00\xfe\xff\xff\xff\xff\xff\x00\x00\x00\x00\x00\x00\x00\x00"
    "\x00\x00\x00\x00\xe0\xff\xff\xff\x00\x00\x00\x00\x00\x00\x00\x00\xf8\xff\xff\xff\xff\xff\xff\xff\x00\x00\x00\x00\x00\x00\x00\x00\xf8\xff\xff\xff\xff\xff\xff\xff\x07\x00\x00\x00\x00\x00\x00\x00\x00\x00\x00\x00\x00\xff\xff\xff\x00\x00\x00\x00\x00\x00\x00\x00"
    "\x00\x00\x00\x00\xff\xff\xff\xff\x00\x00\x00\x00\x00\x00\x00\x00\xd2\xf6\xff\xff\xff\xff\xff\xff\x2d\x09\x00\x00\x00\x00\x00\x00\xfb\xec\xfd\xff\xff\xff\xff\xff\x04\x13\x02\x00\x00\x00\x00\x00\x00\x00\x00\x00\x00\xf0\xff\xff\x00\x00\x00\x00\x00\x00\x00\x00"
    "\x00\x00\x00\xfc\xff\xff\xff\xff\x00\x00\x00\x00\x00\x00\x00\x00\x63\x00\x00\x00\xff\xff\xff\xff\x9c\xff\xff\xff\x00\x00\x00\x00\x00\x00\xe0\xff\xff\xff\xff\xff\x00\x00\x00\x00\x00\x00\x00\x00\x00\x00\x00\x00\x00\x00\x00\xfc\x00\x00\x00\x00\x00\x00\x00\x00"
    "\x00\xfc\xff\xff\xff\xff\xff\xff\x00\x00\x00\x00\x00\x00\x00\x00\xbf\xbd\xf0\xff\xff\xff\xff\xff\x40\x42\x0f\x00\x00\x00\x00\x00\x00\x00\xe0\xff\xff\xff\xff\xff\x00\x00\x00\x00\x00\x00\x00\x00\x00\x00\x00\xc0\xff\xff\xff\xff\x00\x00\x00\x00\x00\x00\x00\x00"
    "\x00\xff\xff\xff\xff\xff\xff\xff\x00\x00\x00\x00\x00\x00\x00\x00\xfc\xff\xff\xff\xff\xff\xff\xff\x03\x00\x00\x00\x00\x00\x00\x00\xfe\xff\xff\xff\xff\xff\xff\xff\x01\x00\x00\x00\x00\x00\x00\x00\x00\xfc\xff\xff\xff\xff\xff\xff\x00\x00\x00\x00\x00\x00\x00\x00"
    "\x00\xff\xff\xff\xff\xff\xff\xff\x00\x00\x00\x00\x00\x00\x00\x00\xfc\xff\xff\xff\xff\xff\xff\xff\x03\x00\x00\x00\x00\x00\x00\x00\xfd\xff\xff\xff\xff\xff\xff\xff\x02\x00\x00\x00\x00\x00\x00\x00\x00\xfc\xff\xff\xff\xff\xff\xff\x00\x00\x00\x00\x00\x00\x00\x00"
    "\x00\x00\x00\x00\xff\xff\xff\xff\x00\x00\x00\x00\x00\x00\x00\x00\xd7\xfe\xff\xff\xff\xff\xff\xff\x28\x01\x00\x00\x00\x00\x00\x00\x8f\xff\xff\xff\xff\xff\xff\xff\x70\x00\x00\x00\x00\x00\x00\x00\x07\x00\x00\x00\x00\xfe\xff\xff\x00\x00\x00\x00\x00\x00\x00\x00"
    "\x00\x00\xfe\xff\xff\xff\xff\xff\x00\x00\x00\x00\x00\x00\x00\x00\xfc\xff\xff\xff\xff\xff\xff\xff\x03\x00\x00\x00\x00\x00\x00\x00\xfe\xff\xff\xff\xff\xff\xff\xff\x01\x00\x00\x00\x00\x00\x00\x00\x00\x00\xf8\xff\xff\xff\xff\xff\x00\x00\x00\x00\x00\x00\x00\x00"
    "\x00\x00\x00\xf8\xff\xff\xff\xff\x00\x00\x00\x00\x00\x00\x00\x00\x17\x00\x00\x00\xff\xff\xff\xff\xe8\xff\xff\xff\x00\x00\x00\x00\x00\x00\x00\x00\xff\xff\xff\xff\x00\x00\x00\x00\x00\x00\x00\x00\x00\x00\x00\x00\x00\x00\x00\xf8\x00\x00\x00\x00\x00\x00\x00\x00"
    "\x00\x00\x00\x00\xff\xff\xff\xff\x00\x00\x00\x00\x00\x00\x00\x00\x77\xfd\xff\xff\xff\xff\xff\xff\x88\x02\x00\x00\x00\x00\x00\x00\x3f\xcb\xfe\xff\xff\xff\xff\xff\xc0\x34\x01\x00\x00\x00\x00\x00\x07\x00\x00\x00\x00\xfc\xff\xff\x00\x00\x00\x00\x00\x00\x00\x00"
    "\x00\x00\x00\x00\xfe\xff\xff\xff\x00\x00\x00\x00\x00\x00\x00\x00\x7f\xae\xfe\xff\xff\xff\xff\xff\x80\x51\x01\x00\x00\x00\x00\x00\x0f\x00\x00\x00\xff\xff\xff\xff\x00\x00\x00\x00\x00\x00\x00\x00\x0f\x00\x00\x00\x00\x00\xfc\xff\x00\x00\x00\x00\x00\x00\x00\x00"
    "\x07\x00\xfe\xff\xff\xff\xff\xff\x00\x00\x00\x00\x00\x00\x00\x00\x00\x00\xff\xff\xff\xff\xff\xff\x00\x00\x00\x00\x00\x00\x00\x00\xf7\xff\xff\xff\xff\xff\xff\xff\x08\x00\x00\x00\x00\x00\x00\x00\x07\x00\x00\x00\xfe\xff\xff\xff\x00\x00\x00\x00\x00\x00\x00\x00"
    "\x00\xff\xff\xff\xff\xff\xff\xff\x00\x00\x00\x00\x00\x00\x00\x00\xf3\xff\xff\xff\xff\xff\xff\xff\x0c\x00\x00\x00\x00\x00\x00\x00\xe5\xff\xff\xff\xff\xff\xff\xff\x1a\x00\x00\x00\x00\x00\x00\x00\x01\xf0\xff\xff\xff\xff\xff\xff\x02\x00\x00\x00\x00\x00\x00\x00"
    "\x00\x00\x00\x00\xff\xff\xff\xff\x00\x00\x00\x00\x00\x00\x00\x00\x2f\xff\xff\xff\xff\xff\xff\xff\xd0\x00\x00\x00\x00\x00\x00\x00\xf0\xfb\xff\xff\xff\xff\xff\xff\x0f\x04\x00\x00\x00\x00\x00\x00\x00\x00\x00\x00\x00\xff\xff\xff\x0f\x00\x00\x00\x00\x00\x00\x00"
    "\x00\x00\x00\x00\xff\xff\xff\xff\x00\x00\x00\x00\x00\x00\x00\x00\x77\xfd\xff\xff\xff\xff\xff\xff\x88\x02\x00\x00\x00\x00\x00\x00\xff\xca\xfe\xff\xff\xff\xff\xff\x00\x35\x01\x00\x00\x00\x00\x00\x07\x00\x00\x00\x00\xfc\xff\xff\x00\x00\x00\x00\x00\x00\x00\x00"
    "\x00\x00\xff\xff\xff\xff\xff\xff\x00\x00\x00\x00\x00\x00\x00\x00\xc7\xff\xff\xff\xff\xff\xff\xff\x38\x00\x00\x00\x00\x00\x00\x00\xc0\xff\xff\xff\xff\xff\xff\xff\x3f\x00\x00\x00\x00\x00\x00\x00\x00\x00\xc0\xff\xff\xff\xff\xff\x07\x00\x00\x00\x00\x00\x00\x00"
    "\xab\xff\xff\xff\xff\xff\xff\xff\x40\x00\x00\x00\x00\x00\x00\x00\x00\x00\x00\x00\xff\xff\xff\xff\x00\x00\x00\x00\x00\x00\x00\x00\x87\xff\xff\xff\xff\xff\xff\xff\x08\x00\x00\x00\x00\x00\x00\x00\x03\x00\x00\x00\x80\xff\xff\xff\x00\x00\x00\x00\x00\x00\x00\x00"
    "\x97\xff\xff\xff\xff\xff\xff\xff\x08\x00\x00\x00\x00\x00\x00\x00\x00\x00\xff\xff\xff\xff\xff\xff\x00\x00\x00\x00\x00\x00\x00\x00\xe3\xff\xff\xff\xff\xff\xff\xff\x10\x00\x00\x00\x00\x00\x00\x00\x03\x00\x80\xff\xff\xff\xff\xff\x00\x00\x00\x00\x00\x00\x00\x00"
    "\x00\x00\x00\x00\xff\xff\xff\xff\x00\x00\x00\x00\x00\x00\x00\x00\x00\x00\x00\xf8\xff\xff\xff\xff\x00\x00\x00\x00\x00\x00\x00\x00\xfe\xff\xff\xff\xff\xff\xff\xff\x01\x00\x00\x00\x00\x00\x00\x00\x00\x00\x00\x00\x00\x00\x00\xf8\x00\x00\x00\x00\x00\x00\x00\x00"
    "\x00\x00\x00\x00\xff\xff\xff\xff\x00\x00\x00\x00\x00\x00\x00\x00\x00\x00\x00\xf0\xff\xff\xff\xff\x00\x00\x00\x00\x00\x00\x00\x00\xfe\xff\xff\xff\xff\xff\xff\xff\x01\x00\x00\x00\x00\x00\x00\x00\x00\x00\x00\x00\x00\x00\x00\xf0\x00\x00\x00\x00\x00\x00\x00\x00"
    "\xf0\xff\xff\xff\xff\xff\xff\xff\x00\x00\x00\x00\x00\x00\x00\x00\xfc\xff\xff\xff\xff\xff\xff\xff\x03\x00\x00\x00\x00\x00\x00\x00\xef\xff\xff\xff\xff\xff\xff\xff\x10\x00\x00\x00\x00\x00\x00\x00\xc0\xff\xff\xff\xff\xff\xff\xff\x00\x00\x00\x00\x00\x00\x00\x00"
    "\xf0\xff\xff\xff\xff\xff\xff\xff\x00\x00\x00\x00\x00\x00\x00\x00\xeb\xff\xff\xff\xff\xff\xff\xff\x14\x00\x00\x00\x00\x00\x00\x00\x81\xff\xff\xff\xff\xff\xff\xff\x02\x00\x00\x00\x00\x00\x00\x00\x01\xfe\xff\xff\xff\xff\xff\xff\x02\x00\x00\x00\x00\x00\x00\x00"
    "\x80\xff\xff\xff\xff\xff\xff\xff\x00\x00\x00\x00\x00\x00\x00\x00\xf2\xff\xff\xff\xff\xff\xff\xff\x0d\x00\x00\x00\x00\x00\x00\x00\xa7\xff\xff\xff\xff\xff\xff\xff\x58\x00\x00\x00\x00\x00\x00\x00\x00\xf8\xff\xff\xff\xff\xff\xff\x00\x00\x00\x00\x00\x00\x00\x00"
    "\x07\x80\xff\xff\xff\xff\xff\xff\x00\x00\x00\x00\x00\x00\x00\x00\x00\xff\xff\xff\xff\xff\xff\xff\x00\x00\x00\x00\x00\x00\x00\x00\x07\x80\xff\xff\xff\xff\xff\xff\x00\x00\x00\x00\x00\x00\x00\x00\x07\x00\x80\xff\xff\xff\xff\xff\x00\x00\x00\x00\x00\x00\x00\x00"
    "\x00\xff\xff\xff\xff\xff\xff\xff\x00\x00\x00\x00\x00\x00\x00\x00\xe7\xff\xff\xff\xff\xff\xff\xff\x18\x00\x00\x00\x00\x00\x00\x00\xad\xff\xff\xff\xff\xff\xff\xff\x52\x00\x00\x00\x00\x00\x00\x00\x05\xe0\xff\xff\xff\xff\xff\xff\x02\x00\x00\x00\x00\x00\x00\x00"
    "\xfc\xff\xff\xff\xff\xff\xff\xff\x00\x00\x00\x00\x00\x00\x00\x00\x00\x00\x00\x80\xff\xff\xff\xff\x00\x00\x00\x00\x00\x00\x00\x00\xf6\xff\xff\xff\xff\xff\xff\xff\x09\x00\x00\x00\x00\x00\x00\x00\x00\x00\x00\x00\xfe\xff\xff\xff\x00\x00\x00\x00\x00\x00\x00\x00"
    "\x00\x00\x00\x00\xff\xff\xff\xff\x00\x00\x00\x00\x00\x00\x00\x00\xf3\xff\xff\xff\xff\xff\xff\xff\x0c\x00\x00\x00\x00\x00\x00\x00\x00\x00\x00\xc0\xff\xff\xff\xff\x00\x00\x00\x00\x00\x00\x00\x00\x00\x00\x00\x00\xf0\xff\xff\xff\x00\x00\x00\x00\x00\x00\x00\x00"
    "\x00\x00\x00\x80\xff\xff\xff\xff\x00\x00\x00\x00\x00\x00\x00\x00\xc4\x55\x47\xff\xff\xff\xff\xff\x3b\xaa\xb8\x00\x00\x00\x00\x00\x00\x00\x00\xc0\xff\xff\xff\xff\x00\x00\x00\x00\x00\x00\x00\x00\x00\x00\x00\x00\x00\x00\x80\xff\x00\x00\x00\x00\x00\x00\x00\x00"
    "\x00\xc0\xff\xff\xff\xff\xff\xff\x00\x00\x00\x00\x00\x00\x00\x00\xc3\xff\xff\xff\xff\xff\xff\xff\x3c\x00\x00\x00\x00\x00\x00\x00\xc0\xff\xff\xff\xff\xff\xff\xff\x00\x00\x00\x00\x00\x00\x00\x00\x00\x00\xf0\xff\xff\xff\xff\xff\x00\x00\x00\x00\x00\x00\x00\x00"
    "\x00\x00\xff\xff\xff\xff\xff\xff\x00\x00\x00\x00\x00\x00\x00\x00\x11\xff\xff\xff\xff\xff\xff\xff\xee\x00\x00\x00\x00\x00\x00\x00\xfd\xff\xff\xff\xff\xff\xff\xff\x02\x00\x00\x00\x00\x00\x00\x00\x01\x00\x00\xff\xff\xff\xff\xff\x00\x00\x00\x00\x00\x00\x00\x00"
    "\x03\xf8\xff\xff\xff\xff\xff\xff\x04\x00\x00\x00\x00\x00\x00\x00\x00\x00\x00\x80\xff\xff\xff\xff\x00\x00\x00\x00\x00\x00\x00\x00\x00\x00\x00\x00\xff\xff\xff\xff\x00\x00\x00\x00\x00\x00\x00\x00\x00\x00\x00\x00\x00\xfc\xff\xff\x00\x00\x00\x00\x00\x00\x00\x00"
    "\x03\x00\xff\xff\xff\xff\xff\xff\x04\x00\x00\x00\x00\x00\x00\x00\x00\x00\x00\x80\xff\xff\xff\xff\x00\x00\x00\x00\x00\x00\x00\x00\x00\x00\x00\x00\xff\xff\xff\xff\x00\x00\x00\x00\x00\x00\x00\x00\x00\x00\x00\x00\x00\x80\xff\xff\x00\x00\x00\x00\x00\x00\x00\x00"
    "\x00\xff\xff\xff\xff\xff\xff\xff\x00\x00\x00\x00\x00\x00\x00\x00\x8f\xff\xff\xff\xff\xff\xff\xff\x70\x00\x00\x00\x00\x00\x00\x00\x90\xff\xff\xff\xff\xff\xff\xff\x6f\x00\x00\x00\x00\x00\x00\x00\x00\x80\xff\xff\xff\xff\xff\xff\x0f\x00\x00\x00\x00\x00\x00\x00"
    "\x00\x00\x00\x80\xff\xff\xff\xff\x00\x00\x00\x00\x00\x00\x00\x00\x7f\xf6\xff\xff\xff\xff\xff\xff\x80\x09\x00\x00\x00\x00\x00\x00\x13\xa5\xff\xff\xff\xff\xff\xff\xec\x5a\x00\x00\x00\x00\x00\x00\x13\x00\x00\x00\x00\xf8\xff\xff\x6c\x00\x00\x00\x00\x00\x00\x00"
    "\xff\x00\x00\x80\xff\xff\xff\xff\x00\x00\x00\x00\x00\x00\x00\x00\x00\x00\x00\x80\xff\xff\xff\xff\x00\x00\x00\x00\x00\x00\x00\x00\xff\x7f\xff\xff\xff\xff\xff\xff\x00\x80\x00\x00\x00\x00\x00\x00\xff\x00\x00\x00\x00\x00\x00\xc0\x00\x00\x00\x00\x00\x00\x00\x00"
    "\x00\xff\xff\xff\xff\xff\xff\xff\x00\x00\x00\x00\x00\x00\x00\x00\xf5\xff\xff\xff\xff\xff\xff\xff\x0a\x00\x00\x00\x00\x00\x00\x00\x00\xff\xff\xff\xff\xff\xff\xff\x00\x00\x00\x00\x00\x00\x00\x00\x00\xf0\xff\xff\xff\xff\xff\xff\x00\x00\x00\x00\x00\x00\x00\x00"
    "\x00\x00\xff\xff\xff\xff\xff\xff\x00\x00\x00\x00\x00\x00\x00\x00\xc4\x55\x47\xff\xff\xff\xff\xff\x3b\xaa\xb8\x00\x00\x00\x00\x00\x00\x80\xff\xff\xff\xff\xff\xff\x00\x00\x00\x00\x00\x00\x00\x00\x00\x00\x00\x00\x00\xff\xff\xff\x00\x00\x00\x00\x00\x00\x00\x00"
    "\x00\x00\x00\xf8\xff\xff\xff\xff\x00\x00\x00\x00\x00\x00\x00\x00\x03\xff\xff\xff\xff\xff\xff\xff\xfc\x00\x00\x00\x00\x00\x00\x00\xf3\xff\xff\xff\xff\xff\xff\xff\x0c\x00\x00\x00\x00\x00\x00\x00\x03\x00\x00\x00\xf8\xff\xff\xff\x00\x00\x00\x00\x00\x00\x00\x00"
    "\x07\x00\x00\x00\x00\xff\xff\xff\x00\x00\x00\x00\x00\x00\x00\x00\xf8\xff\xff\xff\xff\xff\xff\xff\x01\x00\x00\x00\x00\x00\x00\x00\x30\xff\xff\xff\xff\xff\xff\xff\xcf\x00\x00\x00\x00\x00\x00\x00\x00\x00\x00\x00\x00\xf8\xff\xff\x07\x00\x00\x00\x00\x00\x00\x00"
    "\xf8\xff\xff\xff\xff\xff\xff\xff\x00\x00\x00\x00\x00\x00\x00\x00\xfc\xff\xff\xff\xff\xff\xff\xff\x03\x00\x00\x00\x00\x00\x00\x00\xfe\xff\xff\xff\xff\xff\xff\xff\x01\x00\x00\x00\x00\x00\x00\x00\xe0\xff\xff\xff\xff\xff\xff\xff\x00\x00\x00\x00\x00\x00\x00\x00"
    "\x00\xff\xff\xff\xff\xff\xff\xff\x00\x00\x00\x00\x00\x00\x00\x00\xcf\xff\xff\xff\xff\xff\xff\xff\x30\x00\x00\x00\x00\x00\x00\x00\xec\xff\xff\xff\xff\xff\xff\xff\x13\x00\x00\x00\x00\x00\x00\x00\x0c\xc0\xff\xff\xff\xff\xff\xff\x03\x00\x00\x00\x00\x00\x00\x00"
    "\xc0\xff\xff\xff\xff\xff\xff\xff\x00\x00\x00\x00\x00\x00\x00\x00\xe0\xff\xff\xff\xff\xff\xff\xff\x00\x00\x00\x00\x00\x00\x00\x00\xe0\xff\xff\xff\xff\xff\xff\xff\x1f\x00\x00\x00\x00\x00\x00\x00\x00\xf8\xff\xff\xff\xff\xff\xff\x00\x00\x00\x00\x00\x00\x00\x00"
    "\x00\x00\x00\x00\xff\xff\xff\xff\x00\x00\x00\x00\x00\x00\x00\x00\x00\xe0\xff\xff\xff\xff\xff\xff\x00\x00\x00\x00\x00\x00\x00\x00\x00\x00\x00\x00\xff\xff\xff\xff\x00\x00\x00\x00\x00\x00\x00\x00\x00\x00\x00\x00\x00\xe0\xff\xff\x00\x00\x00\x00\x00\x00\x00\x00"
    "\xff\x00\xff\xff\xff\xff\xff\xff\x00\x00\x00\x00\x00\x00\x00\x00\x00\x00\x00\x80\xff\xff\xff\xff\x00\x00\x00\x00\x00\x00\x00\x00\xff\x7f\xff\xff\xff\xff\xff\xff\x00\x80\x00\x00\x00\x00\x00\x00\xff\x00\x00\x00\x00\x80\xff\xff\x00\x00\x00\x00\x00\x00\x00\x00"
    "\xff\x00\xfe\xff\xff\xff\xff\xff\x00\x00\x00\x00\x00\x00\x00\x00\x00\x00\x00\x80\xff\xff\xff\xff\x00\x00\x00\x00\x00\x00\x00\x00\xff\x7f\xff\xff\xff\xff\xff\xff\x00\x80\x00\x00\x00\x00\x00\x00\xff\x00\x00\x00\x00\x00\xff\xff\x00\x00\x00\x00\x00\x00\x00\x00"
    "\x01\x00\x00\x00\xff\xff\xff\xff\x00\x00\x00\x00\x00\x00\x00\x00\x00\x00\xff\xff\xff\xff\xff\xff\x00\x00\x00\x00\x00\x00\x00\x00\x7c\xfe\xff\xff\xff\xff\xff\xff\x83\x01\x00\x00\x00\x00\x00\x00\x00\x00\x00\x00\x00\x00\xff\xff\x01\x00\x00\x00\x00\x00\x00\x00"
    "\x00\xf8\xff\xff\xff\xff\xff\xff\x00\x00\x00\x00\x00\x00\x00\x00\x0f\x00\x00\x00\xff\xff\xff\xff\x00\x00\x00\x00\x00\x00\x00\x00\xff\x7f\xff\xff\xff\xff\xff\xff\x00\x80\x00\x00\x00\x00\x00\x00\x0f\x00\x00\x00\x00\xf8\xff\xff\x00\x00\x00\x00\x00\x00\x00\x00"
    "\x00\xfe\xff\xff\xff\xff\xff\xff\x00\x00\x00\x00\x00\x00\x00\x00\xc3\xff\xff\xff\xff\xff\xff\xff\x3c\x00\x00\x00\x00\x00\x00\x00\x00\xfe\xff\xff\xff\xff\xff\xff\x00\x00\x00\x00\x00\x00\x00\x00\x00\x80\xff\xff\xff\xff\xff\xff\x00\x00\x00\x00\x00\x00\x00\x00"
    "\x00\x00\xff\xff\xff\xff\xff\xff\x00\x00\x00\x00\x00\x00\x00\x00\xef\xfe\xff\xff\xff\xff\xff\xff\x10\x01\x00\x00\x00\x00\x00\x00\x0f\x00\xf0\xff\xff\xff\xff\xff\x00\x00\x00\x00\x00\x00\x00\x00\x0f\x00\x00\xfe\xff\xff\xff\xff\x00\x00\x00\x00\x00\x00\x00\x00"
    "\x00\x00\xff\xff\xff\xff\xff\xff\x00\x00\x00\x00\x00\x00\x00\x00\xee\xff\xff\xff\xff\xff\xff\xff\x11\x00\x00\x00\x00\x00\x00\x00\x01\x00\xfe\xff\xff\xff\xff\xff\x00\x00\x00\x00\x00\x00\x00\x00\x00\x00\xe0\xff\xff\xff\xff\xff\x00\x00\x00\x00\x00\x00\x00\x00"
    "\x00\x00\x00\xfe\xff\xff\xff\xff\x00\x00\x00\x00\x00\x00\x00\x00\x63\x00\x00\x00\xff\xff\xff\xff\x9c\xff\xff\xff\x00\x00\x00\x00\x00\x00\x00\xfc\xff\xff\xff\xff\x00\x00\x00\x00\x00\x00\x00\x00\x00\x00\x00\x00\x00\x00\x00\xfe\x00\x00\x00\x00\x00\x00\x00\x00"
    "\xe7\xff\xff\xff\xff\xff\xff\xff\x00\x00\x00\x00\x00\x00\x00\x00\xfc\xff\xff\xff\xff\xff\xff\xff\x03\x00\x00\x00\x00\x00\x00\x00\xcf\xff\xff\xff\xff\xff\xff\xff\x30\x00\x00\x00\x00\x00\x00\x00\x87\xff\xff\xff\xff\xff\xff\xff\x00\x00\x00\x00\x00\x00\x00\x00"
    "\x00\x00\x00\x00\xff\xff\xff\xff\x00\x00\x00\x00\x00\x00\x00\x00\xf9\xff\xff\xff\xff\xff\xff\xff\x00\x00\x00\x00\x00\x00\x00\x00\xf8\xff\xff\xff\xff\xff\xff\xff\x07\x00\x00\x00\x00\x00\x00\x00\x00\x00\x00\x00\xf8\xff\xff\xff\x01\x00\x00\x00\x00\x00\x00\x00"
    "\x00\xff\xff\xff\xff\xff\xff\xff\x00\x00\x00\x00\x00\x00\x00\x00\xf8\xff\xff\xff\xff\xff\xff\xff\x00\x00\x00\x00\x00\x00\x00\x00\xf0\xff\xff\xff\xff\xff\xff\xff\x00\x00\x00\x00\x00\x00\x00\x00\x00\xf8\xff\xff\xff\xff\xff\xff\x00\x00\x00\x00\x00\x00\x00\x00"
    "\x00\x00\x00\x00\xff\xff\xff\xff\x00\x00\x00\x00\x00\x00\x00\x00\xe7\xff\xff\xff\xff\xff\xff\xff\x18\x00\x00\x00\x00\x00\x00\x00\xdf\xff\xff\xff\xff\xff\xff\xff\x20\x00\x00\x00\x00\x00\x00\x00\x07\x00\x00\x00\xe0\xff\xff\xff\x00\x00\x00\x00\x00\x00\x00\x00"
    "\x00\xff\xff\xff\xff\xff\xff\xff\x00\x00\x00\x00\x00\x00\x00\x00\xc7\xff\xff\xff\xff\xff\xff\xff\x38\x00\x00\x00\x00\x00\x00\x00\xec\xff\xff\xff\xff\xff\xff\xff\x13\x00\x00\x00\x00\x00\x00\x00\x04\xc0\xff\xff\xff\xff\xff\xff\x03\x00\x00\x00\x00\x00\x00\x00"
    "\xfc\xff\xff\xff\xff\xff\xff\xff\x00\x00\x00\x00\x00\x00\x00\x00\xfc\xff\xff\xff\xff\xff\xff\xff\x03\x00\x00\x00\x00\x00\x00\x00\xfe\xff\xff\xff\xff\xff\xff\xff\x01\x00\x00\x00\x00\x00\x00\x00\xf0\xff\xff\xff\xff\xff\xff\xff\x00\x00\x00\x00\x00\x00\x00\x00"
    "\x00\x00\x00\x00\xff\xff\xff\xff\x00\x00\x00\x00\x00\x00\x00\x00\x00\xfe\xff\xff\xff\xff\xff\xff\x00\x00\x00\x00\x00\x00\x00\x00\x00\x00\x00\x00\xff\xff\xff\xff\x00\x00\x00\x00\x00\x00\x00\x00\x00\x00\x00\x00\x00\xfe\xff\xff\x00\x00\x00\x00\x00\x00\x00\x00"
    "\x03\x00\xf0\xff\xff\xff\xff\xff\x04\x00\x00\x00\x00\x00\x00\x00\x00\x00\x00\x80\xff\xff\xff\xff\x00\x00\x00\x00\x00\x00\x00\x00\x00\x00\x00\x00\xff\xff\xff\xff\x00\x00\x00\x00\x00\x00\x00\x00\x00\x00\x00\x00\x00\x00\xf8\xff\x00\x00\x00\x00\x00\x00\x00\x00"
    "\xc0\xff\xff\xff\xff\xff\xff\xff\x00\x00\x00\x00\x00\x00\x00\x00\x00\x00\xff\xff\xff\xff\xff\xff\x00\x00\x00\x00\x00\x00\x00\x00\xdf\xff\xff\xff\xff\xff\xff\xff\x20\x00\x00\x00\x00\x00\x00\x00\x00\x00\xc0\xff\xff\xff\xff\xff\x00\x00\x00\x00\x00\x00\x00\x00"
    "\x00\x00\x00\x80\xff\xff\xff\xff\x00\x00\x00\x00\x00\x00\x00\x00\xf8\xff\xff\xff\xff\xff\xff\xff\x00\x00\x00\x00\x00\x00\x00\x00\xf8\xff\xff\xff\xff\xff\xff\xff\x07\x00\x00\x00\x00\x00\x00\x00\x00\x00\x00\x00\xfc\xff\xff\xff\x00\x00\x00\x00\x00\x00\x00\x00"
    "\x00\x00\x00\x00\xff\xff\xff\xff\x00\x00\x00\x00\x00\x00\x00\x00\xbb\xff\xff\xff\xff\xff\xff\xff\x44\x00\x00\x00\x00\x00\x00\x00\xcd\xff\xff\xff\xff\xff\xff\xff\x32\x00\x00\x00\x00\x00\x00\x00\x01\x00\x00\x00\x80\xff\xff\xff\x02\x00\x00\x00\x00\x00\x00\x00"
    "\x00\x00\x00\x00\xf8\xff\xff\xff\x00\x00\x00\x00\x00\x00\x00\x00\xad\xff\xff\xff\xff\xff\xff\xff\x52\x00\x00\x00\x00\x00\x00\x00\xcd\xff\xff\xff\xff\xff\xff\xff\x32\x00\x00\x00\x00\x00\x00\x00\x01\x00\x00\x00\x00\xfc\xff\xff\x00\x00\x00\x00\x00\x00\x00\x00"
    "\x00\x00\xff\xff\xff\xff\xff\xff\x00\x00\x00\x00\x00\x00\x00\x00\x00\x00\x00\x00\xff\xff\xff\xff\x00\x00\x00\x00\x00\x00\x00\x00\xf7\xff\xff\xff\xff\xff\xff\xff\x08\x00\x00\x00\x00\x00\x00\x00\x00\x00\x00\x00\x00\x00\xff\xff\x00\x00\x00\x00\x00\x00\x00\x00"
    "\x00\x00\x00\x00\xfe\xff\xff\xff\x00\x00\x00\x00\x00\x00\x00\x00\x00\xff\xff\xff\xff\xff\xff\xff\x00\x00\x00\x00\x00\x00\x00\x00\x00\x00\x00\x00\xfe\xff\xff\xff\x00\x00\x00\x00\x00\x00\x00\x00\x00\x00\x00\x00\x00\xfe\xff\xff\x00\x00\x00\x00\x00\x00\x00\x00"
    "\x07\x00\x00\x00\x00\xff\xff\xff\x00\x00\x00\x00\x00\x00\x00\x00\xf8\xff\xff\xff\xff\xff\xff\xff\x01\x00\x00\x00\x00\x00\x00\x00\x3f\xff\xff\xff\xff\xff\xff\xff\xc0\x00\x00\x00\x00\x00\x00\x00\x07\x00\x00\x00\x00\xf8\xff\xff\x00\x00\x00\x00\x00\x00\x00\x00"
    "\x00\x00\x00\x00\xff\xff\xff\xff\x00\x00\x00\x00\x00\x00\x00\x00\x9b\xff\xff\xff\xff\xff\xff\xff\x64\x00\x00\x00\x00\x00\x00\x00\x9b\xff\xff\xff\xff\xff\xff\xff\x64\x00\x00\x00\x00\x00\x00\x00\x03\x00\x00\x00\x80\xff\xff\xff\x00\x00\x00\x00\x00\x00\x00\x00"
    "\x00\xff\xff\xff\xff\xff\xff\xff\x00\x00\x00\x00\x00\x00\x00\x00\x77\xff\xff\xff\xff\xff\xff\xff\x88\x00\x00\x00\x00\x00\x00\x00\xec\xff\xff\xff\xff\xff\xff\xff\x13\x00\x00\x00\x00\x00\x00\x00\x04\x00\xff\xff\xff\xff\xff\xff\x03\x00\x00\x00\x00\x00\x00\x00"
    "\x00\xff\xff\xff\xff\xff\xff\xff\x00\x00\x00\x00\x00\x00\x00\x00\x97\xff\xff\xff\xff\xff\xff\xff\x68\x00\x00\x00\x00\x00\x00\x00\xec\xff\xff\xff\xff\xff\xff\xff\x13\x00\x00\x00\x00\x00\x00\x00\x04\x80\xff\xff\xff\xff\xff\xff\x03\x00\x00\x00\x00\x00\x00\x00"
    "\x80\xff\xff\xff\xff\xff\xff\xff\x00\x00\x00\x00\x00\x00\x00\x00\xfc\xff\xff\xff\xff\xff\xff\xff\x03\x00\x00\x00\x00\x00\x00\x00\xfe\xff\xff\xff\xff\xff\xff\xff\x01\x00\x00\x00\x00\x00\x00\x00\x00\xfe\xff\xff\xff\xff\xff\xff\x00\x00\x00\x00\x00\x00\x00\x00"
    "\x80\xff\xff\xff\xff\xff\xff\xff\x00\x00\x00\x00\x00\x00\x00\x00\xfc\xff\xff\xff\xff\xff\xff\xff\x03\x00\x00\x00\x00\x00\x00\x00\xfd\xff\xff\xff\xff\xff\xff\xff\x02\x00\x00\x00\x00\x00\x00\x00\x00\xfe\xff\xff\xff\xff\xff\xff\x00\x00\x00\x00\x00\x00\x00\x00"
    "\x00\x00\xff\xff\xff\xff\xff\xff\x00\x00\x00\x00\x00\x00\x00\x00\xef\xf1\xff\xff\xff\xff\xff\xff\x10\x0e\x00\x00\x00\x00\x00\x00\x03\x00\xc0\xff\xff\xff\xff\xff\x00\x00\x00\x00\x00\x00\x00\x00\x03\x00\x00\xf0\xff\xff\xff\xff\x00\x00\x00\x00\x00\x00\x00\x00"
    "\x80\xff\xff\xff\xff\xff\xff\xff\x00\x00\x00\x00\x00\x00\x00\x00\xf2\xff\xff\xff\xff\xff\xff\xff\x0d\x00\x00\x00\x00\x00\x00\x00\xe6\xff\xff\xff\xff\xff\xff\xff\x19\x00\x00\x00\x00\x00\x00\x00\x00\xf8\xff\xff\xff\xff\xff\xff\x00\x00\x00\x00\x00\x00\x00\x00"
    "\x00\xe0\xff\xff\xff\xff\xff\xff\x00\x00\x00\x00\x00\x00\x00\x00\x00\x00\x00\x00\xff\xff\xff\xff\x00\x00\x00\x00\x00\x00\x00\x00\x00\x00\x00\x00\xff\xff\xff\xff\x00\x00\x00\x00\x00\x00\x00\x00\x00\x00\x00\x00\x00\xe0\xff\xff\x00\x00\x00\x00\x00\x00\x00\x00"
    "\x00\x00\x00\x00\x00\x00\xff\xff\x00\x00\x00\x00\x00\x00\x00\x00\xfc\xff\xff\xff\xff\xff\xff\xff\x03\x00\x00\x00\x00\x00\x00\x00\xfe\xff\xff\xff\xff\xff\xff\xff\x01\x00\x00\x00\x00\x00\x00\x00\x00\x00\x00\x00\x00\x00\xfc\xff\x00\x00\x00\x00\x00\x00\x00\x00"
    "\xe0\xff\xff\xff\xff\xff\xff\xff\x00\x00\x00\x00\x00\x00\x00\x00\xff\xc9\x9a\x3b\xff\xff\xff\xff\x00\x36\x65\xc4\x00\x00\x00\x00\x00\x00\x00\x00\xf8\xff\xff\xff\x00\x00\x00\x00\x00\x00\x00\x00\x00\x00\x00\x00\xe0\xff\xff\xff\x00\x00\x00\x00\x00\x00\x00\x00"
    "\xfc\xff\xff\xff\xff\xff\xff\xff\x00\x00\x00\x00\x00\x00\x00\x00\xf9\xff\xff\xff\xff\xff\xff\xff\x06\x00\x00\x00\x00\x00\x00\x00\xf8\xff\xff\xff\xff\xff\xff\xff\x00\x00\x00\x00\x00\x00\x00\x00\xe0\xff\xff\xff\xff\xff\xff\xff\x00\x00\x00\x00\x00\x00\x00\x00"
    "\x00\x00\x00\x80\xff\xff\xff\xff\x00\x00\x00\x00\x00\x00\x00\x00\xd7\xff\xff\xff\xff\xff\xff\xff\x28\x00\x00\x00\x00\x00\x00\x00\xec\xff\xff\xff\xff\xff\xff\xff\x13\x00\x00\x00\x00\x00\x00\x00\x04\x00\x00\x00\xe0\xff\xff\xff\x03\x00\x00\x00\x00\x00\x00\x00"
    "\x01\xc0\xff\xff\xff\xff\xff\xff\x00\x00\x00\x00\x00\x00\x00\x00\x00\x00\x00\x00\xff\xff\xff\xff\x00\x00\x00\x00\x00\x00\x00\x00\xf0\xd8\xff\xff\xff\xff\xff\xff\x0f\x27\x00\x00\x00\x00\x00\x00\x00\x00\x00\x00\x00\xc0\xff\xff\x01\x00\x00\x00\x00\x00\x00\x00"
    "\x00\x00\x00\x80\xff\xff\xff\xff\x00\x00\x00\x00\x00\x00\x00\x00\x03\xff\xff\xff\xff\xff\xff\xff\xfc\x00\x00\x00\x00\x00\x00\x00\xf3\xff\xff\xff\xff\xff\xff\xff\x0c\x00\x00\x00\x00\x00\x00\x00\x03\x00\x00\x00\x80\xff\xff\xff\x00\x00\x00\x00\x00\x00\x00\x00"
    "\x00\x00\x00\x00\xff\xff\xff\xff\x00\x00\x00\x00\x00\x00\x00\x00\xe7\xff\xff\xff\xff\xff\xff\xff\x18\x00\x00\x00\x00\x00\x00\x00\xef\xff\xff\xff\xff\xff\xff\xff\x10\x00\x00\x00\x00\x00\x00\x00\x07\x00\x00\x00\xe0\xff\xff\xff\x00\x00\x00\x00\x00\x00\x00\x00"
    "\xf0\xff\xff\xff\xff\xff\xff\xff\x00\x00\x00\x00\x00\x00\x00\x00\x17\xfc\xff\xff\xff\xff\xff\xff\xe8\x03\x00\x00\x00\x00\x00\x00\xe1\xff\xff\xff\xff\xff\xff\xff\x00\x00\x00\x00\x00\x00\x00\x00\x01\xc0\xff\xff\xff\xff\xff\xff\x00\x00\x00\x00\x00\x00\x00\x00"
    "\x00\x00\x00\x80\xff\xff\xff\xff\x00\x00\x00\x00\x00\x00\x00\x00\xd7\xff\xff\xff\xff\xff\xff\xff\x28\x00\x00\x00\x00\x00\x00\x00\xd0\xff\xff\xff\xff\xff\xff\xff\x2f\x00\x00\x00\x00\x00\x00\x00\x00\x00\x00\x00\xe0\xff\xff\xff\x07\x00\x00\x00\x00\x00\x00\x00"
    "\x00\x80\xff\xff\xff\xff\xff\xff\x00\x00\x00\x00\x00\x00\x00\x00\xfc\xff\xff\xff\xff\xff\xff\xff\x03\x00\x00\x00\x00\x00\x00\x00\xef\xff\xff\xff\xff\xff\xff\xff\x10\x00\x00\x00\x00\x00\x00\x00\x00\x00\xfe\xff\xff\xff\xff\xff\x00\x00\x00\x00\x00\x00\x00\x00"
    "\x00\x00\x00\x80\xff\xff\xff\xff\x00\x00\x00\x00\x00\x00\x00\x00\xf9\xff\xff\xff\xff\xff\xff\xff\x06\x00\x00\x00\x00\x00\x00\x00\x00\x00\x00\x00\xff\xff\xff\xff\x00\x00\x00\x00\x00\x00\x00\x00\x00\x00\x00\x00\xfc\xff\xff\xff\x00\x00\x00\x00\x00\x00\x00\x00"
    "\xf8\xff\xff\xff\xff\xff\xff\xff\x00\x00\x00\x00\x00\x00\x00\x00\xe7\xff\xff\xff\xff\xff\xff\xff\x18\x00\x00\x00\x00\x00\x00\x00\xf7\xff\xff\xff\xff\xff\xff\xff\x08\x00\x00\x00\x00\x00\x00\x00\x07\xff\xff\xff\xff\xff\xff\xff\x00\x00\x00\x00\x00\x00\x00\x00"
    "\x00\x00\xff\xff\xff\xff\xff\xff\x00\x00\x00\x00\x00\x00\x00\x00\x7f\xae\xfe\xff\xff\xff\xff\xff\x80\x51\x01\x00\x00\x00\x00\x00\x03\x00\xc0\xff\xff\xff\xff\xff\x00\x00\x00\x00\x00\x00\x00\x00\x03\x00\x00\x00\xfe\xff\xff\xff\x00\x00\x00\x00\x00\x00\x00\x00"
    "\x00\x00\x00\x80\xff\xff\xff\xff\x00\x00\x00\x00\x00\x00\x00\x00\x03\x00\xff\xff\xff\xff\xff\xff\x04\x00\x00\x00\x00\x00\x00\x00\x00\x00\x00\x00\xff\xff\xff\xff\x00\x00\x00\x00\x00\x00\x00\x00\x00\x00\x00\x00\x00\x80\xff\xff\x00\x00\x00\x00\x00\x00\x00\x00"
    "\x00\xff\xff\xff\xff\xff\xff\xff\x00\x00\x00\x00\x00\x00\x00\x00\xf2\xff\xff\xff\xff\xff\xff\xff\x0d\x00\x00\x00\x00\x00\x00\x00\x00\xff\xff\xff\xff\xff\xff\xff\x00\x00\x00\x00\x00\x00\x00\x00\x00\xf0\xff\xff\xff\xff\xff\xff\x00\x00\x00\x00\x00\x00\x00\x00"
    "\x00\xff\xff\xff\xff\xff\xff\xff\x00\x00\x00\x00\x00\x00\x00\x00\x8f\xff\xff\xff\xff\xff\xff\xff\x70\x00\x00\x00\x00\x00\x00\x00\x00\xff\xff\xff\xff\xff\xff\xff\x00\x00\x00\x00\x00\x00\x00\x00\x00\x80\xff\xff\xff\xff\xff\xff\x00\x00\x00\x00\x00\x00\x00\x00"
    "\xf0\xff\xff\xff\xff\xff\xff\xff\x00\x00\x00\x00\x00\x00\x00\x00\x00\xff\xff\xff\xff\xff\xff\xff\x00\x00\x00\x00\x00\x00\x00\x00\xfb\xff\xff\xff\xff\xff\xff\xff\x04\x00\x00\x00\x00\x00\x00\x00\x00\xf0\xff\xff\xff\xff\xff\xff\x00\x00\x00\x00\x00\x00\x00\x00"
    "\xc0\xff\xff\xff\xff\xff\xff\xff\x00\x00\x00\x00\x00\x00\x00\x00\x00\xff\xff\xff\xff\xff\xff\xff\x00\x00\x00\x00\x00\x00\x00\x00\xdf\xff\xff\xff\xff\xff\xff\xff\x20\x00\x00\x00\x00\x00\x00\x00\x00\xc0\xff\xff\xff\xff\xff\xff\x00\x00\x00\x00\x00\x00\x00\x00"
    "\x00\xff\xff\xff\xff\xff\xff\xff\x00\x00\x00\x00\x00\x00\x00\x00\xf9\xff\xff\xff\xff\xff\xff\xff\x06\x00\x00\x00\x00\x00\x00\x00\x00\xff\xff\xff\xff\xff\xff\xff\x00\x00\x00\x00\x00\x00\x00\x00\x00\xf8\xff\xff\xff\xff\xff\xff\x00\x00\x00\x00\x00\x00\x00\x00"
    "\x00\x00\xff\xff\xff\xff\xff\xff\x00\x00\x00\x00\x00\x00\x00\x00\xf3\xff\xff\xff\xff\xff\xff\xff\x0c\x00\x00\x00\x00\x00\x00\x00\xfb\xff\xff\xff\xff\xff\xff\xff\x04\x00\x00\x00\x00\x00\x00\x00\x03\x00\xf0\xff\xff\xff\xff\xff\x00\x00\x00\x00\x00\x00\x00\x00"
    "\x01\x00\xfe\xff\xff\xff\xff\xff\x00\x00\x00\x00\x00\x00\x00\x00\x00\x00\xff\xff\xff\xff\xff\xff\x00\x00\x00\x00\x00\x00\x00\x00\xfd\xff\xff\xff\xff\xff\xff\xff\x02\x00\x00\x00\x00\x00\x00\x00\x01\x00\x00\x00\xfe\xff\xff\xff\x00\x00\x00\x00\x00\x00\x00\x00"
    "\x00\xe0\xff\xff\xff\xff\xff\xff\x00\x00\x00\x00\x00\x00\x00\x00\x81\xff\xff\xff\xff\xff\xff\xff\x7e\x00\x00\x00\x00\x00\x00\x00\x00\xff\xff\xff\xff\xff\xff\xff\x00\x00\x00\x00\x00\x00\x00\x00\x00\x00\xf0\xff\xff\xff\xff\xff\x00\x00\x00\x00\x00\x00\x00\x00"
    "\x00\x00\x00\x00\xfc\xff\xff\xff\x00\x00\x00\x00\x00\x00\x00\x00\xc7\xff\xff\xff\xff\xff\xff\xff\x38\x00\x00\x00\x00\x00\x00\x00\x88\xef\xff\xff\xff\xff\xff\xff\x77\x10\x00\x00\x00\x00\x00\x00\x00\x00\x00\x00\x00\xff\xff\xff\x07\x00\x00\x00\x00\x00\x00\x00"
    "\x00\x00\x00\x00\xff\xff\xff\xff\x00\x00\x00\x00\x00\x00\x00\x00\xff\x69\xff\xff\xff\xff\xff\xff\x00\x96\x00\x00\x00\x00\x00\x00\x00\x00\x00\x00\xfe\xff\xff\xff\x00\x00\x00\x00\x00\x00\x00\x00\x00\x00\x00\x00\x00\x00\xff\xff\x00\x00\x00\x00\x00\x00\x00\x00"
    "\x00\x00\x00\x00\xff\xff\xff\xff\x00\x00\x00\x00\x00\x00\x00\x00\x5f\x79\xfe\xff\xff\xff\xff\xff\xa0\x86\x01\x00\x00\x00\x00\x00\xff\xff\xdf\xff\xff\xff\xff\xff\x00\x00\x20\x00\x00\x00\x00\x00\x1f\x00\x00\x00\x00\x00\xfe\xff\x00\x00\x00\x00\x00\x00\x00\x00"
    "\x00\x00\x00\x00\xfe\xff\xff\xff\x00\x00\x00\x00\x00\x00\x00\x00\x00\x00\xff\xff\xff\xff\xff\xff\x00\x00\x00\x00\x00\x00\x00\x00\x00\x00\x00\x00\xfe\xff\xff\xff\x00\x00\x00\x00\x00\x00\x00\x00\x00\x00\x00\x00\x00\x00\xfe\xff\x00\x00\x00\x00\x00\x00\x00\x00"
    "\x00\x00\x00\x00\xff\xff\xff\xff\x00\x00\x00\x00\x00\x00\x00\x00\xf3\xff\xff\xff\xff\xff\xff\xff\x0c\x00\x00\x00\x00\x00\x00\x00\xe7\xff\xff\xff\xff\xff\xff\xff\x18\x00\x00\x00\x00\x00\x00\x00\x03\x00\x00\x00\xf0\xff\xff\xff\x00\x00\x00\x00\x00\x00\x00\x00"
    "\x00\xff\xff\xff\xff\xff\xff\xff\x00\x00\x00\x00\x00\x00\x00\x00\xed\xff\xff\xff\xff\xff\xff\xff\x12\x00\x00\x00\x00\x00\x00\x00\xed\xff\xff\xff\xff\xff\xff\xff\x12\x00\x00\x00\x00\x00\x00\x00\x01\xe0\xff\xff\xff\xff\xff\xff\x00\x00\x00\x00\x00\x00\x00\x00"
    "\x00\x00\x00\x80\xff\xff\xff\xff\x00\x00\x00\x00\x00\x00\x00\x00\xc7\xff\xff\xff\xff\xff\xff\xff\x38\x00\x00\x00\x00\x00\x00\x00\xec\xff\xff\xff\xff\xff\xff\xff\x13\x00\x00\x00\x00\x00\x00\x00\x04\x00\x00\x00\xe0\xff\xff\xff\x03\x00\x00\x00\x00\x00\x00\x00"
    "\x00\x00\x00\x80\xff\xff\xff\xff\x00\x00\x00\x00\x00\x00\x00\x00\xe7\xff\xff\xff\xff\xff\xff\xff\x18\x00\x00\x00\x00\x00\x00\x00\xec\xff\xff\xff\xff\xff\xff\xff\x13\x00\x00\x00\x00\x00\x00\x00\x04\x00\x00\x00\xf0\xff\xff\xff\x03\x00\x00\x00\x00\x00\x00\x00"
    "\x80\xff\xff\xff\xff\xff\xff\xff\x00\x00\x00\x00\x00\x00\x00\x00\x09\x00\x00\x00\xff\xff\xff\xff\xf6\xff\xff\xff\x00\x00\x00\x00\x00\xff\xff\xff\xff\xff\xff\xff\x00\x00\x00\x00\x00\x00\x00\x00\x00\x00\x00\x00\x80\xff\xff\xff\x00\x00\x00\x00\x00\x00\x00\x00"
    "\x00\xff\xff\xff\xff\xff\xff\xff\x00\x00\x00\x00\x00\x00\x00\x00\xee\xff\xff\xff\xff\xff\xff\xff\x11\x00\x00\x00\x00\x00\x00\x00\xfc\xff\xff\xff\xff\xff\xff\xff\x03\x00\x00\x00\x00\x00\x00\x00\x00\xe0\xff\xff\xff\xff\xff\xff\x00\x00\x00\x00\x00\x00\x00\x00"
    "\x00\x80\xff\xff\xff\xff\xff\xff\x00\x00\x00\x00\x00\x00\x00\x00\xeb\xff\xff\xff\xff\xff\xff\xff\x14\x00\x00\x00\x00\x00\x00\x00\x01\x00\xfc\xff\xff\xff\xff\xff\x02\x00\x00\x00\x00\x00\x00\x00\x01\x00\xf0\xff\xff\xff\xff\xff\x02\x00\x00\x00\x00\x00\x00\x00"
    "\xf9\xff\xff\xff\xff\xff\xff\xff\x00\x00\x00\x00\x00\x00\x00\x00\x97\xff\xff\xff\xff\xff\xff\xff\x68\x00\x00\x00\x00\x00\x00\x00\xec\xff\xff\xff\xff\xff\xff\xff\x13\x00\x00\x00\x00\x00\x00\x00\x0c\xfc\xff\xff\xff\xff\xff\xff\x03\x00\x00\x00\x00\x00\x00\x00"
    "\x00\x00\x00\x80\xff\xff\xff\xff\x00\x00\x00\x00\x00\x00\x00\x00\xd7\xff\xff\xff\xff\xff\xff\xff\x28\x00\x00\x00\x00\x00\x00\x00\xf3\xff\xff\xff\xff\xff\xff\xff\x0c\x00\x00\x00\x00\x00\x00\x00\x03\x00\x00\x00\xe0\xff\xff\xff\x04\x00\x00\x00\x00\x00\x00\x00"
    "\x00\x00\x00\x80\xff\xff\xff\xff\x00\x00\x00\x00\x00\x00\x00\x00\xc7\xff\xff\xff\xff\xff\xff\xff\x38\x00\x00\x00\x00\x00\x00\x00\xe7\xff\xff\xff\xff\xff\xff\xff\x18\x00\x00\x00\x00\x00\x00\x00\x07\x00\x00\x00\xe0\xff\xff\xff\x00\x00\x00\x00\x00\x00\x00\x00"
    "\x00\x00\x00\x00\x00\xf0\xff\xff\x00\x00\x00\x00\x00\x00\x00\x00\x17\xfc\xff\xff\xff\xff\xff\xff\xe8\x03\x00\x00\x00\x00\x00\x00\x00\xf0\xff\xff\xff\xff\xff\xff\x00\x00\x00\x00\x00\x00\x00\x00\x00\x00\x00\x00\x00\x00\xc0\xff\x00\x00\x00\x00\x00\x00\x00\x00"
    "\x00\x00\x00\x00\x00\x00\x00\x00\x00\x00\x00\x00\x00\x00\x00\x00\xfe\xff\xff\xff\xfe\xff\xff\xff\x01\x00\x00\x00\x01\x00\x00\x00\xff\xff\xff\xfe\xff\xff\xff\xfe\x00\x00\x00\x01\x00\x00\x00\x01\x00\x00\x00\x80\x00\x00\x00\x80\x00\x00\x00\x00\x00\x00\x00\x00"
    "\x00\x00\x00\x00\xff\xff\xff\xff\x00\x00\x00\x00\x00\x00\x00\x00\xfc\xff\xff\xff\xff\xff\xff\xff\x03\x00\x00\x00\x00\x00\x00\x00\x01\x00\x00\x00\xff\xff\xff\xff\x00\x00\x00\x00\x00\x00\x00\x00\x00\x00\x00\x00\xfc\xff\xff\xff\x00\x00\x00\x00\x00\x00\x00\x00"
    "\x00\xf8\xff\xff\xff\xff\xff\xff\x00\x00\x00\x00\x00\x00\x00\x00\x5f\x79\xfe\xff\xff\xff\xff\xff\xa0\x86\x01\x00\x00\x00\x00\x00\x28\x7c\xff\xdf\xff\xff\xff\xff\xd7\x83\x00\x20\x00\x00\x00\x00\x08\x00\x00\xd0\xff\xff\xff\xff\x17\x00\x00\x20\x00\x00\x00\x00"
    "\x00\xf8\xff\xff\xff\xff\xff\xff\x00\x00\x00\x00\x00\x00\x00\x00\x5f\x79\xfe\xff\xff\xff\xff\xff\xa0\x86\x01\x00\x00\x00\x00\x00\x25\x7c\xff\xdf\xff\xff\xff\xff\xda\x83\x00\x20\x00\x00\x00\x00\x05\x00\x00\xd0\xff\xff\xff\xff\x1a\x00\x00\x20\x00\x00\x00\x00";
static const unsigned char kBlob_bw128_0[] =
    "\x00\x00\x00\x00\x00\x00\x00\x00\xff\xff\xff\xff\xff\xff\xff\xff\x00\x00\x00\x00\x00\x00\x00\x00\x00\x00\x00\x00\x00\x00\x00\x00\x00\x00\x00\x00\xff\xff\xff\xff\xff\xff\xff\xff\xff\xff\xff\xff\x00\x00\x00\x00\x00\x00\x00\x00\x00\x00\x00\x00\x00\x00\x00\x00\x00\x00\x00\x00\x00\x00\x00\x00\xff\xff\xff\xff\xff\xff\xff\xff\x00\x00\x00\x00\x00\x00\x00\x00\x00\x00\x00\x00\x00\x00\x00\x00\x00\x00\x00\x00\x00\x00\x00\x00\x00\x00\x00\x00\xff\xff\xff\xff\x00\x00\x00\x00\x00\x00\x00\x00\x00\x00\x00\x00\x00\x00\x00\x00"
    "\x00\x00\x00\x00\xff\xff\xff\xff\xff\xff\xff\xff\xff\xff\xff\xff\x00\x00\x00\x00\x00\x00\x00\x00\x00\x00\x00\x00\x00\x00\x00\x00\x00\x00\x00\x00\x00\x00\x00\x00\xff\xff\xff\xff\xff\xff\xff\xff\x00\x00\x00\x00\x00\x00\x00\x00\x00\x00\x00\x00\x00\x00\x00\x00\x00\x00\x00\x00\x00\x00\x00\x00\xff\xff\xff\xff\xff\xff\xff\xff\x00\x00\x00\x00\x00\x00\x00\x00\x00\x00\x00\x00\x00\x00\x00\x00\x00\x00\x00\x00\x00\x00\x00\x00\x00\x00\x00\x00\xff\xff\xff\xff\x00\x00\x00\x00\x00\x00\x00\x00\x00\x00\x00\x00\x00\x00\x00\x00"
    "\x00\x00\x00\x00\x00\x00\x00\xff\xff\xff\xff\xff\xff\xff\xff\xff\x00\x00\x00\x00\x00\x00\x00\x00\x00\x00\x00\x00\x00\x00\x00\x00\x00\x00\x00\x00\x00\x00\x00\xff\xff\xff\xff\xff\xff\xff\xff\xff\x00\x00\x00\x00\x00\x00\x00\x00\x00\x00\x00\x00\x00\x00\x00\x00\xff\x7f\xff\xff\xff\xff\xff\xff\xff\xff\xff\xff\xff\xff\xff\x7f\x00\x80\x00\x00\x00\x00\x00\x00\x00\x00\x00\x00\x00\x00\x00\x80\x00\x00\x00\x00\x00\x00\x00\x00\x00\x00\x00\x00\x00\x00\xff\x7f\x00\x00\x00\x00\x00\x00\x00\x00\x00\x00\x00\x00\x00\x00\x00\x80"
    "\x00\x00\x00\x00\x00\x00\x00\x80\xff\xff\xff\xff\xff\xff\xff\xff\x00\x00\x00\x00\x00\x00\x00\x00\x00\x00\x00\x00\x00\x00\x00\x00\x00\x00\x00\x00\x00\x00\x00\x80\xff\xff\xff\xff\xff\xff\xff\xff\x00\x00\x00\x00\x00\x00\x00\x00\x00\x00\x00\x00\x00\x00\x00\x00\xff\x7f\xff\xff\xff\xff\xff\xff\xff\xff\xff\xff\xff\xff\xff\x7f\x00\x80\x00\x00\x00\x00\x00\x00\x00\x00\x00\x00\x00\x00\x00\x80\x00\x00\x00\x00\x00\x00\x00\x00\x00\x00\x00\x00\x00\x00\x00\x40\x00\x00\x00\x00\x00\x00\x00\x00\x00\x00\x00\x00\x00\x00\x00\x80"
    "\x00\x00\x00\x00\x00\x00\x00\x80\xff\xff\xff\xff\xff\xff\xff\xff\x00\x00\x00\x00\x00\x00\x00\x00\x00\x00\x00\x00\x00\x00\x00\x00\x00\x00\x00\x00\x00\x00\x00\x80\xff\xff\xff\xff\xff\xff\xff\xff\x00\x00\x00\x00\x00\x00\x00\x00\x00\x00\x00\x00\x00\x00\x00\x00\xff\xff\xff\xff\xff\x00\x00\xff\xff\xff\xff\xff\xff\xff\xff\xff\x00\x00\x00\x00\x00\x00\x00\x00\x00\x00\x00\x00\x00\x00\x00\x00\x00\x00\x00\x00\x00\x00\x00\x00\x00\x00\x00\x00\x00\x00\x00\xc0\x00\x00\x00\x00\x00\x00\x00\x00\x00\x00\x00\x00\x00\x00\x00\x00"
    "\x00\x00\x00\x00\x00\x00\x00\xff\xff\xff\xff\xff\xff\xff\xff\xff\x00\x00\x00\x00\x00\x00\x00\x00\x00\x00\x00\x00\x00\x00\x00\x00\x00\x00\x00\x00\x00\x00\x00\x00\xff\xff\xff\xff\xff\xff\xff\xff\x00\x00\x00\x00\x00\x00\x00\x00\x00\x00\x00\x00\x00\x00\x00\x00\xff\x7f\xff\xff\xff\xff\xff\xff\xff\xff\xff\xff\xff\xff\xff\x7f\x00\x80\x00\x00\x00\x00\x00\x00\x00\x00\x00\x00\x00\x00\x00\x80\x00\x00\x00\x00\x00\x00\x00\x00\x00\x00\x00\x00\x00\x00\x00\x7f\x00\x00\x00\x00\x00\x00\x00\x00\x00\x00\x00\x00\x00\x00\x00\x80"
    "\x00\x00\x00\x00\x00\x00\x00\x00\x00\xe0\xff\xff\xff\xff\xff\xff\x00\x00\x00\x00\x00\x00\x00\x00\x00\x00\x00\x00\x00\x00\x00\x00\xec\xff\xff\xff\xff\xff\xff\xff\xff\xff\xff\xff\xff\xff\xff\xff\x13\x00\x00\x00\x00\x00\x00\x00\x00\x00\x00\x00\x00\x00\x00\x00\x00\x00\x00\x00\x00\x00\xf0\xff\xff\xff\xff\xff\xff\xff\xff\xff\x00\x00\x00\x00\x00\x00\x00\x00\x00\x00\x00\x00\x00\x00\x00\x00\x00\x00\x00\x00\x00\x00\x00\x00\x00\x00\xfc\xff\xff\xff\xff\xff\x00\x00\x00\x00\x00\x00\x00\x00\x00\x00\x00\x00\x00\x00\x00\x00"
    "\x00\x00\x00\x00\x00\x00\x00\xff\xff\xff\xff\xff\xff\xff\xff\xff\x00\x00\x00\x00\x00\x00\x00\x00\x00\x00\x00\x00\x00\x00\x00\x00\x00\x00\x00\x00\x00\x00\x00\x80\xff\xff\xff\xff\xff\xff\xff\xff\x00\x00\x00\x00\x00\x00\x00\x00\x00\x00\x00\x00\x00\x00\x00\x00\xff\x7f\xff\xff\xff\xff\xff\xff\xff\xff\xff\xff\xff\xff\xff\x7f\x00\x80\x00\x00\x00\x00\x00\x00\x00\x00\x00\x00\x00\x00\x00\x80\x00\x00\x00\x00\x00\x00\x00\x00\x00\x00\x00\x00\x00\x00\x80\x7f\x00\x00\x00\x00\x00\x00\x00\x00\x00\x00\x00\x00\x00\x00\x00\x80"
    "\x00\x00\x00\x00\x00\x00\x00\x00\xff\xff\xff\xff\xff\xff\xff\xff\x00\x00\x00\x00\x00\x00\x00\x00\x00\x00\x00\x00\x00\x00\x00\x00\xff\x35\x65\xc4\xff\xff\xff\xff\xff\xff\xff\xff\xff\xff\xff\xff\x00\xca\x9a\x3b\x00\x00\x00\x00\x00\x00\x00\x00\x00\x00\x00\x00\x00\x00\x00\x00\xff\xff\xff\xff\xff\xff\xff\xff\xff\xff\xff\xff\x00\x00\x00\x00\x00\x00\x00\x00\x00\x00\x00\x00\x00\x00\x00\x00\x00\x00\x00\x00\x00\x00\x00\x00\x00\x00\x00\xc0\xff\xff\xff\xff\x00\x00\x00\x00\x00\x00\x00\x00\x00\x00\x00\x00\x00\x00\x00\x00"
    "\x00\x00\x00\x00\x00\x00\x00\xff\xff\xff\xff\xff\xff\xff\xff\xff\x00\x00\x00\x00\x00\x00\x00\x00\x00\x00\x00\x00\x00\x00\x00\x00\x00\x00\x00\x00\x00\x00\x00\x00\xff\xff\xff\xff\xff\xff\xff\xff\x00\x00\x00\x00\x00\x00\x00\x00\x00\x00\x00\x00\x00\x00\x00\x00\xff\x7e\xff\xff\xff\xff\xff\xff\xfe\xff\xff\xff\xff\xff\xff\x7f\x00\x81\x00\x00\x00\x00\x00\x00\x01\x00\x00\x00\x00\x00\x00\x80\x00\x00\x00\x00\x00\x00\x00\x00\x00\x00\x00\x00\x00\x00\x00\x7f\x00\x00\x00\x00\x00\x00\x00\x00\x00\x00\x00\x00\x00\x00\x00\x80"
    "\x00\x00\x00\x00\x00\x00\x00\x00\xff\xff\xff\xff\xff\xff\xff\xff\x00\x00\x00\x00\x00\x00\x00\x00\x00\x00\x00\x00\x00\x00\x00\x00\xf9\x92\xf8\xff\xff\xff\xff\xff\xff\xff\xff\xff\xff\xff\xff\xff\x06\x6d\x07\x00\x00\x00\x00\x00\x00\x00\x00\x00\x00\x00\x00\x00\x00\x00\x00\x00\x00\x00\x00\x00\x00\xe0\xff\xff\xff\xff\xff\xff\x00\x00\x00\x00\x00\x00\x00\x00\x00\x00\x00\x00\x00\x00\x00\x00\x00\x00\x00\x00\x00\x00\x00\x00\x00\x00\xf8\xff\xff\xff\xff\xff\x00\x00\x00\x00\x00\x00\x00\x00\x00\x00\x00\x00\x00\x00\x00\x00"
    "\x00\x00\x00\x00\x00\x00\x00\x00\xff\xff\xff\xff\xff\xff\xff\xff\x00\x00\x00\x00\x00\x00\x00\x00\x00\x00\x00\x00\x00\x00\x00\x00\xf5\xff\xff\xff\xff\xff\xff\xff\xff\xff\xff\xff\xff\xff\xff\xff\x0a\x00\x00\x00\x00\x00\x00\x00\x00\x00\x00\x00\x00\x00\x00\x00\x00\x00\x00\x00\x00\x00\x00\x00\xff\xff\xff\xff\xff\xff\xff\xff\x00\x00\x00\x00\x00\x00\x00\x00\x00\x00\x00\x00\x00\x00\x00\x00\x00\x00\x00\x00\x00\x00\x00\x00\xf0\xff\xff\xff\xff\xff\xff\xff\x00\x00\x00\x00\x00\x00\x00\x00\x00\x00\x00\x00\x00\x00\x00\x00"
    "\x00\x00\x00\x00\x00\x00\x00\x80\xff\xff\xff\xff\xff\xff\xff\xff\x00\x00\x00\x00\x00\x00\x00\x00\x00\x00\x00\x00\x00\x00\x00\x00\xf9\x92\xf8\xff\xff\xff\xff\xff\xff\xff\xff\xff\xff\xff\xff\xff\x06\x6d\x07\x00\x00\x00\x00\x00\x00\x00\x00\x00\x00\x00\x00\x00\x00\x00\x00\x00\x00\x00\x00\x00\x00\xe0\xff\xff\xff\xff\xff\xff\x00\x00\x00\x00\x00\x00\x00\x00\x00\x00\x00\x00\x00\x00\x00\x00\x00\x00\x00\x00\x00\x00\x00\x00\x00\x00\xfc\xff\xff\xff\xff\xff\x00\x00\x00\x00\x00\x00\x00\x00\x00\x00\x00\x00\x00\x00\x00\x00"
    "\x00\x00\xf0\xff\xff\xff\xff\xff\xff\xff\xff\xff\xff\xff\xff\xff\x00\x00\x00\x00\x00\x00\x00\x00\x00\x00\x00\x00\x00\x00\x00\x00\xff\xff\xe7\x89\x04\x23\xc7\x8a\xff\xff\xff\xff\xff\xff\xff\xff\x00\x00\x18\x76\xfb\xdc\x38\x75\x00\x00\x00\x00\x00\x00\x00\x00\x00\x00\x00\x00\x00\x00\x00\x00\xfc\xff\xff\xff\xff\xff\xff\xff\x00\x00\x00\x00\x00\x00\x00\x00\x00\x00\x00\x00\x00\x00\x00\x00\x00\x00\x00\x00\x00\x00\x00\x00\x00\x00\xf8\xff\xff\xff\xff\xff\x00\x00\x00\x00\x00\x00\x00\x00\x00\x00\x00\x00\x00\x00\x00\x00"
    "\x00\x00\x00\x00\x00\x00\x00\x80\xff\xff\xff\xff\xff\xff\xff\xff\x00\x00\x00\x00\x00\x00\x00\x00\x00\x00\x00\x00\x00\x00\x00\x00\xbd\x24\xfe\xff\xff\xff\xff\xff\xff\xff\xff\xff\xff\xff\xff\xff\x42\xdb\x01\x00\x00\x00\x00\x00\x00\x00\x00\x00\x00\x00\x00\x00\x00\x00\x00\x00\x00\x00\x00\x00\x00\xf0\xff\xff\xff\xff\xff\xff\x00\x00\x00\x00\x00\x00\x00\x00\x00\x00\x00\x00\x00\x00\x00\x00\x00\x00\x00\x00\x00\x00\x00\x00\x00\x00\xff\xff\xff\xff\xff\xff\x00\x00\x00\x00\x00\x00\x00\x00\x00\x00\x00\x00\x00\x00\x00\x00"
    "\x00\x00\x00\x00\x00\x00\x00\x00\xff\xff\xff\xff\xff\xff\xff\xff\x00\x00\x00\x00\x00\x00\x00\x00\x00\x00\x00\x00\x00\x00\x00\x00\x17\xfc\xff\xff\xff\xff\xff\xff\xff\xff\xff\xff\xff\xff\xff\xff\xe8\x03\x00\x00\x00\x00\x00\x00\x00\x00\x00\x00\x00\x00\x00\x00\x00\xe0\xff\xff\xff\xff\xff\xff\xff\xff\xff\xff\xff\xff\xff\xff\x00\x00\x00\x00\x00\x00\x00\x00\x00\x00\x00\x00\x00\x00\x00\x00\x00\x00\x00\x00\x00\x00\x00\x00\x00\xfc\xff\xff\xff\xff\xff\xff\x00\x00\x00\x00\x00\x00\x00\x00\x00\x00\x00\x00\x00\x00\x00\x00"
    "\x00\x00\x00\x00\x00\x00\xf8\xff\xff\xff\xff\xff\xff\xff\xff\xff\x00\x00\x00\x00\x00\x00\x00\x00\x00\x00\x00\x00\x00\x00\x00\x00\xf9\x92\xf8\xff\xff\xff\xff\xff\xff\xff\xff\xff\xff\xff\xff\xff\x06\x6d\x07\x00\x00\x00\x00\x00\x00\x00\x00\x00\x00\x00\x00\x00\x00\x00\x00\x00\xff\xff\xff\xff\xff\xff\xff\xff\xff\xff\xff\xff\x00\x00\x00\x00\x00\x00\x00\x00\x00\x00\x00\x00\x00\x00\x00\x00\x00\x00\x00\x00\x00\x00\x00\x00\xc0\xff\xff\xff\xff\xff\xff\xff\x00\x00\x00\x00\x00\x00\x00\x00\x00\x00\x00\x00\x00\x00\x00\x00"
    "\x00\x00\x00\x00\x00\x00\x00\x80\xff\xff\xff\xff\xff\xff\xff\xff\x00\x00\x00\x00\x00\x00\x00\x00\x00\x00\x00\x00\x00\x00\x00\x00\xff\xff\xe7\x89\x04\x23\xc7\x8a\xff\xff\xff\xff\xff\xff\xff\xff\x00\x00\x18\x76\xfb\xdc\x38\x75\x00\x00\x00\x00\x00\x00\x00\x00\x00\x00\x00\x00\x00\x00\x00\x00\xfc\xff\xff\xff\xff\xff\xff\xff\x00\x00\x00\x00\x00\x00\x00\x00\x00\x00\x00\x00\x00\x00\x00\x00\x00\x00\x00\x00\x00\x00\x00\x00\x00\x00\x00\x00\x00\x00\x00\xc0\x00\x00\x00\x00\x00\x00\x00\x00\x00\x00\x00\x00\x00\x00\x00\x00"
    "\x00\x00\x00\x00\x00\x00\x00\x00\xff\xff\xff\xff\xff\xff\xff\xff\x00\x00\x00\x00\x00\x00\x00\x00\x00\x00\x00\x00\x00\x00\x00\x00\xbd\x24\xfe\xff\xff\xff\xff\xff\xff\xff\xff\xff\xff\xff\xff\xff\x42\xdb\x01\x00\x00\x00\x00\x00\x00\x00\x00\x00\x00\x00\x00\x00\x00\x00\x00\x00\x00\x00\x00\x00\x00\xe0\xff\xff\xff\xff\xff\xff\x00\x00\x00\x00\x00\x00\x00\x00\x00\x00\x00\x00\x00\x00\x00\x00\x00\x00\x00\x00\x00\x00\x00\x00\x00\x00\xfe\xff\xff\xff\xff\xff\x00\x00\x00\x00\x00\x00\x00\x00\x00\x00\x00\x00\x00\x00\x00\x00"
    "\x01\x00\x00\x00\x00\x00\x00\x80\xff\xff\xff\xff\xff\xff\xff\xff\x00\x00\x00\x00\x00\x00\x00\x00\x00\x00\x00\x00\x00\x00\x00\x00\x00\x00\x00\x00\x00\x00\x00\xff\xff\xff\xff\xff\xff\xff\xff\xff\x00\x00\x00\x00\x00\x00\x00\x00\x00\x00\x00\x00\x00\x00\x00\x00\xff\xff\xff\xff\xff\x00\x00\xff\xff\xff\xff\xff\xff\xff\xff\xff\x00\x00\x00\x00\x00\x00\x00\x00\x00\x00\x00\x00\x00\x00\x00\x00\x01\x00\x00\x00\x00\x00\x00\x00\x00\x00\x00\x00\x00\x00\x80\xff\x00\x00\x00\x00\x00\x00\x00\x00\x00\x00\x00\x00\x00\x00\x00\x00"
    "\x00\x00\x00\x00\x00\x00\x00\xff\xff\xff\xff\xff\xff\xff\xff\xff\x00\x00\x00\x00\x00\x00\x00\x00\x00\x00\x00\x00\x00\x00\x00\x00\x00\x00\x00\x00\x00\x00\x00\x80\xff\xff\xff\xff\xff\xff\xff\xff\x00\x00\x00\x00\x00\x00\x00\x00\x00\x00\x00\x00\x00\x00\x00\x00\xff\x7f\xff\xff\xff\xff\xff\xff\xff\xff\xff\xff\xff\xff\xff\x7e\x00\x80\x00\x00\x00\x00\x00\x00\x00\x00\x00\x00\x00\x00\x00\x81\x00\x00\x00\x00\x00\x00\x00\x00\x00\x00\x00\x00\x00\x00\x80\x7e\x00\x00\x00\x00\x00\x00\x00\x00\x00\x00\x00\x00\x00\x00\x00\x81"
    "\x1f\x00\x00\x00\x00\x00\x00\xfe\xff\xff\xff\xff\xff\xff\xff\xff\x00\x00\x00\x00\x00\x00\x00\x00\x00\x00\x00\x00\x00\x00\x00\x00\x56\xe4\x1c\x4b\x6d\x24\xe6\x61\xff\xff\xff\xff\xff\xff\xff\xff\xa9\x1b\xe3\xb4\x92\xdb\x19\x9e\x00\x00\x00\x00\x00\x00\x00\x00\x00\x00\x00\x00\x00\x00\x00\xc0\xff\xff\xff\xff\xff\xff\xff\xff\x00\x00\x00\x00\x00\x00\x00\x00\x00\x00\x00\x00\x00\x00\x00\x00\x00\x00\x00\x00\x00\x00\x00\x00\x00\x00\x00\x00\x00\x00\x00\xfe\x00\x00\x00\x00\x00\x00\x00\x00\x00\x00\x00\x00\x00\x00\x00\x00"
    "\x01\x00\x00\x00\x00\x00\x00\x80\xff\xff\xff\xff\xff\xff\xff\xff\x00\x00\x00\x00\x00\x00\x00\x00\x00\x00\x00\x00\x00\x00\x00\x00\x00\x00\x00\x00\x00\x00\x00\x80\xff\xff\xff\xff\xff\xff\xff\xff\x00\x00\x00\x00\x00\x00\x00\x00\x00\x00\x00\x00\x00\x00\x00\x00\xff\xff\xff\xff\xff\x00\x00\xff\xff\xff\xff\xff\xff\xff\xff\xff\x00\x00\x00\x00\x00\x00\x00\x00\x00\x00\x00\x00\x00\x00\x00\x00\x01\x00\x00\x00\x00\x00\x00\x00\x00\x00\x00\x00\x00\x00\x00\xc0\x00\x00\x00\x00\x00\x00\x00\x00\x00\x00\x00\x00\x00\x00\x00\x00"
    "\x0f\x00\x00\x00\x00\x00\x00\xfe\xff\xff\xff\xff\xff\xff\xff\xff\x10\x00\x00\x00\x00\x00\x00\x00\x00\x00\x00\x00\x00\x00\x00\x00\x56\xe4\x1c\x4b\x6d\x24\xe6\x61\xff\xff\xff\xff\xff\xff\xff\xff\xa9\x1b\xe3\xb4\x92\xdb\x19\x9e\x00\x00\x00\x00\x00\x00\x00\x00\x00\x00\x00\x00\x00\x00\x00\xc0\xff\xff\xff\xff\xff\xff\xff\xff\x00\x00\x00\x00\x00\x00\x00\x00\x00\x00\x00\x00\x00\x00\x00\x00\x00\x00\x00\x00\x00\x00\x00\x00\x00\x00\x00\x00\x00\x00\x00\xfe\x00\x00\x00\x00\x00\x00\x00\x00\x00\x00\x00\x00\x00\x00\x00\x00"
    "\x01\x00\x00\x00\x00\x00\x00\xfe\xff\xff\xff\xff\xff\xff\xff\xff\x00\x00\x00\x00\x00\x00\x00\x00\x00\x00\x00\x00\x00\x00\x00\x00\x00\x00\x00\x00\x00\x00\x00\xff\xff\xff\xff\xff\xff\xff\xff\xff\x00\x00\x00\x00\x00\x00\x00\x00\x00\x00\x00\x00\x00\x00\x00\x00\xff\xff\xff\xff\xff\x00\x00\xff\xff\xff\xff\xff\xff\xff\xff\xff\x00\x00\x00\x00\x00\x00\x00\x00\x00\x00\x00\x00\x00\x00\x00\x00\x01\x00\x00\x00\x00\x00\x00\x00\x00\x00\x00\x00\x00\x00\xfe\xff\x00\x00\x00\x00\x00\x00\x00\x00\x00\x00\x00\x00\x00\x00\x00\x00"
    "\x00\x00\x00\x00\x00\x00\xf0\xff\xff\xff\xff\xff\xff\xff\xff\xff\x00\x00\x00\x00\x00\x00\x00\x00\x00\x00\x00\x00\x00\x00\x00\x00\xf9\x92\xf8\xff\xff\xff\xff\xff\xff\xff\xff\xff\xff\xff\xff\xff\x06\x6d\x07\x00\x00\x00\x00\x00\x00\x00\x00\x00\x00\x00\x00\x00\x00\x00\x00\x00\xff\xff\xff\xff\xff\xff\xff\xff\xff\xff\xff\xff\x00\x00\x00\x00\x00\x00\x00\x00\x00\x00\x00\x00\x00\x00\x00\x00\x00\x00\x00\x00\x00\x00\x00\x00\x80\xff\xff\xff\xff\xff\xff\xff\x00\x00\x00\x00\x00\x00\x00\x00\x00\x00\x00\x00\x00\x00\x00\x00"
    "\x00\x00\x00\x00\x00\x00\x00\x80\xff\xff\xff\xff\xff\xff\xff\xff\x00\x00\x00\x00\x00\x00\x00\x00\x00\x00\x00\x00\x00\x00\x00\x00\xff\x35\x65\xc4\xff\xff\xff\xff\xff\xff\xff\xff\xff\xff\xff\xff\x00\xca\x9a\x3b\x00\x00\x00\x00\x00\x00\x00\x00\x00\x00\x00\x00\x00\x00\x00\x80\xff\xff\xff\xff\xff\xff\xff\xff\xff\xff\xff\xff\x00\x00\x00\x00\x00\x00\x00\x00\x00\x00\x00\x00\x00\x00\x00\x00\x00\x00\x00\x00\x00\x00\x00\x00\x00\x00\x00\xe0\xff\xff\xff\xff\x00\x00\x00\x00\x00\x00\x00\x00\x00\x00\x00\x00\x00\x00\x00\x00"
    "\x00\x00\x00\x00\x00\x00\x00\xff\xff\xff\xff\xff\xff\xff\xff\xff\x00\x00\x00\x00\x00\x00\x00\x00\x00\x00\x00\x00\x00\x00\x00\x00\x00\x00\x00\x00\x00\x00\x00\x00\xff\xff\xff\xff\xff\xff\xff\xff\x00\x00\x00\x00\x00\x00\x00\x00\x00\x00\x00\x00\x00\x00\x00\x00\xff\x7f\xff\xff\xff\xff\xff\xff\xff\xff\xff\xff\xff\xff\xff\x7e\x00\x80\x00\x00\x00\x00\x00\x00\x00\x00\x00\x00\x00\x00\x00\x81\x00\x00\x00\x00\x00\x00\x00\x00\x00\x00\x00\x00\x00\x00\x00\x7e\x00\x00\x00\x00\x00\x00\x00\x00\x00\x00\x00\x00\x00\x00\x00\x81"
    "\x07\x00\x00\x00\x00\x00\x80\xff\xff\xff\xff\xff\xff\xff\xff\xff\x00\x00\x00\x00\x00\x00\x00\x00\x00\x00\x00\x00\x00\x00\x00\x00\x56\xe4\x1c\x4b\x6d\x24\xe6\x61\xff\xff\xff\xff\xff\xff\xff\xff\xa9\x1b\xe3\xb4\x92\xdb\x19\x9e\x00\x00\x00\x00\x00\x00\x00\x00\x00\x00\x00\x00\x00\x00\x00\xc0\xff\xff\xff\xff\xff\xff\xff\xff\x00\x00\x00\x00\x00\x00\x00\x00\x00\x00\x00\x00\x00\x00\x00\x00\x00\x00\x00\x00\x00\x00\x00\x00\x00\x00\x00\x00\x00\x00\x80\xff\x00\x00\x00\x00\x00\x00\x00\x00\x00\x00\x00\x00\x00\x00\x00\x00"
    "\x00\x00\x00\x00\x00\x00\x00\x00\x00\xf0\xff\xff\xff\xff\xff\xff\x00\x00\x00\x00\x00\x00\x00\x00\x00\x00\x00\x00\x00\x00\x00\x00\xec\xff\xff\xff\xff\xff\xff\xff\xff\xff\xff\xff\xff\xff\xff\xff\x13\x00\x00\x00\x00\x00\x00\x00\x00\x00\x00\x00\x00\x00\x00\x00\x01\x00\x00\x00\x00\x00\xf8\xff\xff\xff\xff\xff\xff\xff\xff\xff\x00\x00\x00\x00\x00\x00\x00\x00\x00\x00\x00\x00\x00\x00\x00\x00\x00\x00\x00\x00\x00\x00\x00\x00\x00\x00\xfe\xff\xff\xff\xff\xff\x00\x00\x00\x00\x00\x00\x00\x00\x00\x00\x00\x00\x00\x00\x00\x00"
    "\x00\x00\x00\x00\x00\x00\x00\xff\xff\xff\xff\xff\xff\xff\xff\xff\x00\x00\x00\x00\x00\x00\x00\x00\x00\x00\x00\x00\x00\x00\x00\x00\x00\x00\x00\x00\x00\x00\x00\xf8\xff\xff\xff\xff\xff\xff\xff\xff\x00\x00\x00\x00\x00\x00\x00\x00\x00\x00\x00\x00\x00\x00\x00\x00\xff\x7f\xff\xff\xff\xff\xff\xff\xff\xff\xff\xff\xff\xff\xff\x7e\x00\x80\x00\x00\x00\x00\x00\x00\x00\x00\x00\x00\x00\x00\x00\x81\x00\x00\x00\x00\x00\x00\x00\x00\x00\x00\x00\x00\x00\x00\xf8\x7e\x00\x00\x00\x00\x00\x00\x00\x00\x00\x00\x00\x00\x00\x00\x00\x81"
    "\x00\x00\x00\x00\x00\x00\x00\x00\xff\xff\xff\xff\xff\xff\xff\xff\x00\x00\x00\x00\x00\x00\x00\x00\x00\x00\x00\x00\x00\x00\x00\x00\xbf\xbd\xf0\xff\xff\xff\xff\xff\xff\xff\xff\xff\xff\xff\xff\xff\x40\x42\x0f\x00\x00\x00\x00\x00\x00\x00\x00\x00\x00\x00\x00\x00\x00\x00\x80\xff\xff\xff\xff\xff\xff\xff\xff\xff\xff\xff\xff\xff\x00\x00\x00\x00\x00\x00\x00\x00\x00\x00\x00\x00\x00\x00\x00\x00\x00\x00\x00\x00\x00\x00\x00\x00\x00\x00\xf0\xff\xff\xff\xff\xff\x00\x00\x00\x00\x00\x00\x00\x00\x00\x00\x00\x00\x00\x00\x00\x00"
    "\x00\x00\x00\x00\x00\x00\xe0\xff\xff\xff\xff\xff\xff\xff\xff\xff\x00\x00\x00\x00\x00\x00\x00\x00\x00\x00\x00\x00\x00\x00\x00\x00\xbd\x24\xfe\xff\xff\xff\xff\xff\xff\xff\xff\xff\xff\xff\xff\xff\x42\xdb\x01\x00\x00\x00\x00\x00\x00\x00\x00\x00\x00\x00\x00\x00\x00\x00\x00\xc0\xff\xff\xff\xff\xff\xff\xff\xff\xff\xff\xff\xff\x00\x00\x00\x00\x00\x00\x00\x00\x00\x00\x00\x00\x00\x00\x00\x00\x00\x00\x00\x00\x00\x00\x00\x00\xc0\xff\xff\xff\xff\xff\xff\xff\x00\x00\x00\x00\x00\x00\x00\x00\x00\x00\x00\x00\x00\x00\x00\x00"
    "\x00\x00\x00\x00\x00\x00\x00\x00\xff\xff\xff\xff\xff\xff\xff\xff\x00\x00\x00\x00\x00\x00\x00\x00\x00\x00\x00\x00\x00\x00\x00\x00\x03\x00\x00\x00\x00\x00\x80\xff\xff\xff\xff\xff\xff\xff\xff\xff\x00\x00\x00\x00\x00\x00\x00\x00\x00\x00\x00\x00\x00\x00\x00\x00\x00\x00\x00\x00\x00\x00\x00\x80\xff\xff\xff\xff\xff\xff\xff\xff\x00\x00\x00\x00\x00\x00\x00\x00\x00\x00\x00\x00\x00\x00\x00\x00\x00\x00\x00\x00\x00\x00\x00\x00\x00\x00\x00\x00\x00\x00\x80\xff\x00\x00\x00\x00\x00\x00\x00\x00\x00\x00\x00\x00\x00\x00\x00\x00"
    "\x00\x00\x00\x00\x00\x00\x00\x00\xff\xff\xff\xff\xff\xff\xff\xff\x00\x00\x00\x00\x00\x00\x00\x00\x00\x00\x00\x00\x00\x00\x00\x00\x01\x00\x00\x00\x00\x00\x80\xff\xff\xff\xff\xff\xff\xff\xff\xff\x02\x00\x00\x00\x00\x00\x00\x00\x00\x00\x00\x00\x00\x00\x00\x00\x00\x00\x00\x00\x00\x00\x00\x80\xff\xff\xff\xff\xff\xff\xff\xff\x00\x00\x00\x00\x00\x00\x00\x00\x00\x00\x00\x00\x00\x00\x00\x00\x00\x00\x00\x00\x00\x00\x00\x00\x00\x00\x00\x00\x00\x00\x80\xff\x00\x00\x00\x00\x00\x00\x00\x00\x00\x00\x00\x00\x00\x00\x00\x00"
    "\x00\x00\x00\x00\x00\x00\x00\x80\xff\xff\xff\xff\xff\xff\xff\xff\x00\x00\x00\x00\x00\x00\x00\x00\x00\x00\x00\x00\x00\x00\x00\x00\x00\x00\x00\xf0\x03\xf0\xff\xff\xff\xff\xff\xff\xff\xff\xff\xff\x00\x00\x00\x00\x00\x00\x00\x00\x00\x00\x00\x00\x00\x00\x00\x00\x00\x00\x00\x00\x00\x00\x00\x00\x00\x00\xfe\xff\xff\xff\xff\xff\x00\x00\x00\x00\x00\x00\x00\x00\x00\x00\x00\x00\x00\x00\x00\x00\x00\x00\x00\x00\x00\x00\x00\x00\x00\x00\x00\x00\x00\xf8\xff\xff\x00\x00\x00\x00\x00\x00\x00\x00\x00\x00\x00\x00\x00\x00\x00\x00"
    "\x00\x00\x00\x00\x00\x00\x00\xff\xff\xff\xff\xff\xff\xff\xff\xff\x00\x00\x00\x00\x00\x00\x00\x00\x00\x00\x00\x00\x00\x00\x00\x00\x00\x00\x00\x00\x00\x00\x00\x00\xff\xff\xff\xff\xff\xff\xff\xff\x00\x00\x00\x00\x00\x00\x00\x00\x00\x00\x00\x00\x00\x00\x00\x00\xff\xfe\xff\xff\xff\xff\xff\xff\xfe\xff\xff\xff\xff\xff\xff\xff\x00\x01\x00\x00\x00\x00\x00\x00\x01\x00\x00\x00\x00\x00\x00\x00\x00\x00\x00\x00\x00\x00\x00\x00\x00\x00\x00\x00\x00\x00\x00\xff\x00\x00\x00\x00\x00\x00\x00\x00\x00\x00\x00\x00\x00\x00\x00\x00";

static const ::KnownBitsPatterns::BwTable kTables[] = {
  {8u, 7u, kBlob_bw8_0},
  {16u, 30u, kBlob_bw16_0},
  {32u, 1756u, kBlob_bw32_0},
  {64u, 342u, kBlob_bw64_0},
  {128u, 37u, kBlob_bw128_0},
};
} // namespace

std::array<APInt, 2> solution(unsigned bw, std::array<APInt, 2> ssa_0, std::array<APInt, 2> ssa_1, std::array<APInt, 2> ssa_2) {
  const std::array<APInt, 2> args[3] = {ssa_0, ssa_1, ssa_2};
  return ::KnownBitsPatterns::lookupKB<3>(bw, args, kTables, std::size(kTables));
}
}
