namespace AddNswNuw_AddNswNuw_arg0_arg1_arg2 {
namespace {
static const unsigned char kBlob_bw8_0[] =
    "\xfe\x00\xfe\x00\xfe\x00\xfc\x00"
    "\xfc\x00\xfe\x00\xfc\x00\xf8\x00"
    "\xf8\x00\xfc\x00\xfc\x00\xf0\x00"
    "\xef\x00\xef\x00\xef\x00\xcf\x00"
    "\xf0\x00\xfc\x00\xfc\x00\xe0\x00"
    "\xf0\x00\xfe\x01\xf0\x00\xe0\x00"
    "\xfd\x00\xfd\x00\xfd\x00\xf9\x00"
    "\xfb\x00\xfb\x00\xfb\x00\xf3\x00"
    "\xe0\x00\xf0\x00\xf0\x00\xc0\x00"
    "\xfe\x00\xfc\x00\xfe\x00\xf8\x00"
    "\xf9\x00\xfd\x00\xfd\x00\xf1\x00"
    "\xf3\x00\xfb\x00\xfb\x00\xe3\x00"
    "\xf1\x06\xf3\x00\xfd\x02\xe3\x00"
    "\xfc\x00\xfc\x03\xfe\x00\xf8\x00"
    "\xf0\x00\xfe\x00\xfa\x05\xe0\x00";
static const unsigned char kBlob_bw16_0[] =
    "\x00\xfe\x00\x00\x00\xff\x00\x00\x00\xff\x00\x00\x00\xfc\x00\x00"
    "\x00\xff\x00\x00\xfe\xff\x01\x00\x00\xff\x00\x00\x00\xfe\x00\x00"
    "\x00\xe0\x00\x00\x00\xff\x00\x00\x00\xf8\x00\x00\x00\xc0\x00\x00"
    "\x00\xff\x00\x00\x00\xff\x00\x00\xfe\xff\x01\x00\x00\xfe\x00\x00"
    "\x00\xfc\x00\x00\x00\xff\x00\x00\x00\xff\x00\x00\x00\xf8\x00\x00"
    "\xfe\xff\x00\x00\xfe\xff\x00\x00\xfe\xff\x00\x00\xfc\xff\x00\x00"
    "\x00\xf0\x00\x00\x00\xfc\x00\x00\x00\xfc\x00\x00\x00\xe0\x00\x00"
    "\x00\xfe\x00\x00\x00\xf8\x00\x00\x01\xfe\x00\x00\x00\xf0\x00\x00"
    "\x01\xfc\x00\x00\x00\xf8\x00\x00\x00\xff\x00\x00\x00\xf0\x00\x00"
    "\x00\xf8\x00\x00\x00\xff\x00\x00\x01\xfe\x00\x00\x00\xf0\x00\x00"
    "\x00\xfe\x00\x00\x01\xf8\x00\x00\x00\xff\x00\x00\x00\xf0\x00\x00"
    "\xfc\xff\x00\x00\xfe\xff\x00\x00\xfc\xff\x00\x00\xf8\xff\x00\x00"
    "\x00\xf8\x00\x00\x00\xff\x00\x00\x00\xff\x00\x00\x00\xf0\x00\x00"
    "\x00\xff\x00\x00\xfb\xff\x04\x00\xe7\xff\x00\x00\x00\xfe\x00\x00"
    "\x03\xfc\x00\x00\xfb\xff\x04\x00\x01\xfc\x00\x00\x01\xf8\x00\x00"
    "\xf8\xff\x00\x00\xfc\xff\x00\x00\xfe\xff\x00\x00\xf0\xff\x00\x00"
    "\x00\xf8\x00\x00\x01\xfc\x00\x00\x00\xff\x00\x00\x00\xf0\x00\x00"
    "\x01\xfe\x00\x00\xf4\xff\x0b\x00\xfd\xff\x00\x00\x00\xfc\x01\x00"
    "\x00\xfc\x00\x00\x00\xf8\x00\x00\xfb\xff\x04\x00\x00\xf0\x00\x00"
    "\x00\xf8\x00\x00\x00\xf0\x00\x00\x00\xfc\x00\x00\x00\xe0\x00\x00"
    "\x00\xfe\x00\x00\x01\xfc\x00\x00\x00\xff\x00\x00\x00\xf8\x00\x00"
    "\xf0\xff\x00\x00\xfe\xff\x00\x00\xfe\xff\x00\x00\xe0\xff\x00\x00"
    "\x01\xfc\x00\x00\x03\xfc\x00\x00\xfb\xff\x04\x00\x01\xf8\x00\x00"
    "\x00\xfe\x00\x00\x00\xf0\x00\x00\x00\xf8\x00\x00\x00\xe0\x00\x00"
    "\xe7\xff\x00\x00\x00\xff\x00\x00\xfb\xff\x04\x00\x00\xfe\x00\x00"
    "\x00\xe0\x00\x00\x00\xfc\x00\x00\x00\xff\x00\x00\x00\xc0\x00\x00"
    "\xfa\xff\x00\x00\xf0\xff\x03\x00\xfd\xff\x00\x00\xe0\xff\x00\x00"
    "\xf9\xff\x02\x00\xe1\xff\x18\x00\xfc\xff\x03\x00\xc0\xff\x01\x00"
    "\x01\xfc\x00\x00\x00\xfe\x00\x00\x00\xff\x00\x00\x00\xf8\x00\x00"
    "\x00\xf8\x00\x00\x00\xfc\x00\x00\xfb\xff\x04\x00\x00\xf0\x00\x00"
    "\x01\xf0\x00\x00\xf7\xff\x08\x00\x00\xf8\x00\x00\x00\xe0\x00\x00"
    "\xf0\xff\x03\x00\xfb\xff\x00\x00\xfd\xff\x00\x00\xe0\xff\x01\x00"
    "\xe7\xff\x00\x00\x00\xff\x00\x00\xf8\xff\x07\x00\x00\xfe\x00\x00"
    "\x00\xfe\x00\x00\x01\xfe\x00\x00\xfd\xff\x02\x00\x00\xfc\x00\x00"
    "\x00\xf0\x00\x00\x03\xf8\x00\x00\x00\xff\x00\x00\x00\xe0\x00\x00"
    "\x00\xf0\x00\x00\x00\xf8\x00\x00\xf7\xff\x08\x00\x00\xe0\x00\x00"
    "\xe1\xff\x18\x00\xf9\xff\x02\x00\xfc\xff\x03\x00\xc0\xff\x01\x00"
    "\xe0\xff\x00\x00\xfe\xff\x00\x00\xfe\xff\x00\x00\xc0\xff\x00\x00"
    "\x00\xff\x00\x00\x01\xfe\x00\x00\x00\xff\x00\x00\x00\xfc\x00\x00"
    "\x00\xff\x00\x00\xfe\xff\x00\x00\xfd\xff\x02\x00\x00\xfe\x00\x00"
    "\xfe\xff\x00\x00\xfc\xff\x00\x00\xfe\xff\x00\x00\xf8\xff\x00\x00"
    "\xe0\xff\x03\x00\xfd\xff\x00\x00\xfe\xff\x00\x00\xc0\xff\x00\x00";
static const unsigned char kBlob_bw24_0[] =
    "\x00\x80\xff\x00\x00\x00\x00\x00\xff\x00\x00\x00\x03\xe0\xff\x00\x00\x00\x00\x00\xfe\x00\x00\x00"
    "\x01\x00\xf0\x00\x00\x00\x0f\x00\xe0\x00\x00\x00\x01\x00\xfc\x00\x00\x00\x01\x00\xc0\x00\x00\x00";
static const unsigned char kBlob_bw32_0[] =
    "\x00\x00\xff\xff\x00\x00\x00\x00\xfe\xff\xff\xff\x00\x00\x00\x00\x00\x00\xff\xff\x00\x00\x00\x00\x00\x00\xfe\xff\x00\x00\x00\x00"
    "\x00\x00\xfe\xff\x00\x00\x00\x00\x00\x00\xff\xff\x00\x00\x00\x00\x00\x00\xff\xff\x00\x00\x00\x00\x00\x00\xfc\xff\x00\x00\x00\x00"
    "\x00\xfe\xff\xff\x00\x00\x00\x00\x00\xff\xff\xff\x00\x00\x00\x00\x00\xff\xff\xff\x00\x00\x00\x00\x00\xfc\xff\xff\x00\x00\x00\x00"
    "\x00\xff\xff\xff\x00\x00\x00\x00\xfe\xff\xff\xff\x00\x00\x00\x00\x00\xff\xff\xff\x00\x00\x00\x00\x00\xfe\xff\xff\x00\x00\x00\x00"
    "\x00\x00\xfc\xff\x00\x00\x00\x00\x00\x00\xfe\xff\x00\x00\x00\x00\x00\x00\xfe\xff\x00\x00\x00\x00\x00\x00\xf8\xff\x00\x00\x00\x00"
    "\x00\xff\xff\xff\x00\x00\x00\x00\x80\xff\xff\xff\x00\x00\x00\x00\x80\xff\xff\xff\x00\x00\x00\x00\x00\xfe\xff\xff\x00\x00\x00\x00"
    "\x00\xfc\xff\xff\x00\x00\x00\x00\x00\xfe\xff\xff\x00\x00\x00\x00\x00\xfe\xff\xff\x00\x00\x00\x00\x00\xf8\xff\xff\x00\x00\x00\x00"
    "\xfe\xff\xff\xff\x00\x00\x00\x00\xfe\xff\xff\xff\x00\x00\x00\x00\xfe\xff\xff\xff\x00\x00\x00\x00\xfc\xff\xff\xff\x00\x00\x00\x00"
    "\x00\xff\xff\xff\x00\x00\x00\x00\x00\xff\xff\xff\x00\x00\x00\x00\xfe\xff\xff\xff\x00\x00\x00\x00\x00\xfe\xff\xff\x00\x00\x00\x00"
    "\x80\xff\xff\xff\x00\x00\x00\x00\xc0\xff\xff\xff\x00\x00\x00\x00\xc0\xff\xff\xff\x00\x00\x00\x00\x00\xff\xff\xff\x00\x00\x00\x00"
    "\xfc\xff\xff\xff\x00\x00\x00\x00\xfc\xff\xff\xff\x00\x00\x00\x00\xfe\xff\xff\xff\x00\x00\x00\x00\xf8\xff\xff\xff\x00\x00\x00\x00"
    "\x00\x00\xff\xff\x00\x00\x00\x00\x00\x00\xff\xff\x00\x00\x00\x00\xfe\xff\xff\xff\x00\x00\x00\x00\x00\x00\xfe\xff\x00\x00\x00\x00"
    "\x00\x00\xff\xff\x00\x00\x00\x00\x00\x80\xff\xff\x00\x00\x00\x00\x00\x80\xff\xff\x00\x00\x00\x00\x00\x00\xfe\xff\x00\x00\x00\x00"
    "\x00\x00\x80\xff\x00\x00\x00\x00\x00\x00\xe0\xff\x00\x00\x00\x00\x00\x00\xc0\xff\x00\x00\x00\x00\x00\x00\x00\xff\x00\x00\x00\x00"
    "\x00\x00\xc0\xff\x00\x00\x00\x00\x00\x00\xe0\xff\x00\x00\x00\x00\x00\x00\xe0\xff\x00\x00\x00\x00\x00\x00\x80\xff\x00\x00\x00\x00"
    "\xfb\xff\xff\xff\x00\x00\x00\x00\xf2\xff\xff\xff\x01\x00\x00\x00\xfb\xff\xff\xff\x04\x00\x00\x00\xe2\xff\xff\xff\x01\x00\x00\x00"
    "\xc7\xff\xff\xff\x00\x00\x00\x00\xf7\xff\xff\xff\x08\x00\x00\x00\xe0\xff\xff\xff\x00\x00\x00\x00\x80\xff\xff\xff\x00\x00\x00\x00"
    "\x00\x00\x00\xff\x00\x00\x00\x00\x0f\x00\x00\xff\x00\x00\x00\x00\xfe\xff\xff\xff\x00\x00\x00\x00\x00\x00\x00\xfe\x00\x00\x00\x00"
    "\x00\xf8\xff\xff\x00\x00\x00\x00\x00\xfc\xff\xff\x00\x00\x00\x00\x00\xfc\xff\xff\x00\x00\x00\x00\x00\xf0\xff\xff\x00\x00\x00\x00"
    "\xcf\xff\xff\xff\x00\x00\x00\x00\x6f\xff\xff\xff\x90\x00\x00\x00\xcf\xff\xff\xff\x00\x00\x00\x00\x0f\xff\xff\xff\x80\x00\x00\x00"
    "\x00\x00\xff\xff\x00\x00\x00\x00\x01\x00\xfe\xff\x00\x00\x00\x00\x00\x00\xff\xff\x00\x00\x00\x00\x00\x00\xfc\xff\x00\x00\x00\x00"
    "\x00\x00\xe0\xff\x00\x00\x00\x00\x00\x00\xf8\xff\x00\x00\x00\x00\x00\x00\xf0\xff\x00\x00\x00\x00\x00\x00\xc0\xff\x00\x00\x00\x00"
    "\xe0\xff\xff\xff\x00\x00\x00\x00\x00\xff\xff\xff\x00\x00\x00\x00\xe0\xff\xff\xff\x00\x00\x00\x00\x00\xfe\xff\xff\x00\x00\x00\x00"
    "\xe7\xff\xff\xff\x00\x00\x00\x00\xf7\xff\xff\xff\x08\x00\x00\x00\xe0\xff\xff\xff\x00\x00\x00\x00\xc0\xff\xff\xff\x00\x00\x00\x00"
    "\x00\xff\xff\xff\x00\x00\x00\x00\x00\xfe\xff\xff\x00\x00\x00\x00\x00\xff\xff\xff\x00\x00\x00\x00\x00\xfc\xff\xff\x00\x00\x00\x00"
    "\x00\x00\x00\xff\x00\x00\x00\x00\xf0\xf0\xf0\xf0\x00\x00\x00\x00\x00\x00\xff\xff\x00\x00\x00\x00\x00\x00\x00\xe0\x00\x00\x00\x00"
    "\x00\xc0\xff\xff\x00\x00\x00\x00\x00\xe0\xff\xff\x00\x00\x00\x00\x00\xe0\xff\xff\x00\x00\x00\x00\x00\x80\xff\xff\x00\x00\x00\x00"
    "\x00\x00\xf8\xff\x00\x00\x00\x00\x00\x00\xfe\xff\x00\x00\x00\x00\x00\x00\xfe\xff\x00\x00\x00\x00\x00\x00\xf0\xff\x00\x00\x00\x00"
    "\x00\x00\x00\xff\x00\x00\x00\x00\x00\x00\x00\xfe\x00\x00\x00\x00\x00\x00\x00\xff\x00\x00\x00\x00\x00\x00\x00\xfc\x00\x00\x00\x00"
    "\x00\x00\x00\xe0\x00\x00\x00\x00\x00\x00\x00\xff\x00\x00\x00\x00\x00\x00\x00\xf8\x00\x00\x00\x00\x00\x00\x00\xc0\x00\x00\x00\x00"
    "\xf8\xff\xff\xff\x00\x00\x00\x00\xfc\xff\xff\xff\x00\x00\x00\x00\xfc\xff\xff\xff\x00\x00\x00\x00\xf0\xff\xff\xff\x00\x00\x00\x00"
    "\xf6\xff\xff\xff\x08\x00\x00\x00\xfe\xff\xff\xff\x00\x00\x00\x00\xfe\xff\xff\xff\x00\x00\x00\x00\xf4\xff\xff\xff\x08\x00\x00\x00"
    "\x0f\xff\xff\xff\x80\x00\x00\x00\xcf\xff\xff\xff\x00\x00\x00\x00\xef\xff\xff\xff\x00\x00\x00\x00\x0f\xfe\xff\xff\x00\x00\x00\x00"
    "\x00\x00\x00\xfc\x00\x00\x00\x00\x00\x00\x00\xfc\x00\x00\x00\x00\xfe\xff\xff\xff\x01\x00\x00\x00\x00\x00\x00\xf8\x00\x00\x00\x00"
    "\x00\x00\x00\xfc\x00\x00\x00\x00\x00\x00\x00\xf8\x00\x00\x00\x00\x00\x00\x00\xfc\x00\x00\x00\x00\x00\x00\x00\xf0\x00\x00\x00\x00"
    "\x00\x00\x00\xff\x00\x00\x00\x00\x00\xff\xff\xff\x00\x00\x00\x00\x00\xff\xff\xff\x00\x00\x00\x00\x00\x00\x00\xfe\x00\x00\x00\x00"
    "\x00\x00\xfe\xff\x00\x00\x00\x00\x00\x00\x00\xff\x00\x00\x00\x00\x00\xff\xff\xff\x00\x00\x00\x00\x00\x00\x00\xfe\x00\x00\x00\x00"
    "\x00\x00\x00\xf0\x00\x00\x00\x00\x00\x00\x00\xf8\x00\x00\x00\x00\x00\x00\x00\xf8\x00\x00\x00\x00\x00\x00\x00\xe0\x00\x00\x00\x00"
    "\x00\x80\xff\xff\x00\x00\x00\x00\x01\x00\xff\xff\x00\x00\x00\x00\x00\xe0\xff\xff\x00\x00\x00\x00\x00\x00\xfe\xff\x00\x00\x00\x00"
    "\x00\x00\xf0\xff\x00\x00\x00\x00\x00\x00\xfc\xff\x00\x00\x00\x00\x00\x00\xf8\xff\x00\x00\x00\x00\x00\x00\xe0\xff\x00\x00\x00\x00"
    "\x01\x00\x00\xff\x00\x00\x00\x00\x00\x00\x80\xff\x00\x00\x00\x00\x00\x00\xe0\xff\x00\x00\x00\x00\x00\x00\x00\xfe\x00\x00\x00\x00"
    "\xfe\xff\xff\xff\x00\x00\x00\x00\x00\x00\x00\xf0\x00\x00\x00\x00\xfe\xff\xff\xff\x00\x00\x00\x00\x00\x00\x00\xe0\x00\x00\x00\x00"
    "\x3f\x00\xe0\xff\x00\x00\x00\x00\xbf\xff\xff\xff\x40\x00\x00\x00\x3f\xff\xff\xff\x00\x00\x00\x00\x3f\x00\xc0\xff\x00\x00\x00\x00"
    "\x03\x00\x80\xff\x00\x00\x00\x00\x00\x00\xc0\xff\x00\x00\x00\x00\x00\x00\xc0\xff\x00\x00\x00\x00\x00\x00\x00\xff\x00\x00\x00\x00"
    "\x00\xe0\xff\xff\x00\x00\x00\x00\x00\x00\xff\xff\x00\x00\x00\x00\x00\x80\xff\xff\x00\x00\x00\x00\x00\x00\xfe\xff\x00\x00\x00\x00"
    "\xfc\xff\xff\xff\x00\x00\x00\x00\xfd\xff\xff\xff\x02\x00\x00\x00\xfd\xff\xff\xff\x00\x00\x00\x00\xf8\xff\xff\xff\x00\x00\x00\x00"
    "\x00\x00\x00\xff\x00\x00\x00\x00\x03\x00\xe0\xff\x00\x00\x00\x00\x07\x00\x80\xff\x00\x00\x00\x00\x00\x00\x00\xfe\x00\x00\x00\x00"
    "\x0f\xc0\xff\xff\x00\x00\x00\x00\x0f\x00\xff\xff\x00\x00\x00\x00\x0f\xc0\xff\xff\x00\x00\x00\x00\x0f\x00\xfe\xff\x00\x00\x00\x00"
    "\xf0\xff\xff\xff\x00\x00\x00\x00\xfe\xff\xff\xff\x01\x00\x00\x00\xf0\xff\xff\xff\x00\x00\x00\x00\xe0\xff\xff\xff\x00\x00\x00\x00"
    "\x00\x00\xfe\xff\x00\x00\x00\x00\x00\x00\xfc\xff\x00\x00\x00\x00\x00\x00\xfe\xff\x00\x00\x00\x00\x00\x00\xf8\xff\x00\x00\x00\x00"
    "\xf8\xf8\xf8\xf8\x00\x00\x00\x00\xfc\xfc\xfc\xfc\x00\x00\x00\x00\xfc\xfc\xfc\xfc\x00\x00\x00\x00\xf0\xf0\xf0\xf0\x00\x00\x00\x00"
    "\x00\xe0\xff\xff\x00\x00\x00\x00\x00\xc0\xff\xff\x00\x00\x00\x00\x00\xe0\xff\xff\x00\x00\x00\x00\x00\x80\xff\xff\x00\x00\x00\x00"
    "\x00\x00\x00\xfe\x00\x00\x00\x00\x00\x00\x00\xff\x00\x00\x00\x00\x00\x00\x00\xff\x00\x00\x00\x00\x00\x00\x00\xfc\x00\x00\x00\x00"
    "\x00\xfe\xff\xff\x00\x00\x00\x00\x00\xfc\xff\xff\x00\x00\x00\x00\x00\xff\xff\xff\x00\x00\x00\x00\x00\xf8\xff\xff\x00\x00\x00\x00"
    "\x00\xf0\xff\xff\x00\x00\x00\x00\x00\xfc\xff\xff\x00\x00\x00\x00\x00\xf8\xff\xff\x00\x00\x00\x00\x00\xe0\xff\xff\x00\x00\x00\x00"
    "\xfd\xff\xff\xff\x00\x00\x00\x00\xfd\xff\xff\xff\x02\x00\x00\x00\xfc\xff\xff\xff\x00\x00\x00\x00\xf8\xff\xff\xff\x00\x00\x00\x00"
    "\xe0\xff\xff\xff\x00\x00\x00\x00\xf0\xff\xff\xff\x00\x00\x00\x00\xf0\xff\xff\xff\x00\x00\x00\x00\xc0\xff\xff\xff\x00\x00\x00\x00"
    "\x00\xc0\xff\xff\x00\x00\x00\x00\x01\x00\xff\xff\x00\x00\x00\x00\x00\x80\xff\xff\x00\x00\x00\x00\x00\x00\xfe\xff\x00\x00\x00\x00"
    "\x00\x00\x00\xe0\x00\x00\x00\x00\x00\x00\x00\xe0\x00\x00\x00\x00\xfe\xff\xff\xff\x00\x00\x00\x00\x00\x00\x00\xc0\x00\x00\x00\x00"
    "\xef\xef\xef\xef\x00\x00\x00\x00\xef\xef\xef\xef\x00\x00\x00\x00\xef\xef\xef\xef\x00\x00\x00\x00\xcf\xcf\xcf\xcf\x00\x00\x00\x00"
    "\x01\x00\xf0\xff\x00\x00\x00\x00\x0f\x00\xe0\xff\x00\x00\x00\x00\x01\x00\xfc\xff\x00\x00\x00\x00\x01\x00\xc0\xff\x00\x00\x00\x00"
    "\x00\x00\xf8\xff\x00\x00\x00\x00\x01\x00\xfe\xff\x00\x00\x00\x00\x00\x00\xfc\xff\x00\x00\x00\x00\x00\x00\xf0\xff\x00\x00\x00\x00"
    "\xe7\xff\xff\xff\x00\x00\x00\x00\x00\xff\xff\xff\x00\x00\x00\x00\xdf\xff\xff\xff\x20\x00\x00\x00\x00\xfe\xff\xff\x00\x00\x00\x00"
    "\xf4\xff\xff\xff\x08\x00\x00\x00\xfe\xff\xff\xff\x00\x00\x00\x00\xfe\xff\xff\xff\x00\x00\x00\x00\xf0\xff\xff\xff\x08\x00\x00\x00"
    "\x00\x80\xff\xff\x00\x00\x00\x00\x00\xc0\xff\xff\x00\x00\x00\x00\x00\xff\xff\xff\x00\x00\x00\x00\x00\x00\xff\xff\x00\x00\x00\x00"
    "\x07\x00\xf8\xff\x00\x00\x00\x00\xf7\xff\xff\xff\x00\x00\x00\x00\xf0\xff\xff\xff\x0f\x00\x00\x00\x00\x00\xf0\xff\x07\x00\x00\x00"
    "\x00\x00\xf8\xff\x00\x00\x00\x00\x00\x00\xff\xff\x00\x00\x00\x00\x01\x00\xfc\xff\x00\x00\x00\x00\x00\x00\xf0\xff\x00\x00\x00\x00"
    "\x01\x00\x00\xf0\x00\x00\x00\x00\x0f\x00\x00\xe0\x00\x00\x00\x00\x01\x00\x00\xfc\x00\x00\x00\x00\x01\x00\x00\xc0\x00\x00\x00\x00"
    "\x00\x00\xf8\xff\x00\x00\x00\x00\x00\x00\xf0\xff\x00\x00\x00\x00\x00\x00\xf8\xff\x00\x00\x00\x00\x00\x00\xe0\xff\x00\x00\x00\x00"
    "\x00\x00\x00\xf8\x00\x00\x00\x00\xfe\xff\xff\xff\x00\x00\x00\x00\xfc\xff\xff\xff\x00\x00\x00\x00\x00\x00\x00\xf0\x00\x00\x00\x00"
    "\x00\x00\x80\xff\x00\x00\x00\x00\x00\x00\x00\xff\x00\x00\x00\x00\x03\x00\xe0\xff\x00\x00\x00\x00\x00\x00\x00\xfe\x00\x00\x00\x00"
    "\x00\x00\xe0\xff\x00\x00\x00\x00\x00\x00\xc0\xff\x00\x00\x00\x00\x00\x00\xe0\xff\x00\x00\x00\x00\x00\x00\x80\xff\x00\x00\x00\x00"
    "\xf0\xff\xff\xff\x00\x00\x00\x00\xfe\xff\xff\xff\x00\x00\x00\x00\xfe\xff\xff\xff\x00\x00\x00\x00\xe0\xff\xff\xff\x00\x00\x00\x00"
    "\xfc\xfc\xfc\xfc\x00\x00\x00\x00\xfe\xfe\xfe\xfe\x01\x01\x01\x01\xfc\xfc\xfc\xfc\x00\x00\x00\x00\xf8\xf8\xf8\xf8\x00\x00\x00\x00"
    "\x00\xe0\xff\xff\x00\x00\x00\x00\x00\xf8\xff\xff\x00\x00\x00\x00\x00\xf0\xff\xff\x00\x00\x00\x00\x00\xc0\xff\xff\x00\x00\x00\x00"
    "\xf0\xf0\xf0\xf0\x00\x00\x00\x00\xfc\xfc\xfc\xfc\x00\x00\x00\x00\xfc\xfc\xfc\xfc\x00\x00\x00\x00\xe0\xe0\xe0\xe0\x00\x00\x00\x00"
    "\x00\xfe\x00\xfe\x00\x00\x00\x00\x00\xff\x00\xff\x00\x00\x00\x00\x00\xff\x00\xff\x00\x00\x00\x00\x00\xfc\x00\xfc\x00\x00\x00\x00"
    "\xf0\xff\xff\xff\x00\x00\x00\x00\xfe\xff\xff\xff\x00\x00\x00\x00\xfd\xff\xff\xff\x02\x00\x00\x00\xe0\xff\xff\xff\x00\x00\x00\x00"
    "\xe0\xff\xff\xff\x00\x00\x00\x00\xe0\xff\xff\xff\x00\x00\x00\x00\xfe\xff\xff\xff\x01\x00\x00\x00\xc0\xff\xff\xff\x00\x00\x00\x00"
    "\xf0\xff\xff\xff\x00\x00\x00\x00\x81\xff\xff\xff\x00\x00\x00\x00\xe0\xff\xff\xff\x00\x00\x00\x00\x00\xff\xff\xff\x00\x00\x00\x00"
    "\xcf\xcf\xcf\xcf\x00\x00\x00\x00\xef\xef\xef\xef\x00\x00\x00\x00\xef\xef\xef\xef\x00\x00\x00\x00\x8f\x8f\x8f\x8f\x00\x00\x00\x00"
    "\xfd\xff\xff\xff\x00\x00\x00\x00\xfd\xff\xff\xff\x00\x00\x00\x00\xfd\xff\xff\xff\x00\x00\x00\x00\xf9\xff\xff\xff\x00\x00\x00\x00"
    "\x00\x00\xf8\xff\x00\x00\x00\x00\x00\x00\xfc\xff\x00\x00\x00\x00\x01\x00\xfe\xff\x00\x00\x00\x00\x00\x00\xf0\xff\x00\x00\x00\x00"
    "\x00\xfc\xff\xff\x00\x00\x00\x00\x00\xf8\xff\xff\x00\x00\x00\x00\x00\xfc\xff\xff\x00\x00\x00\x00\x00\xf0\xff\xff\x00\x00\x00\x00"
    "\x00\xfe\xff\xff\x00\x00\x00\x00\x01\xfe\xff\xff\x00\x00\x00\x00\xfd\xff\xff\xff\x02\x00\x00\x00\x00\xfc\xff\xff\x00\x00\x00\x00"
    "\x00\x00\xfe\xff\x00\x00\x00\x00\xfd\xff\xff\xff\x02\x00\x00\x00\x01\x00\xfe\xff\x00\x00\x00\x00\x00\x00\xfc\xff\x00\x00\x00\x00"
    "\x00\x20\xff\xff\x00\xdc\x00\x00\xff\x03\x90\xfc\x00\x00\x60\x03\xff\xfb\xff\xff\x00\x04\x00\x00\x00\x00\x80\xfc\x00\x00\x60\x03"
    "\x00\x00\x00\xf8\x00\x00\x00\x00\x01\xfe\x01\xfe\x00\x00\x00\x00\x00\xff\x00\xff\x00\x00\x00\x00\x00\x00\x00\xf0\x00\x00\x00\x00"
    "\x00\x00\x00\xff\x00\x00\x00\x00\xfe\xff\xff\xff\x01\x00\x00\x00\x00\x00\x00\xff\x00\x00\x00\x00\x00\x00\x00\xfe\x00\x00\x00\x00"
    "\x07\xfc\xff\xff\x00\x00\x00\x00\x03\xff\xff\xff\x00\x00\x00\x00\xe8\xff\xff\xff\x17\x00\x00\x00\x00\xf8\xff\xff\x03\x00\x00\x00"
    "\xff\xff\xe3\xff\x00\x00\x00\x00\xff\xff\x00\xfc\x00\x00\xff\x03\xff\x0f\xfc\xff\x00\x00\x00\x00\xff\x0f\x00\xf8\x00\x00\x00\x00"
    "\x80\xff\xff\xff\x00\x00\x00\x00\x80\xff\xff\xff\x00\x00\x00\x00\xfe\xff\xff\xff\x00\x00\x00\x00\x00\xff\xff\xff\x00\x00\x00\x00"
    "\xff\xff\x03\xfc\x00\x00\x00\x00\xff\x0f\xf0\xff\x00\x00\x00\x00\x3f\xc0\xff\xff\x00\x00\x00\x00\x3f\x00\x00\xf8\x00\x00\x00\x00"
    "\x01\x00\x80\xff\x00\x00\x00\x00\x00\x00\xc0\xff\x00\x00\x00\x00\xfd\xbf\xff\xff\x02\x40\x00\x00\x00\x00\x00\xff\x00\x00\x00\x00"
    "\x01\x00\x00\xf0\x00\x00\x00\x00\xff\xff\xf7\xfe\x00\x00\x08\x01\x07\x00\x00\xfe\x00\x00\x00\x00\x01\x00\x00\xe0\x00\x00\x00\x00"
    "\x00\x00\xfe\xff\x00\x00\x00\x00\x01\x00\xfe\xff\x00\x00\x00\x00\xfd\xff\xff\xff\x02\x00\x00\x00\x00\x00\xfc\xff\x00\x00\x00\x00"
    "\x00\xff\x00\xff\x00\x00\x00\x00\x01\xfe\x01\xfe\x00\x00\x00\x00\x00\xff\x00\xff\x00\x00\x00\x00\x00\xfc\x00\xfc\x00\x00\x00\x00"
    "\x00\x00\x00\xfc\x00\x00\x00\x00\x00\xff\x00\xff\x00\x00\x00\x00\xfd\xff\xfd\xff\x02\x00\x02\x00\x00\x00\x00\xf8\x00\x00\x00\x00"
    "\xfa\xff\xff\xff\x04\x00\x00\x00\xfe\xff\xff\xff\x00\x00\x00\x00\xfe\xff\xff\xff\x00\x00\x00\x00\xf8\xff\xff\xff\x04\x00\x00\x00"
    "\x00\x00\xfc\xff\x00\x00\x00\x00\x00\x00\xf8\xff\x00\x00\x00\x00\x00\x00\xfc\xff\x00\x00\x00\x00\x00\x00\xf0\xff\x00\x00\x00\x00"
    "\xff\x0f\xf8\xff\x00\x00\x00\x00\xff\xff\x03\xfe\x00\x00\x00\x00\x3f\xe0\xff\xff\x00\x00\x00\x00\x3f\x00\x00\xfc\x00\x00\x00\x00"
    "\xfb\xff\xff\xff\x00\x00\x00\x00\xfb\xff\xff\xff\x00\x00\x00\x00\xfb\xff\xff\xff\x00\x00\x00\x00\xf3\xff\xff\xff\x00\x00\x00\x00"
    "\xc0\xff\xff\xff\x00\x00\x00\x00\xfc\xff\xff\xff\x00\x00\x00\x00\xfe\xff\xff\xff\x00\x00\x00\x00\x80\xff\xff\xff\x00\x00\x00\x00"
    "\x0f\x00\xfe\xff\x00\x00\x00\x00\x0f\xc0\xff\xff\x00\x00\x00\x00\x0f\xf0\xff\xff\x00\x00\x00\x00\x0f\x00\xfc\xff\x00\x00\x00\x00"
    "\x00\xfe\xff\xff\x00\x00\x00\x00\xfe\xff\xff\xff\x01\x00\x00\x00\x00\xfe\xff\xff\x00\x00\x00\x00\x00\xfc\xff\xff\x00\x00\x00\x00"
    "\xf0\xff\xff\xff\x00\x00\x00\x00\xf0\xff\xff\xff\x00\x00\x00\x00\xfe\xff\xff\xff\x01\x00\x00\x00\xe0\xff\xff\xff\x00\x00\x00\x00"
    "\x00\xfe\xff\xff\x00\x00\x00\x00\x00\xfe\xff\xff\x00\x00\x00\x00\xfe\xff\xff\xff\x01\x00\x00\x00\x00\xfc\xff\xff\x00\x00\x00\x00"
    "\xfc\xff\xff\xff\x00\x00\x00\x00\xfd\xff\xff\xff\x02\x00\x00\x00\xfd\xff\xff\xff\x02\x00\x00\x00\xf8\xff\xff\xff\x04\x00\x00\x00"
    "\x00\x00\x00\xfc\x00\x00\x00\x00\xfd\xff\xfd\xff\x02\x00\x02\x00\x00\xff\x00\xff\x00\x00\x00\x00\x00\x00\x00\xf8\x00\x00\x00\x00"
    "\x00\xfe\xff\xff\x00\x00\x00\x00\x00\x80\xff\xff\x00\x00\x00\x00\x00\xc0\xff\xff\x00\x00\x00\x00\x00\x00\xff\xff\x00\x00\x00\x00"
    "\x01\x00\x00\xf8\x00\x00\x00\x00\x00\xff\x00\xff\x00\x00\x00\x00\x00\xff\x00\xff\x00\x00\x00\x00\x00\x00\x00\xf0\x00\x00\x00\x00"
    "\xf3\xff\xff\xff\x00\x00\x00\x00\xfb\xff\xff\xff\x00\x00\x00\x00\xfb\xff\xff\xff\x00\x00\x00\x00\xe3\xff\xff\xff\x00\x00\x00\x00"
    "\xe6\xff\xff\xff\x00\x00\x00\x00\xfe\xff\xff\xff\x00\x00\x00\x00\xfe\xff\xff\xff\x00\x00\x00\x00\xe4\xff\xff\xff\x00\x00\x00\x00"
    "\x00\x00\x00\xf8\x00\x00\x00\x00\x00\x00\x00\xfc\x00\x00\x00\x00\x01\x00\xfe\xff\x00\x00\x00\x00\x00\x00\x00\xf0\x00\x00\x00\x00"
    "\x00\xfe\xff\xff\x00\x00\x00\x00\xfd\xff\xff\xff\x02\x00\x00\x00\x01\xfe\xff\xff\x00\x00\x00\x00\x00\xfc\xff\xff\x00\x00\x00\x00"
    "\x00\xf8\xff\xff\x00\x00\x00\x00\x00\xf0\xff\xff\x00\x00\x00\x00\x00\xf8\xff\xff\x00\x00\x00\x00\x00\xe0\xff\xff\x00\x00\x00\x00"
    "\xff\x0f\x00\xfc\x00\x00\x00\x00\x3f\xe0\xff\xff\x00\x00\x00\x00\x80\xff\xff\xff\x00\x00\x00\x00\x00\x00\x00\xf8\x00\x00\x00\x00"
    "\x00\x00\x00\xf8\x00\x00\x00\x00\x01\x00\xfe\xff\x00\x00\x00\x00\x00\x00\x00\xfc\x00\x00\x00\x00\x00\x00\x00\xf0\x00\x00\x00\x00"
    "\xe8\xff\xff\xff\x10\x00\x00\x00\xfe\xff\xff\xff\x00\x00\x00\x00\xfe\xff\xff\xff\x00\x00\x00\x00\xe0\xff\xff\xff\x10\x00\x00\x00"
    "\x00\xfe\xff\xff\x00\x00\x00\x00\x00\xfc\xff\xff\x00\x00\x00\x00\x01\xfe\xff\xff\x00\x00\x00\x00\x00\xf8\xff\xff\x00\x00\x00\x00"
    "\xfb\xff\xff\xff\x00\x00\x00\x00\xc2\xff\xff\xff\x3d\x00\x00\x00\xf7\xff\xff\xff\x00\x00\x00\x00\x82\xff\xff\xff\x01\x00\x00\x00"
    "\x00\x80\xff\xff\x00\x00\x00\x00\x00\xe0\xff\xff\x00\x00\x00\x00\x00\xc0\xff\xff\x00\x00\x00\x00\x00\x00\xff\xff\x00\x00\x00\x00"
    "\x00\x00\x00\xf8\x00\x00\x00\x00\x00\xff\x00\xff\x00\x00\x00\x00\x01\xfe\x01\xfe\x00\x00\x00\x00\x00\x00\x00\xf0\x00\x00\x00\x00"
    "\x07\x00\xfc\xff\x00\x00\x00\x00\x03\x80\xff\xff\x00\x00\x00\x00\x01\xf0\xff\xff\x00\x00\x00\x00\x01\x00\xf8\xff\x00\x00\x00\x00"
    "\x00\x00\x00\xfc\x00\x00\x00\x00\x00\xfe\xff\xff\xff\x01\x00\x00\x01\x00\xfe\xff\x00\x00\x00\x00\x00\x00\x00\xf8\x00\x00\x00\x00"
    "\x01\x00\x00\xe0\x00\x00\x00\x00\x07\x00\x00\xfe\x00\x00\x00\x00\x03\x00\x00\xf8\x00\x00\x00\x00\x01\x00\x00\xc0\x00\x00\x00\x00"
    "\xf3\xff\xff\xff\x04\x00\x00\x00\xfb\xff\xff\xff\x04\x00\x00\x00\xf3\xff\xff\xff\x00\x00\x00\x00\xe3\xff\xff\xff\x00\x00\x00\x00"
    "\x00\x80\xff\xff\x00\x00\x00\x00\x00\x00\xff\xff\x00\x00\x00\x00\x03\xe0\xff\xff\x00\x00\x00\x00\x00\x00\xfe\xff\x00\x00\x00\x00"
    "\x00\xff\xff\xff\x00\x00\x00\x00\x6f\xff\xff\xff\x90\x00\x00\x00\xcf\xff\xff\xff\x00\x00\x00\x00\x00\xfe\xff\xff\x00\x00\x00\x00"
    "\xfc\xff\xff\xff\x00\x00\x00\x00\xf4\xff\xff\xff\x0a\x00\x00\x00\xfe\xff\xff\xff\x01\x00\x00\x00\xf0\xff\xff\xff\x08\x00\x00\x00"
    "\x0f\x00\xfe\xff\x00\x00\x00\x00\x3f\x69\xa3\x18\xc0\x96\x5c\xe7\xc1\xff\xff\xff\x00\x00\x00\x00\x01\x00\xa0\x18\x00\x00\x5c\xe7"
    "\xff\x03\xf8\xff\x00\x00\x00\x00\xff\xc3\xff\xff\x00\x3c\x00\x00\xff\x7f\xff\xff\x00\x00\x00\x00\xff\x03\xf0\xff\x00\x00\x00\x00"
    "\xf0\xff\xff\xff\x00\x00\x00\x00\xe0\xff\xff\xff\x00\x00\x00\x00\xf0\xff\xff\xff\x00\x00\x00\x00\xc0\xff\xff\xff\x00\x00\x00\x00"
    "\x00\x00\xf8\xff\x00\x00\x00\x00\x01\x00\xfc\xff\x00\x00\x00\x00\x00\x00\xff\xff\x00\x00\x00\x00\x00\x00\xf0\xff\x00\x00\x00\x00"
    "\xf0\xff\xff\xff\x00\x00\x00\x00\xf5\xff\xff\xff\x0a\x00\x00\x00\xfb\xff\xff\xff\x00\x00\x00\x00\xe0\xff\xff\xff\x00\x00\x00\x00"
    "\xc0\xff\xff\xff\x00\x00\x00\x00\xc0\xff\xff\xff\x00\x00\x00\x00\xfe\xff\xff\xff\x01\x00\x00\x00\x80\xff\xff\xff\x00\x00\x00\x00"
    "\x00\x00\x80\xff\x00\x00\x00\x00\x01\x00\x00\xff\x00\x00\x00\x00\x00\x00\xe0\xff\x00\x00\x00\x00\x00\x00\x00\xfe\x00\x00\x00\x00"
    "\x00\x00\xf0\xff\x00\x00\x00\x00\x00\x00\xe0\xff\x00\x00\x00\x00\x00\x00\xf0\xff\x00\x00\x00\x00\x00\x00\xc0\xff\x00\x00\x00\x00"
    "\x0e\x00\x00\xff\x01\x00\x00\x00\x03\xfc\xff\xff\x00\x00\x00\x00\x03\xff\xff\xff\x00\x00\x00\x00\x02\x00\x00\xfe\x01\x00\x00\x00"
    "\x00\x00\xc0\xff\x00\x00\x00\x00\x00\x00\x80\xff\x00\x00\x00\x00\xdf\xff\xff\xff\x20\x00\x00\x00\x00\x00\x00\xff\x00\x00\x00\x00"
    "\xfe\xff\xff\xff\x00\x00\x00\x00\xf6\xff\xff\xff\x08\x00\x00\x00\xfe\xff\xff\xff\x00\x00\x00\x00\xf4\xff\xff\xff\x08\x00\x00\x00"
    "\x00\xc0\xff\xff\x00\x00\x00\x00\x7f\xff\xff\xff\x80\x00\x00\x00\x7f\xc0\xff\xff\x00\x00\x00\x00\x00\x80\xff\xff\x00\x00\x00\x00"
    "\x03\xf8\xff\xff\x00\x00\x00\x00\x03\xfc\xff\xff\x00\x00\x00\x00\x03\xfc\xff\xff\x00\x00\x00\x00\x03\xf0\xff\xff\x00\x00\x00\x00"
    "\x00\xf0\xff\xff\x00\x00\x00\x00\x00\xe0\xff\xff\x00\x00\x00\x00\x00\xf0\xff\xff\x00\x00\x00\x00\x00\xc0\xff\xff\x00\x00\x00\x00"
    "\xc3\xff\xff\xff\x00\x00\x00\x00\xf0\xff\xff\xff\x00\x00\x00\x00\xfc\xff\xff\xff\x00\x00\x00\x00\x80\xff\xff\xff\x00\x00\x00\x00"
    "\x03\x80\xff\xff\x00\x00\x00\x00\x07\x00\xfc\xff\x00\x00\x00\x00\x01\xf0\xff\xff\x00\x00\x00\x00\x01\x00\xf8\xff\x00\x00\x00\x00"
    "\xf9\xff\xff\xff\x00\x00\x00\x00\xfd\xff\xff\xff\x00\x00\x00\x00\xfd\xff\xff\xff\x00\x00\x00\x00\xf1\xff\xff\xff\x00\x00\x00\x00"
    "\x07\x00\xc0\xff\x00\x00\x00\x00\x03\x00\xf8\xff\x00\x00\x00\x00\x01\xf0\xff\xff\x00\x00\x00\x00\x01\x00\x80\xff\x00\x00\x00\x00"
    "\x3f\x00\xc0\xff\x00\x00\x00\x00\x46\x86\xc8\x61\xb9\x79\x37\x9e\x00\xc0\xff\xff\x00\x00\x00\x00\x00\x00\x80\x61\x00\x00\x00\x9e"
    "\xe0\xe0\xe0\xe0\x00\x00\x00\x00\xf0\xf0\xf0\xf0\x00\x00\x00\x00\xf0\xf0\xf0\xf0\x00\x00\x00\x00\xc0\xc0\xc0\xc0\x00\x00\x00\x00"
    "\x00\x00\x00\xe0\x00\x00\x00\x00\xfe\xff\xff\xff\x01\x00\x00\x00\x00\x00\x00\xe0\x00\x00\x00\x00\x00\x00\x00\xc0\x00\x00\x00\x00"
    "\xe3\xff\xff\xff\x10\x00\x00\x00\xfb\xff\xff\xff\x00\x00\x00\x00\xf3\xff\xff\xff\x0c\x00\x00\x00\xc3\xff\xff\xff\x00\x00\x00\x00"
    "\x1f\xf8\xff\xff\x00\x00\x00\x00\x00\x00\x00\xe0\x00\x00\x00\x00\xff\x07\xff\xff\x00\x00\x00\x00\x00\x00\x00\xc0\x00\x00\x00\x00"
    "\x00\x20\xff\xff\x00\xdc\x00\x00\xff\x03\x90\xfc\x00\x00\x60\x03\xff\xdb\xff\xff\x00\x24\x00\x00\x00\x00\x80\xfc\x00\x00\x60\x03"
    "\xf4\xff\xff\xff\x00\x00\x00\x00\xfe\xff\xff\xff\x00\x00\x00\x00\xfe\xff\xff\xff\x00\x00\x00\x00\xf0\xff\xff\xff\x00\x00\x00\x00"
    "\xe3\xff\xff\xff\x00\x00\x00\x00\xfb\xff\xff\xff\x00\x00\x00\x00\xfb\xff\xff\xff\x00\x00\x00\x00\xc3\xff\xff\xff\x00\x00\x00\x00"
    "\x3f\x00\xc0\xff\x00\x00\x00\x00\xbf\xff\xff\xff\x40\x00\x00\x00\x3f\xff\xff\xff\x00\x00\x00\x00\x3f\x00\x80\xff\x00\x00\x00\x00"
    "\x00\x00\x00\xf8\x07\x00\x00\x00\x01\x00\x00\xfc\x00\x00\x00\x00\x01\x00\xfe\xff\x00\x00\x00\x00\x00\x00\x00\xf0\x01\x00\x00\x00"
    "\xc0\xff\xff\xff\x00\x00\x00\x00\xf9\xff\xff\xff\x06\x00\x00\x00\xfe\xff\xff\xff\x00\x00\x00\x00\x80\xff\xff\xff\x00\x00\x00\x00"
    "\x00\x00\xff\xff\x00\x00\x00\x00\x00\x00\xfe\xff\x00\x00\x00\x00\xfd\xff\xff\xff\x02\x00\x00\x00\x00\x00\xfc\xff\x00\x00\x00\x00"
    "\x0f\x00\xe0\xff\x00\x00\x00\x00\x01\x00\xf0\xff\x00\x00\x00\x00\x01\x00\xfc\xff\x00\x00\x00\x00\x01\x00\xc0\xff\x00\x00\x00\x00"
    "\x03\x80\xff\xff\x00\x00\x00\x00\xf8\xff\xff\xff\x07\x00\x00\x00\x01\xfc\xff\xff\x00\x00\x00\x00\x00\x00\xff\xff\x01\x00\x00\x00"
    "\xff\xff\x23\xfc\x00\x00\xc0\x03\xff\x0f\xf0\xff\x00\x00\x00\x00\x3f\xc0\xff\xff\x00\x00\x00\x00\x3f\x00\x00\xfc\x00\x00\xc0\x03"
    "\xe0\xff\xff\xff\x00\x00\x00\x00\xfb\xff\xff\xff\x00\x00\x00\x00\xef\xff\xff\xff\x00\x00\x00\x00\xc0\xff\xff\xff\x00\x00\x00\x00"
    "\xff\x00\xfe\xff\x00\x00\x00\x00\xff\x00\xff\xff\x00\x00\x00\x00\xff\x00\xff\xff\x00\x00\x00\x00\xff\x00\xfc\xff\x00\x00\x00\x00"
    "\xff\xff\x00\xfe\x00\x00\x00\x00\xff\xff\x00\xff\x00\x00\x00\x00\xff\xff\x00\xff\x00\x00\x00\x00\xff\xff\x00\xfc\x00\x00\x00\x00"
    "\xfe\xff\xff\xff\x00\x00\x00\x00\xf0\xff\xff\xff\x08\x00\x00\x00\x10\x00\x00\x00\xef\xff\xff\xff\x00\x00\x00\x00\xf0\xff\xff\xff"
    "\xf1\xff\xff\xff\x06\x00\x00\x00\xf3\xff\xff\xff\x00\x00\x00\x00\xfd\xff\xff\xff\x02\x00\x00\x00\xe3\xff\xff\xff\x00\x00\x00\x00"
    "\x07\x00\xe0\xff\x00\x00\x00\x00\x03\x00\x80\xff\x00\x00\x00\x00\x0f\x00\xc0\xff\x00\x00\x00\x00\x03\x00\x00\xff\x00\x00\x00\x00"
    "\xc0\xff\xff\xff\x00\x00\x00\x00\xfe\xff\xff\xff\x01\x00\x00\x00\xc0\xff\xff\xff\x00\x00\x00\x00\x80\xff\xff\xff\x00\x00\x00\x00"
    "\xfc\xfc\xfc\xfc\x00\x00\x00\x00\xfc\xfc\xfc\xfc\x00\x00\x00\x00\xfe\xfe\xfe\xfe\x01\x01\x01\x01\xf8\xf8\xf8\xf8\x00\x00\x00\x00"
    "\x07\xfc\xff\xff\x00\x00\x00\x00\x0f\xf8\xff\xff\x00\x00\x00\x00\x01\xff\xff\xff\x00\x00\x00\x00\x01\xf0\xff\xff\x00\x00\x00\x00"
    "\x07\x00\xe0\xff\x00\x00\x00\x00\x07\x00\x80\xff\x00\x00\x00\x00\x0f\x00\xc0\xff\x00\x00\x00\x00\x07\x00\x00\xff\x00\x00\x00\x00"
    "\xe0\xff\xff\xff\x00\x00\x00\x00\x81\xff\xff\xff\x00\x00\x00\x00\xf0\xff\xff\xff\x00\x00\x00\x00\x00\xff\xff\xff\x00\x00\x00\x00"
    "\x01\x00\x00\xf8\x00\x00\x00\x00\x01\x00\xfe\xff\x00\x00\x00\x00\x00\xfe\xff\xff\xff\x01\x00\x00\x00\x00\x00\xf0\x01\x00\x00\x00"
    "\x00\x00\xff\xff\x00\x00\x00\x00\x00\xff\xff\xff\x00\x00\x00\x00\xff\x00\xff\xff\x00\x00\x00\x00\x00\x00\xfe\xff\x00\x00\x00\x00"
    "\xff\xff\x03\xfe\x00\x00\x00\x00\xff\x0f\xf0\xff\x00\x00\x00\x00\x3f\xe0\xff\xff\x00\x00\x00\x00\x3f\x00\x00\xfc\x00\x00\x00\x00"
    "\xf8\xff\xff\xff\x00\x00\x00\x00\xf8\xff\xff\xff\x00\x00\x00\x00\xfe\xff\xff\xff\x01\x00\x00\x00\xf0\xff\xff\xff\x00\x00\x00\x00"
    "\xf8\xff\xff\xff\x00\x00\x00\x00\xfe\xff\xff\xff\x01\x00\x00\x00\xf8\xff\xff\xff\x00\x00\x00\x00\xf0\xff\xff\xff\x00\x00\x00\x00"
    "\x01\x00\xf0\xff\x00\x00\x00\x00\x03\x00\xf8\xff\x00\x00\x00\x00\x00\x00\xff\xff\x00\x00\x00\x00\x00\x00\xe0\xff\x00\x00\x00\x00"
    "\x00\xfc\xff\xff\x00\x00\x00\x00\xfd\xff\xff\xff\x02\x00\x00\x00\x03\xfc\xff\xff\x00\x00\x00\x00\x00\xf8\xff\xff\x00\x00\x00\x00"
    "\x0f\x00\xa0\x18\x00\x00\x5c\xe7\xc1\xff\xff\xff\x00\x00\x00\x00\x03\xf0\xff\xff\x00\x00\x00\x00\x01\x00\x80\x18\x00\x00\x40\xe7"
    "\xfc\xff\xff\xff\x00\x00\x00\x00\xc0\xff\xff\xff\x00\x00\x00\x00\xde\xff\xff\xff\x21\x00\x00\x00\x80\xff\xff\xff\x00\x00\x00\x00"
    "\x00\x00\x00\xfc\x00\x00\x00\x00\xfe\xff\xff\xff\x00\x00\x00\x00\xfe\xff\xff\xff\x00\x00\x00\x00\x00\x00\x00\xf8\x00\x00\x00\x00"
    "\xe4\xff\xff\xff\x00\x00\x00\x00\xfe\xff\xff\xff\x00\x00\x00\x00\xfe\xff\xff\xff\x00\x00\x00\x00\xe0\xff\xff\xff\x00\x00\x00\x00"
    "\xc0\xc0\xc0\xc0\x00\x00\x00\x00\xf0\xf0\xf0\xf0\x00\x00\x00\x00\xf0\xf0\xf0\xf0\x00\x00\x00\x00\x80\x80\x80\x80\x00\x00\x00\x00"
    "\xf0\xff\xff\xff\x00\x00\x00\x00\xfd\xff\xff\xff\x00\x00\x00\x00\xfd\xff\xff\xff\x00\x00\x00\x00\xe0\xff\xff\xff\x00\x00\x00\x00"
    "\x00\xf0\xff\xff\x00\x00\x00\x00\x00\xf8\xff\xff\x00\x00\x00\x00\xfb\xff\xff\xff\x04\x00\x00\x00\x00\xe0\xff\xff\x00\x00\x00\x00"
    "\x03\x00\x00\xfc\x00\x00\x00\x00\xf8\xff\xff\xff\x07\x00\x00\x00\xf3\xff\xff\xff\x08\x00\x00\x00\x00\x00\x00\xf8\x03\x00\x00\x00"
    "\x01\xfe\xff\xff\x22\x00\x00\x00\xfb\xff\xff\xff\x04\x00\x00\x00\x87\xff\xff\xff\x00\x00\x00\x00\x01\xfc\xff\xff\x02\x00\x00\x00"
    "\x01\xfe\xff\xff\x22\x00\x00\x00\xb7\xff\xff\xff\x48\x00\x00\x00\xe7\xff\xff\xff\x00\x00\x00\x00\x01\xfc\xff\xff\x02\x00\x00\x00"
    "\x01\xfe\xff\xff\x22\x00\x00\x00\xb3\xff\xff\xff\x4c\x00\x00\x00\xe7\xff\xff\xff\x00\x00\x00\x00\x01\xfc\xff\xff\x02\x00\x00\x00"
    "\x00\xfe\xff\xff\x00\x00\x00\x00\x00\x00\xfe\xff\x00\x00\x00\x00\x00\xfe\xff\xff\x00\x00\x00\x00\x00\x00\xfc\xff\x00\x00\x00\x00"
    "\xf7\xff\xff\xff\x00\x00\x00\x00\xe3\xff\xff\xff\x1c\x00\x00\x00\xef\xff\xff\xff\x10\x00\x00\x00\xc3\xff\xff\xff\x24\x00\x00\x00"
    "\x00\x00\xf0\xff\x00\x00\x00\x00\xfd\xff\xff\xff\x02\x00\x00\x00\x01\x00\xf0\xff\x00\x00\x00\x00\x00\x00\xe0\xff\x00\x00\x00\x00"
    "\x00\xc0\xff\xff\x00\x00\x00\x00\x00\x80\xff\xff\x00\x00\x00\x00\xdf\xff\xff\xff\x20\x00\x00\x00\x00\x00\xff\xff\x00\x00\x00\x00"
    "\xf8\xf8\xf8\xf8\x00\x00\x00\x00\xfe\xfe\xfe\xfe\x01\x01\x01\x01\xf8\xf8\xf8\xf8\x00\x00\x00\x00\xf0\xf0\xf0\xf0\x00\x00\x00\x00"
    "\x9e\xff\xff\xff\x41\x00\x00\x00\x09\xff\xff\xff\xf6\x00\x00\x00\xe0\xff\xff\xff\x00\x00\x00\x00\x80\xfe\xff\xff\x00\x01\x00\x00"
    "\xc0\xff\xff\xff\x00\x00\x00\x00\x00\xff\xff\xff\x00\x00\x00\x00\xf8\xff\xff\xff\x00\x00\x00\x00\x00\xfe\xff\xff\x00\x00\x00\x00"
    "\xf2\xff\xff\xff\x00\x00\x00\x00\xf7\xff\xff\xff\x00\x00\x00\x00\xfb\xff\xff\xff\x00\x00\x00\x00\xe2\xff\xff\xff\x00\x00\x00\x00"
    "\x00\x84\xc8\x61\x00\x78\x37\x9e\x3f\x00\xc0\xff\x00\x00\x00\x00\x00\xc0\xff\xff\x00\x00\x00\x00\x00\x00\x80\x61\x00\x00\x00\x9e"
    "\x06\x00\x80\x61\x39\x00\x00\x9e\x00\xc0\xff\xff\x00\x00\x00\x00\x00\xff\xff\xff\x00\x00\x00\x00\x00\x00\x00\x61\x00\x00\x00\x9e"
    "\x00\x00\x00\xfc\x00\x00\x00\x00\xfe\xff\xff\xff\x01\x00\x00\x00\x00\x00\x00\xfc\x00\x00\x00\x00\x00\x00\x00\xf8\x00\x00\x00\x00"
    "\xff\x07\xff\xff\x00\x00\x00\x00\x00\x00\x00\xe0\x00\x00\x00\x00\x1f\xf8\xff\xff\x00\x00\x00\x00\x00\x00\x00\xc0\x00\x00\x00\x00"
    "\x03\xfc\xff\xff\x00\x00\x00\x00\xfb\xff\xff\xff\x04\x00\x00\x00\x00\xfc\xff\xff\x00\x00\x00\x00\x00\xf8\xff\xff\x00\x00\x00\x00"
    "\x01\x80\xff\xff\x00\x00\x00\x00\x00\x00\xff\xff\x00\x00\x00\x00\x00\xe0\xff\xff\x00\x00\x00\x00\x00\x00\xfe\xff\x00\x00\x00\x00"
    "\xfe\xff\xff\xff\x00\x00\x00\x00\xf0\xff\xff\xff\x0f\x00\x00\x00\xf9\xff\xff\xff\x00\x00\x00\x00\xe0\xff\xff\xff\x00\x00\x00\x00"
    "\xc0\xff\xff\xff\x00\x00\x00\x00\xfe\xff\xff\xff\x00\x00\x00\x00\xf8\xff\xff\xff\x00\x00\x00\x00\x80\xff\xff\xff\x00\x00\x00\x00"
    "\xe0\xff\xff\xff\x00\x00\x00\x00\xc0\xff\xff\xff\x00\x00\x00\x00\xe0\xff\xff\xff\x00\x00\x00\x00\x80\xff\xff\xff\x00\x00\x00\x00"
    "\x03\x00\xfc\xff\x00\x00\x00\x00\xff\x53\xff\xff\x00\xac\x00\x00\x03\xe0\xff\xff\x00\x00\x00\x00\x03\x00\xf8\xff\x00\x00\x00\x00"
    "\xff\x0f\xf1\xff\x00\x00\x0e\x00\x3f\xc0\xff\xff\x00\x00\x00\x00\x00\xff\xff\xff\x00\x00\x00\x00\x00\x00\xf0\xff\x00\x00\x0e\x00"
    "\xff\x0f\x00\xfc\x00\x00\xc0\x03\x3f\xc0\xff\xff\x00\x00\x00\x00\x00\xff\xff\xff\x00\x00\x00\x00\x00\x00\x00\xf8\x00\x00\x00\x00"
    "\x03\x00\xf0\xff\x00\x00\x00\x00\xf3\xff\xff\xff\x0c\x00\x00\x00\x07\xfe\xff\xff\x00\x00\x00\x00\x03\x00\xe0\xff\x00\x00\x00\x00"
    "\x03\x00\x00\xf8\x00\x00\x00\x00\x01\x00\x00\xf0\x00\x00\x00\x00\x07\x00\x00\xfe\x00\x00\x00\x00\x01\x00\x00\xe0\x00\x00\x00\x00"
    "\xf0\xff\xff\xff\x00\x00\x00\x00\x00\xff\xff\xff\x00\x00\x00\x00\xd9\xff\xff\xff\x26\x00\x00\x00\x00\xfe\xff\xff\x00\x00\x00\x00"
    "\x00\x80\xff\xff\x00\x00\x00\x00\xfe\xff\xff\xff\x00\x00\x00\x00\x00\x80\xff\xff\x00\x00\x00\x00\x00\x00\xff\xff\x00\x00\x00\x00"
    "\x01\xfc\xff\xff\x00\x00\x00\x00\x03\xfc\xff\xff\x00\x00\x00\x00\xfb\xff\xff\xff\x04\x00\x00\x00\x01\xf8\xff\xff\x00\x00\x00\x00"
    "\xf0\xff\xff\xff\x01\x00\x00\x00\x80\xff\xff\xff\x00\x00\x00\x00\xf7\xff\xff\xff\x08\x00\x00\x00\x00\xff\xff\xff\x00\x00\x00\x00"
    "\xf0\xff\xff\xff\x01\x00\x00\x00\x80\xff\xff\xff\x00\x00\x00\x00\xf6\xff\xff\xff\x09\x00\x00\x00\x00\xff\xff\xff\x00\x00\x00\x00"
    "\xc0\xff\xff\xff\x00\x00\x00\x00\xfc\xff\xff\xff\x03\x00\x00\x00\xfc\xff\xff\xff\x00\x00\x00\x00\x80\xff\xff\xff\x00\x00\x00\x00"
    "\x03\x80\xff\xff\x00\x00\x00\x00\xee\xff\xff\xff\x11\x00\x00\x00\x01\xfc\xff\xff\x00\x00\x00\x00\x00\x00\xff\xff\x01\x00\x00\x00"
    "\xfa\xff\xff\xff\x00\x00\x00\x00\xfe\xff\xff\xff\x00\x00\x00\x00\xfe\xff\xff\xff\x00\x00\x00\x00\xf8\xff\xff\xff\x00\x00\x00\x00"
    "\xf7\xff\xff\xff\x00\x00\x00\x00\xf2\xff\xff\xff\x00\x00\x00\x00\xfb\xff\xff\xff\x00\x00\x00\x00\xe2\xff\xff\xff\x00\x00\x00\x00"
    "\xf0\xff\xff\xff\x00\x00\x00\x00\xfe\xff\xff\xff\x00\x00\x00\x00\x98\xff\xff\xff\x00\x00\x00\x00\x80\xff\xff\xff\x00\x00\x00\x00"
    "\xff\x03\xe0\xff\x00\x00\x00\x00\xff\x03\xf0\xff\x00\x00\x00\x00\xff\x03\xf0\xff\x00\x00\x00\x00\xff\x03\xc0\xff\x00\x00\x00\x00"
    "\xff\x0f\xf8\xff\x00\x00\x00\x00\xff\x80\xff\xff\x00\x00\x00\x00\x0f\xf8\xff\xff\x00\x00\x00\x00\x0f\x00\xf0\xff\x00\x00\x00\x00"
    "\x01\xf8\xff\xff\x00\x00\x00\x00\x03\x00\x80\xff\x00\x00\x00\x00\xf0\xff\xff\xff\x00\x00\x00\x00\x00\x00\x00\xff\x00\x00\x00\x00"
    "\x07\xf0\xff\xff\x00\x00\x00\x00\x01\xff\xff\xff\x00\x00\x00\x00\x03\xfe\xff\xff\x00\x00\x00\x00\x01\xe0\xff\xff\x00\x00\x00\x00"
    "\x1f\xc0\xff\xff\x00\x00\x00\x00\xd9\x57\xff\xff\x26\xa8\x00\x00\x00\xff\xff\xff\x00\x00\x00\x00\x00\x00\xff\xff\x00\x80\x00\x00"
    "\xc0\xff\xff\xff\x00\x00\x00\x00\xdf\xff\xff\xff\x20\x00\x00\x00\xe0\xff\xff\xff\x00\x00\x00\x00\x80\xff\xff\xff\x00\x00\x00\x00"
    "\xfe\xff\xff\xff\x00\x00\x00\x00\xf4\xff\xff\xff\x08\x00\x00\x00\xfe\xff\xff\xff\x00\x00\x00\x00\xf0\xff\xff\xff\x08\x00\x00\x00"
    "\xfe\xff\xff\xff\x00\x00\x00\x00\xe6\xff\xff\xff\x00\x00\x00\x00\xfe\xff\xff\xff\x00\x00\x00\x00\xe4\xff\xff\xff\x00\x00\x00\x00"
    "\xf0\xff\xff\xff\x00\x00\x00\x00\xfb\xff\xff\xff\x04\x00\x00\x00\xfe\xff\xff\xff\x00\x00\x00\x00\xe0\xff\xff\xff\x00\x00\x00\x00"
    "\xc0\xff\xff\xff\x30\x00\x00\x00\x81\xff\xff\xff\x00\x00\x00\x00\xcb\xff\xff\xff\x34\x00\x00\x00\x00\xff\xff\xff\x00\x00\x00\x00"
    "\x01\x00\x00\xf8\x00\x00\x00\x00\x00\x00\x00\xfe\x00\x00\x00\x00\xfe\xff\xff\xff\x01\x00\x00\x00\x00\x00\x00\xf0\x00\x00\x00\x00"
    "\xc9\xff\xff\xff\x02\x00\x00\x00\x83\xff\xff\xff\x20\x00\x00\x00\xf3\xff\xff\xff\x0c\x00\x00\x00\x01\xff\xff\xff\x02\x00\x00\x00"
    "\xc9\xff\xff\xff\x02\x00\x00\x00\x83\xff\xff\xff\x20\x00\x00\x00\xbf\xff\xff\xff\x40\x00\x00\x00\x01\xff\xff\xff\x02\x00\x00\x00"
    "\x01\x00\xf8\xff\x00\x00\x00\x00\x00\x00\xff\xff\x00\x00\x00\x00\x00\x00\xfc\xff\x00\x00\x00\x00\x00\x00\xf0\xff\x00\x00\x00\x00"
    "\x01\x00\xf8\xff\x00\x00\x00\x00\x00\x00\xfc\xff\x00\x00\x00\x00\x00\x00\xff\xff\x00\x00\x00\x00\x00\x00\xf0\xff\x00\x00\x00\x00"
    "\x00\x00\xf0\xff\x00\x00\x00\x00\x00\x00\xf8\xff\x00\x00\x00\x00\xf7\xff\xff\xff\x08\x00\x00\x00\x00\x00\xe0\xff\x00\x00\x00\x00"
    "\xf3\xff\xff\xff\x08\x00\x00\x00\x03\xfc\xff\xff\x00\x00\x00\x00\xf3\xff\xff\xff\x00\x00\x00\x00\x03\xf8\xff\xff\x00\x00\x00\x00"
    "\x03\xfc\xff\xff\x00\x00\x00\x00\x00\xfc\xff\xff\x00\x00\x00\x00\xfe\xff\xff\xff\x01\x00\x00\x00\x00\xf8\xff\xff\x00\x00\x00\x00"
    "\x00\xfc\xff\xff\x00\x00\x00\x00\x03\xfc\xff\xff\x00\x00\x00\x00\xfe\xff\xff\xff\x01\x00\x00\x00\x00\xf8\xff\xff\x00\x00\x00\x00"
    "\x00\x00\x00\xfe\x00\x00\x00\x00\xfe\xff\xff\xff\x01\x00\x00\x00\x00\x00\x00\xfe\x00\x00\x00\x00\x00\x00\x00\xfc\x00\x00\x00\x00"
    "\x00\x00\x00\xfe\x00\x00\x00\x00\x00\x00\x00\xfe\x00\x00\x00\x00\xfe\xff\xff\xff\x01\x00\x00\x00\x00\x00\x00\xfc\x00\x00\x00\x00"
    "\xc9\xff\xff\xff\x02\x00\x00\x00\x83\xff\xff\xff\x20\x00\x00\x00\xfd\xff\xff\xff\x02\x00\x00\x00\x03\xff\xff\xff\x00\x00\x00\x00"
    "\x01\xfe\xff\xff\x00\x00\x00\x00\xe1\xff\xff\xff\x1e\x00\x00\x00\xfd\xff\xff\xff\x02\x00\x00\x00\x01\xfc\xff\xff\x00\x00\x00\x00"
    "\xff\x03\xff\xff\x00\x00\x00\x00\xff\x7f\xff\xff\x00\x00\x00\x00\x00\xf8\xff\xff\x00\x00\x00\x00\x00\x00\xfe\xff\x00\x00\x00\x00"
    "\xfe\xff\xff\xff\x00\x00\x00\x00\x00\xff\xff\xff\x00\x00\x00\x00\x00\xff\xff\xff\x00\x00\x00\x00\x00\xfe\xff\xff\x00\x00\x00\x00"
    "\xc0\xff\xff\xff\x00\x00\x00\x00\xf7\xff\xff\xff\x00\x00\x00\x00\xfe\xff\xff\xff\x00\x00\x00\x00\x80\xff\xff\xff\x00\x00\x00\x00"
    "\xc1\xff\xff\xff\x00\x00\x00\x00\xf0\xff\xff\xff\x0f\x00\x00\x00\xfe\xff\xff\xff\x00\x00\x00\x00\x80\xff\xff\xff\x00\x00\x00\x00"
    "\xfe\xff\xff\xff\x00\x00\x00\x00\xfe\xff\xff\xff\x00\x00\x00\x00\xfa\xff\xff\xff\x05\x00\x00\x00\xf8\xff\xff\xff\x04\x00\x00\x00"
    "\xe1\xff\xff\xff\x00\x00\x00\x00\xf6\xff\xff\xff\x09\x00\x00\x00\xfd\xff\xff\xff\x00\x00\x00\x00\xc0\xff\xff\xff\x01\x00\x00\x00"
    "\xfe\xff\xff\xff\x00\x00\x00\x00\x00\x00\x00\xe0\x00\x00\x00\x00\xf7\xff\xff\xff\x08\x00\x00\x00\x00\x00\x00\xc0\x00\x00\x00\x00"
    "\xf4\xff\xff\xff\x0a\x00\x00\x00\xfc\xff\xff\xff\x00\x00\x00\x00\xfe\xff\xff\xff\x01\x00\x00\x00\xf0\xff\xff\xff\x08\x00\x00\x00"
    "\x03\x00\x00\xe0\x00\x00\x00\x00\xfb\xff\xff\xff\x00\x00\x00\x00\x83\xff\xff\xff\x00\x00\x00\x00\x03\x00\x00\xc0\x00\x00\x00\x00"
    "\x03\xc0\xff\xff\x00\x00\x00\x00\xf3\xff\xff\xff\x00\x00\x00\x00\xf8\xff\xff\xff\x07\x00\x00\x00\x00\x80\xff\xff\x03\x00\x00\x00"
    "\x0f\x00\x00\xe0\x00\x00\x00\x00\x01\x00\x00\xf0\x00\x00\x00\x00\x01\x00\x00\xfc\x00\x00\x00\x00\x01\x00\x00\xc0\x00\x00\x00\x00"
    "\x00\xfc\x00\xfc\x00\x00\x00\x00\x00\xff\x00\xff\x00\x00\x00\x00\x00\xff\x00\xff\x00\x00\x00\x00\x00\xf8\x00\xf8\x00\x00\x00\x00"
    "\x00\xe0\xff\xff\x00\x00\x00\x00\x00\x00\x00\xf0\x00\x00\x00\x00\xf7\xff\xff\xff\x08\x00\x00\x00\x00\x00\x00\xe0\x00\x00\x00\x00"
    "\x01\xfc\xff\xff\x02\x00\x00\x00\x87\xff\xff\xff\x00\x00\x00\x00\xfd\xff\xff\xff\x02\x00\x00\x00\x03\xf8\xff\xff\x00\x00\x00\x00"
    "\x01\xfc\xff\xff\x02\x00\x00\x00\x87\xff\xff\xff\x00\x00\x00\x00\xfc\xff\xff\xff\x03\x00\x00\x00\x02\xf8\xff\xff\x01\x00\x00\x00"
    "\xfe\xff\xff\xff\x00\x00\x00\x00\xf0\xff\xff\xff\x00\x00\x00\x00\xfe\xff\xff\xff\x00\x00\x00\x00\xe0\xff\xff\xff\x00\x00\x00\x00"
    "\xf0\xff\xff\xff\x00\x00\x00\x00\xc7\xff\xff\xff\x00\x00\x00\x00\xdf\xff\xff\xff\x00\x00\x00\x00\x80\xff\xff\xff\x00\x00\x00\x00"
    "\x1f\xff\xff\xff\x00\x00\x00\x00\xdf\xff\xff\xff\x00\x00\x00\x00\xdf\xff\xff\xff\x00\x00\x00\x00\x1f\xfe\xff\xff\x00\x00\x00\x00"
    "\x3f\x00\x00\xfe\x00\x00\x00\x00\x0f\x00\xf8\xff\x00\x00\x00\x00\x03\xe0\xff\xff\x00\x00\x00\x00\x03\x00\x00\xfc\x00\x00\x00\x00"
    "\xfe\xff\xff\xff\x00\x00\x00\x00\xe4\xff\xff\xff\x00\x00\x00\x00\xfe\xff\xff\xff\x00\x00\x00\x00\xe0\xff\xff\xff\x00\x00\x00\x00"
    "\xc3\xff\xff\xff\x00\x00\x00\x00\xc7\xff\xff\xff\x00\x00\x00\x00\xf7\xff\xff\xff\x08\x00\x00\x00\x83\xff\xff\xff\x00\x00\x00\x00"
    "\xf8\xff\xff\xff\x00\x00\x00\x00\xfe\xff\xff\xff\x00\x00\x00\x00\xfa\xff\xff\xff\x04\x00\x00\x00\xf0\xff\xff\xff\x00\x00\x00\x00"
    "\xf0\xff\xff\xff\x00\x00\x00\x00\x09\xff\xff\xff\xf6\x00\x00\x00\x9e\xff\xff\xff\x41\x00\x00\x00\x80\xfe\xff\xff\x00\x01\x00\x00"
    "\x00\x00\x00\xff\x00\x00\x00\x00\x00\x00\xff\xff\x00\x00\x00\x00\xfe\xff\xff\xff\x01\x00\x00\x00\x00\x00\x00\xfe\x00\x00\x00\x00"
    "\xf8\xff\xff\xff\x00\x00\x00\x00\xf0\xff\xff\xff\x00\x00\x00\x00\xfd\xff\xff\xff\x02\x00\x00\x00\xe0\xff\xff\xff\x00\x00\x00\x00"
    "\x83\xff\xff\xff\x20\x00\x00\x00\xc9\xff\xff\xff\x02\x00\x00\x00\xfd\xff\xff\xff\x02\x00\x00\x00\x03\xff\xff\xff\x00\x00\x00\x00"
    "\x83\xff\xff\xff\x20\x00\x00\x00\xc9\xff\xff\xff\x02\x00\x00\x00\xf3\xff\xff\xff\x0c\x00\x00\x00\x01\xff\xff\xff\x02\x00\x00\x00"
    "\x83\xff\xff\xff\x20\x00\x00\x00\xc9\xff\xff\xff\x02\x00\x00\x00\xbf\xff\xff\xff\x40\x00\x00\x00\x01\xff\xff\xff\x02\x00\x00\x00"
    "\x00\xf0\xff\xff\x00\x00\x00\x00\x00\xf8\xff\xff\x00\x00\x00\x00\xf7\xff\xff\xff\x08\x00\x00\x00\x00\xe0\xff\xff\x00\x00\x00\x00"
    "\xe3\xff\xff\xff\x00\x00\x00\x00\xfb\xff\xff\xff\x00\x00\x00\x00\xf8\xff\xff\xff\x07\x00\x00\x00\xc0\xff\xff\xff\x03\x00\x00\x00"
    "\x01\xfc\xff\xff\x00\x00\x00\x00\x00\x00\xfe\xff\x00\x00\x00\x00\x00\xfc\xff\xff\x00\x00\x00\x00\x00\x00\xfc\xff\x00\x00\x00\x00"
    "\x07\x00\x00\xf0\x00\x00\x00\x00\x07\x00\x00\xf8\x00\x00\x00\x00\xf7\xff\xff\xff\x00\x00\x00\x00\x07\x00\x00\xe0\x00\x00\x00\x00"
    "\x03\xfc\xff\xff\x00\x00\x00\x00\x00\x18\xff\xff\x00\xe0\x00\x00\xbf\xff\xff\xff\x40\x00\x00\x00\x00\x10\xff\xff\x00\xe0\x00\x00"
    "\x1f\xc0\xff\xff\x00\x00\x00\x00\x99\x57\xff\xff\x66\xa8\x00\x00\x00\xff\xff\xff\x00\x00\x00\x00\x00\x00\xff\xff\x00\x80\x00\x00"
    "\xfc\xff\xff\xff\x00\x00\x00\x00\xfe\xff\xff\xff\x00\x00\x00\x00\xfc\xff\xff\xff\x00\x00\x00\x00\xf8\xff\xff\xff\x00\x00\x00\x00"
    "\xfe\xff\xff\xff\x00\x00\x00\x00\x0a\xff\xff\xff\xf5\x00\x00\x00\xfe\xff\xff\xff\x00\x00\x00\x00\x08\xff\xff\xff\xf4\x00\x00\x00"
    "\xff\x7f\xff\xff\x00\x00\x00\x00\xff\x03\xff\xff\x00\x00\x00\x00\x00\xf8\xff\xff\x00\x00\x00\x00\x00\x00\xfe\xff\x00\x00\x00\x00"
    "\x01\xfe\xff\xff\x22\x00\x00\x00\x87\xff\xff\xff\x00\x00\x00\x00\xfd\xff\xff\xff\x02\x00\x00\x00\x03\xfc\xff\xff\x00\x00\x00\x00"
    "\x01\xfe\xff\xff\x22\x00\x00\x00\x87\xff\xff\xff\x00\x00\x00\x00\xfc\xff\xff\xff\x03\x00\x00\x00\x02\xfc\xff\xff\x01\x00\x00\x00"
    "\xe0\xff\xff\xff\x1e\x00\x00\x00\xe0\xff\xff\xff\x1c\x00\x00\x00\xe0\xff\xff\xff\x1e\x00\x00\x00\xa0\xff\xff\xff\x58\x00\x00\x00"
    "\xb7\xff\xff\xff\x48\x00\x00\x00\x07\xe0\xff\xff\x00\x00\x00\x00\xf5\xff\xff\xff\x0a\x00\x00\x00\x05\xc0\xff\xff\x02\x00\x00\x00"
    "\xf0\xff\xff\xff\x00\x00\x00\x00\xfe\xff\xff\xff\x00\x00\x00\x00\xfb\xff\xff\xff\x04\x00\x00\x00\xe0\xff\xff\xff\x00\x00\x00\x00"
    "\x00\xff\xff\xff\x00\x00\x00\x00\xfe\xcf\xff\xff\x01\x30\x00\x00\x00\xff\xff\xff\x00\x00\x00\x00\x00\xce\xff\xff\x00\x30\x00\x00"
    "\x03\x00\xe0\xff\x00\x00\x00\x00\x07\xfe\xff\xff\x00\x00\x00\x00\xef\xff\xff\xff\x10\x00\x00\x00\x03\x00\xc0\xff\x00\x00\x00\x00"
    "\xf2\xff\xff\xff\x01\x00\x00\x00\xfb\xff\xff\xff\x00\x00\x00\x00\xfb\xff\xff\xff\x04\x00\x00\x00\xe2\xff\xff\xff\x01\x00\x00\x00"
    "\x7f\x80\xff\xff\x00\x00\x00\x00\x01\x00\xf8\xff\x00\x00\x00\x00\x03\xfc\xff\xff\x00\x00\x00\x00\x01\x00\xf0\xff\x00\x00\x00\x00"
    "\xf9\xff\xff\xff\x00\x00\x00\x00\xfb\xff\xff\xff\x00\x00\x00\x00\xfb\xff\xff\xff\x00\x00\x00\x00\xf1\xff\xff\xff\x00\x00\x00\x00"
    "\x03\x00\x00\xfc\x00\x00\x00\x00\x00\x00\xff\xff\x00\x00\x00\x00\xfc\xff\xff\xff\x00\x00\x00\x00\x00\x00\x00\xf8\x00\x00\x00\x00"
    "\xfe\xff\xff\xff\x00\x00\x00\x00\xfe\xff\xff\xff\x01\x00\x00\x00\xfe\xff\xff\xff\x01\x00\x00\x00\xfc\xff\xff\xff\x02\x00\x00\x00";
static const unsigned char kBlob_bw64_0[] =
    "\x00\x00\x00\x00\xff\xff\xff\xff\x00\x00\x00\x00\x00\x00\x00\x00\x00\x00\x00\x00\xff\xff\xff\xff\x00\x00\x00\x00\x00\x00\x00\x00\xfe\xff\xff\xff\xff\xff\xff\xff\x00\x00\x00\x00\x00\x00\x00\x00\x00\x00\x00\x00\xfe\xff\xff\xff\x00\x00\x00\x00\x00\x00\x00\x00"
    "\x00\x00\xff\xff\xff\xff\xff\xff\x00\x00\x00\x00\x00\x00\x00\x00\x00\x00\xff\xff\xff\xff\xff\xff\x00\x00\x00\x00\x00\x00\x00\x00\xfe\xff\xff\xff\xff\xff\xff\xff\x00\x00\x00\x00\x00\x00\x00\x00\x00\x00\xfe\xff\xff\xff\xff\xff\x00\x00\x00\x00\x00\x00\x00\x00"
    "\x00\x00\x00\x00\xfe\xff\xff\xff\x00\x00\x00\x00\x00\x00\x00\x00\x00\x00\x00\x00\xff\xff\xff\xff\x00\x00\x00\x00\x00\x00\x00\x00\x00\x00\x00\x00\xff\xff\xff\xff\x00\x00\x00\x00\x00\x00\x00\x00\x00\x00\x00\x00\xfc\xff\xff\xff\x00\x00\x00\x00\x00\x00\x00\x00"
    "\x00\x00\x00\x00\xff\xff\xff\xff\x00\x00\x00\x00\x00\x00\x00\x00\x00\x00\x00\x80\xff\xff\xff\xff\x00\x00\x00\x00\x00\x00\x00\x00\x00\x00\x00\x80\xff\xff\xff\xff\x00\x00\x00\x00\x00\x00\x00\x00\x00\x00\x00\x00\xfe\xff\xff\xff\x00\x00\x00\x00\x00\x00\x00\x00"
    "\x00\x00\xff\xff\xff\xff\xff\xff\x00\x00\x00\x00\x00\x00\x00\x00\xfe\xff\xff\xff\xff\xff\xff\xff\x01\x00\x00\x00\x00\x00\x00\x00\x00\x00\xff\xff\xff\xff\xff\xff\x00\x00\x00\x00\x00\x00\x00\x00\x00\x00\xfe\xff\xff\xff\xff\xff\x00\x00\x00\x00\x00\x00\x00\x00"
    "\xfe\xff\xff\xff\xff\xff\xff\xff\x00\x00\x00\x00\x00\x00\x00\x00\xfe\xff\xff\xff\xff\xff\xff\xff\x00\x00\x00\x00\x00\x00\x00\x00\xfe\xff\xff\xff\xff\xff\xff\xff\x00\x00\x00\x00\x00\x00\x00\x00\xfc\xff\xff\xff\xff\xff\xff\xff\x00\x00\x00\x00\x00\x00\x00\x00"
    "\x00\x00\x00\x00\x00\x00\x00\xff\x00\x00\x00\x00\x00\x00\x00\x00\xf0\xf0\xf0\xf0\xf0\xf0\xf0\xf0\x00\x00\x00\x00\x00\x00\x00\x00\x00\x00\x00\x00\x00\x00\xff\xff\x00\x00\x00\x00\x00\x00\x00\x00\x00\x00\x00\x00\x00\x00\x00\xe0\x00\x00\x00\x00\x00\x00\x00\x00"
    "\x00\xff\xff\xff\xff\xff\xff\xff\x00\x00\x00\x00\x00\x00\x00\x00\x80\xff\xff\xff\xff\xff\xff\xff\x00\x00\x00\x00\x00\x00\x00\x00\x80\xff\xff\xff\xff\xff\xff\xff\x00\x00\x00\x00\x00\x00\x00\x00\x00\xfe\xff\xff\xff\xff\xff\xff\x00\x00\x00\x00\x00\x00\x00\x00"
    "\xfc\xff\xff\xff\xff\xff\xff\xff\x00\x00\x00\x00\x00\x00\x00\x00\xfe\xff\xff\xff\xff\xff\xff\xff\x00\x00\x00\x00\x00\x00\x00\x00\xfe\xff\xff\xff\xff\xff\xff\xff\x00\x00\x00\x00\x00\x00\x00\x00\xf8\xff\xff\xff\xff\xff\xff\xff\x00\x00\x00\x00\x00\x00\x00\x00"
    "\x03\x00\x00\x00\xc0\xff\xff\xff\x00\x00\x00\x00\x00\x00\x00\x00\x00\x00\x00\x00\xff\xff\xff\xff\x00\x00\x00\x00\x00\x00\x00\x00\x00\x00\x00\x00\xff\xff\xff\xff\x00\x00\x00\x00\x00\x00\x00\x00\x00\x00\x00\x00\x80\xff\xff\xff\x00\x00\x00\x00\x00\x00\x00\x00"
    "\x00\x00\xfe\xff\xff\xff\xff\xff\x00\x00\x00\x00\x00\x00\x00\x00\x00\x00\xff\xff\xff\xff\xff\xff\x00\x00\x00\x00\x00\x00\x00\x00\x00\x00\xff\xff\xff\xff\xff\xff\x00\x00\x00\x00\x00\x00\x00\x00\x00\x00\xfc\xff\xff\xff\xff\xff\x00\x00\x00\x00\x00\x00\x00\x00"
    "\x00\x00\x00\x00\x00\x00\x00\xf8\x00\x00\x00\x00\x00\x00\x00\x00\x9c\xff\xff\xff\xff\xff\xff\xff\x63\x00\x00\x00\x00\x00\x00\x00\x00\x00\x00\x00\x00\x00\x00\xff\x00\x00\x00\x00\x00\x00\x00\x00\x00\x00\x00\x00\x00\x00\x00\xf0\x00\x00\x00\x00\x00\x00\x00\x00"
    "\xf8\xff\xff\xff\xff\xff\xff\xff\x00\x00\x00\x00\x00\x00\x00\x00\xfe\xff\xff\xff\xff\xff\xff\xff\x00\x00\x00\x00\x00\x00\x00\x00\xfe\xff\xff\xff\xff\xff\xff\xff\x00\x00\x00\x00\x00\x00\x00\x00\xf0\xff\xff\xff\xff\xff\xff\xff\x00\x00\x00\x00\x00\x00\x00\x00"
    "\x00\x00\x00\x00\x00\x00\x00\xfc\x00\x00\x00\x00\x00\x00\x00\x00\x9c\xff\xff\xff\xff\xff\xff\xff\x63\x00\x00\x00\x00\x00\x00\x00\x00\x00\x00\x00\x00\x00\x00\xff\x00\x00\x00\x00\x00\x00\x00\x00\x00\x00\x00\x00\x00\x00\x00\xf8\x00\x00\x00\x00\x00\x00\x00\x00"
    "\x00\x00\x00\x80\xff\xff\xff\xff\x00\x00\x00\x00\x00\x00\x00\x00\x00\x00\x00\xfe\xff\xff\xff\xff\x00\x00\x00\x00\x00\x00\x00\x00\x00\xc0\xff\xff\xff\xff\xff\xff\x00\x00\x00\x00\x00\x00\x00\x00\x00\x00\x00\x00\xff\xff\xff\xff\x00\x00\x00\x00\x00\x00\x00\x00"
    "\x00\x00\x00\x00\x00\x00\x00\xff\x00\x00\x00\x00\x00\x00\x00\x00\xfe\xfe\xfe\xfe\xfe\xfe\xfe\xfe\x00\x00\x00\x00\x00\x00\x00\x00\x00\x00\x00\x00\x00\x00\xff\xff\x00\x00\x00\x00\x00\x00\x00\x00\x00\x00\x00\x00\x00\x00\x00\xfc\x00\x00\x00\x00\x00\x00\x00\x00"
    "\x00\x00\x00\x80\xff\xff\xff\xff\x00\x00\x00\x00\x00\x00\x00\x00\x00\x00\x00\x00\xff\xff\xff\xff\x00\x00\x00\x00\x00\x00\x00\x00\x00\x00\x00\x80\xff\xff\xff\xff\x00\x00\x00\x00\x00\x00\x00\x00\x00\x00\x00\x00\xfe\xff\xff\xff\x00\x00\x00\x00\x00\x00\x00\x00"
    "\xf0\xff\xff\xff\xff\xff\xff\xff\x00\x00\x00\x00\x00\x00\x00\x00\xfe\xff\xff\xff\xff\xff\xff\xff\x00\x00\x00\x00\x00\x00\x00\x00\xfe\xff\xff\xff\xff\xff\xff\xff\x00\x00\x00\x00\x00\x00\x00\x00\xe0\xff\xff\xff\xff\xff\xff\xff\x00\x00\x00\x00\x00\x00\x00\x00"
    "\xf0\xff\xff\xff\xff\xff\xff\xff\x00\x00\x00\x00\x00\x00\x00\x00\xf0\xff\xff\xff\xff\xff\xff\xff\x00\x00\x00\x00\x00\x00\x00\x00\xfe\xff\xff\xff\xff\xff\xff\xff\x01\x00\x00\x00\x00\x00\x00\x00\xe0\xff\xff\xff\xff\xff\xff\xff\x00\x00\x00\x00\x00\x00\x00\x00"
    "\x00\x00\x00\x00\x00\x00\x00\xe0\x00\x00\x00\x00\x00\x00\x00\x00\xfe\xff\xff\xff\xff\xff\xff\xff\x00\x00\x00\x00\x00\x00\x00\x00\x00\x00\x00\x00\x00\x00\x80\xff\x00\x00\x00\x00\x00\x00\x00\x00\x00\x00\x00\x00\x00\x00\x00\xc0\x00\x00\x00\x00\x00\x00\x00\x00"
    "\x00\x00\x00\x00\x00\x00\x00\xf8\x00\x00\x00\x00\x00\x00\x00\x00\xfe\xff\xff\xff\xff\xff\xff\xff\x01\x00\x00\x00\x00\x00\x00\x00\x00\x00\x00\x00\x00\x00\x00\xf8\x00\x00\x00\x00\x00\x00\x00\x00\x00\x00\x00\x00\x00\x00\x00\xf0\x00\x00\x00\x00\x00\x00\x00\x00"
    "\x00\x00\x00\x00\x00\xfe\xff\xff\x00\x00\x00\x00\x00\x00\x00\x00\x00\x00\xe0\xff\xff\xff\xff\xff\x00\x00\x00\x00\x00\x00\x00\x00\x07\x00\x00\x00\x00\xff\xff\xff\x00\x00\x00\x00\x00\x00\x00\x00\x00\x00\x00\x00\x00\xfc\xff\xff\x00\x00\x00\x00\x00\x00\x00\x00"
    "\x00\x00\x00\x00\x00\x00\xfe\xff\x00\x00\x00\x00\x00\x00\x00\x00\x00\x00\x00\x00\xfe\xff\xff\xff\x00\x00\x00\x00\x00\x00\x00\x00\x00\x00\x00\x00\xfe\xff\xff\xff\x00\x00\x00\x00\x00\x00\x00\x00\x00\x00\x00\x00\x00\x00\xfc\xff\x00\x00\x00\x00\x00\x00\x00\x00"
    "\x00\x00\xfc\xff\xff\xff\xff\xff\x00\x00\x00\x00\x00\x00\x00\x00\x00\x00\xff\xff\xff\xff\xff\xff\x00\x00\x00\x00\x00\x00\x00\x00\x00\x00\xff\xff\xff\xff\xff\xff\x00\x00\x00\x00\x00\x00\x00\x00\x00\x00\xf8\xff\xff\xff\xff\xff\x00\x00\x00\x00\x00\x00\x00\x00"
    "\x00\x00\x00\x00\x00\xe0\xff\xff\x00\x00\x00\x00\x00\x00\x00\x00\xe0\xe0\xe0\xe0\xe0\xe0\xe0\xf0\x00\x00\x00\x00\x00\x00\x00\x00\x00\x00\x00\xc0\xff\xff\xff\xff\x00\x00\x00\x00\x00\x00\x00\x00\x00\x00\x00\x00\x00\xc0\xe0\xf0\x00\x00\x00\x00\x00\x00\x00\x00"
    "\xe0\xff\xff\xff\xe0\xff\xff\xff\x00\x00\x00\x00\x00\x00\x00\x00\xe0\xff\xff\xff\xe0\xff\xff\xff\x00\x00\x00\x00\x00\x00\x00\x00\x00\x00\x00\x00\xff\xff\xff\xff\x00\x00\x00\x00\x00\x00\x00\x00\x00\x00\x00\x00\xc0\xff\xff\xff\x00\x00\x00\x00\x00\x00\x00\x00"
    "\x00\x00\xe0\xff\xff\xff\xff\xff\x00\x00\x00\x00\x00\x00\x00\x00\x00\x00\x00\x00\x00\xfe\xff\xff\x00\x00\x00\x00\x00\x00\x00\x00\x07\x00\x00\x00\x00\xff\xff\xff\x00\x00\x00\x00\x00\x00\x00\x00\x00\x00\x00\x00\x00\xfc\xff\xff\x00\x00\x00\x00\x00\x00\x00\x00"
    "\x00\x00\x00\x00\x00\x00\xff\xff\x00\x00\x00\x00\x00\x00\x00\x00\x00\x00\x00\x00\x00\x00\x00\xe0\x00\x00\x00\x00\x00\x00\x00\x00\x00\x00\x00\x00\xff\xff\xff\xff\x00\x00\x00\x00\x00\x00\x00\x00\x00\x00\x00\x00\x00\x00\x00\xc0\x00\x00\x00\x00\x00\x00\x00\x00"
    "\xee\xee\xee\xee\xee\xee\xee\xee\x00\x00\x00\x00\x00\x00\x00\x00\xee\xee\xee\xee\xee\xee\xee\xee\x00\x00\x00\x00\x00\x00\x00\x00\x00\x00\x00\x00\x00\x00\x00\xf0\x00\x00\x00\x00\x00\x00\x00\x00\x00\x00\x00\x00\x00\x00\x00\xc0\x00\x00\x00\x00\x00\x00\x00\x00"
    "\x00\x00\x00\x00\x00\xf8\xff\xff\x00\x00\x00\x00\x00\x00\x00\x00\x00\x00\x00\x00\x00\xfc\xff\xff\x00\x00\x00\x00\x00\x00\x00\x00\x00\x00\x00\x00\x00\xfc\xff\xff\x00\x00\x00\x00\x00\x00\x00\x00\x00\x00\x00\x00\x00\xf0\xff\xff\x00\x00\x00\x00\x00\x00\x00\x00"
    "\x00\x00\x00\x00\x00\xf0\xff\xff\x00\x00\x00\x00\x00\x00\x00\x00\x00\x00\x00\x00\x00\xfc\xff\xff\x00\x00\x00\x00\x00\x00\x00\x00\x00\x00\x00\x00\x00\xf8\xff\xff\x00\x00\x00\x00\x00\x00\x00\x00\x00\x00\x00\x00\x00\xe0\xff\xff\x00\x00\x00\x00\x00\x00\x00\x00"
    "\x3f\xc0\xff\xff\xff\xff\xff\xff\x00\x00\x00\x00\x00\x00\x00\x00\x46\x86\xc8\x61\xff\xff\xff\xff\xb9\x79\x37\x9e\x00\x00\x00\x00\xc0\xff\xff\xff\xff\xff\xff\xff\x00\x00\x00\x00\x00\x00\x00\x00\x00\x00\xc8\x61\xff\xff\xff\xff\x00\x00\x37\x9e\x00\x00\x00\x00"
    "\x00\xfe\xff\xff\xff\xff\xff\xff\x00\x00\x00\x00\x00\x00\x00\x00\x00\xff\xff\xff\xff\xff\xff\xff\x00\x00\x00\x00\x00\x00\x00\x00\x00\xff\xff\xff\xff\xff\xff\xff\x00\x00\x00\x00\x00\x00\x00\x00\x00\xfc\xff\xff\xff\xff\xff\xff\x00\x00\x00\x00\x00\x00\x00\x00"
    "\x00\x00\x00\x00\x00\xc0\xff\xff\x00\x00\x00\x00\x00\x00\x00\x00\x00\x00\x00\x00\x00\xfc\xff\xff\x00\x00\x00\x00\x00\x00\x00\x00\x00\x00\x00\x00\x00\xfc\xff\xff\x00\x00\x00\x00\x00\x00\x00\x00\x00\x00\x00\x00\x00\x80\xff\xff\x00\x00\x00\x00\x00\x00\x00\x00"
    "\x0f\x00\x00\x00\xfe\xff\xff\xff\x00\x00\x00\x00\x00\x00\x00\x00\x07\x00\x00\x00\xff\xff\xff\xff\x00\x00\x00\x00\x00\x00\x00\x00\x03\x00\x00\x00\xff\xff\xff\xff\x00\x00\x00\x00\x00\x00\x00\x00\x03\x00\x00\x00\xfc\xff\xff\xff\x00\x00\x00\x00\x00\x00\x00\x00"
    "\x00\xff\xff\xff\xff\xff\xff\xff\x00\x00\x00\x00\x00\x00\x00\x00\x00\xff\xff\xff\xff\xff\xff\xff\x00\x00\x00\x00\x00\x00\x00\x00\xfe\xff\xff\xff\xff\xff\xff\xff\x01\x00\x00\x00\x00\x00\x00\x00\x00\xfe\xff\xff\xff\xff\xff\xff\x00\x00\x00\x00\x00\x00\x00\x00"
    "\x00\xff\x00\xff\x00\xff\x00\xff\x00\x00\x00\x00\x00\x00\x00\x00\x00\xff\x00\xff\x00\xff\x00\xff\x00\x00\x00\x00\x00\x00\x00\x00\x00\x00\x00\x00\x00\x00\xff\xff\x00\x00\x00\x00\x00\x00\x00\x00\x00\x00\x00\x00\x00\x00\x00\xfe\x00\x00\x00\x00\x00\x00\x00\x00"
    "\x00\x00\x00\x00\xff\xff\xff\xff\x00\x00\x00\x00\x00\x00\x00\x00\xfe\xff\xff\xff\xff\xff\xff\xff\x00\x00\x00\x00\x00\x00\x00\x00\x00\x00\x00\x00\xff\xff\xff\xff\x00\x00\x00\x00\x00\x00\x00\x00\x00\x00\x00\x00\xfe\xff\xff\xff\x00\x00\x00\x00\x00\x00\x00\x00"
    "\x00\x00\x00\x00\x00\x00\x00\xe0\x00\x00\x00\x00\x00\x00\x00\x00\x00\x00\x00\x00\x00\x00\x00\xe0\x00\x00\x00\x00\x00\x00\x00\x00\xfe\xff\xff\xff\xff\xff\xff\xff\x00\x00\x00\x00\x00\x00\x00\x00\x00\x00\x00\x00\x00\x00\x00\xc0\x00\x00\x00\x00\x00\x00\x00\x00"
    "\x00\x00\x00\x00\x00\x00\x00\xf8\x00\x00\x00\x00\x00\x00\x00\x00\xfe\xff\xff\xff\xff\xff\xff\xff\x00\x00\x00\x00\x00\x00\x00\x00\x00\x00\x00\x00\x00\x00\x00\xfc\x00\x00\x00\x00\x00\x00\x00\x00\x00\x00\x00\x00\x00\x00\x00\xf0\x00\x00\x00\x00\x00\x00\x00\x00"
    "\xc0\xff\xff\xff\xff\xff\xff\xff\x00\x00\x00\x00\x00\x00\x00\x00\xc0\xff\xff\xff\xff\xff\xff\xff\x00\x00\x00\x00\x00\x00\x00\x00\xfe\xff\xff\xff\xff\xff\xff\xff\x01\x00\x00\x00\x00\x00\x00\x00\x80\xff\xff\xff\xff\xff\xff\xff\x00\x00\x00\x00\x00\x00\x00\x00"
    "\x00\x00\xf0\xff\xff\xff\xff\xff\x00\x00\x00\x00\x00\x00\x00\x00\x00\x00\x00\x00\x00\xf0\xff\xff\x00\x00\x00\x00\x00\x00\x00\x00\x00\x00\xf0\xff\xff\xff\xff\xff\x00\x00\x00\x00\x00\x00\x00\x00\x00\x00\x00\x00\x00\xe0\xff\xff\x00\x00\x00\x00\x00\x00\x00\x00"
    "\x00\x00\x00\x00\xfc\xff\xff\xff\x00\x00\x00\x00\x00\x00\x00\x00\x00\x00\x00\x00\xff\xff\xff\xff\x00\x00\x00\x00\x00\x00\x00\x00\x00\x00\x00\x00\xff\xff\xff\xff\x00\x00\x00\x00\x00\x00\x00\x00\x00\x00\x00\x00\xf8\xff\xff\xff\x00\x00\x00\x00\x00\x00\x00\x00"
    "\x00\x00\x00\x00\x00\xf8\xff\xff\x00\x00\x00\x00\x00\x00\x00\x00\x00\x00\x00\x00\x00\xc0\xff\xff\x00\x00\x00\x00\x00\x00\x00\x00\x00\x00\x00\x00\x00\xfc\xff\xff\x00\x00\x00\x00\x00\x00\x00\x00\x00\x00\x00\x00\x00\x80\xff\xff\x00\x00\x00\x00\x00\x00\x00\x00"
    "\x00\xf0\xff\xff\xff\xff\xff\xff\x00\x00\x00\x00\x00\x00\x00\x00\x00\xf8\xff\xff\xff\xff\xff\xff\x00\x00\x00\x00\x00\x00\x00\x00\x00\xf8\xff\xff\xff\xff\xff\xff\x00\x00\x00\x00\x00\x00\x00\x00\x00\xe0\xff\xff\xff\xff\xff\xff\x00\x00\x00\x00\x00\x00\x00\x00"
    "\x00\xfe\xff\xff\xff\xff\xff\xff\x00\x00\x00\x00\x00\x00\x00\x00\x00\xf8\xff\xff\xff\xff\xff\xff\x00\x00\x00\x00\x00\x00\x00\x00\x00\xff\xff\xff\xff\xff\xff\xff\x00\x00\x00\x00\x00\x00\x00\x00\x00\xf0\xff\xff\xff\xff\xff\xff\x00\x00\x00\x00\x00\x00\x00\x00"
    "\x00\x00\x00\x00\x00\x80\xff\xff\x00\x00\x00\x00\x00\x00\x00\x00\x00\x00\x00\x00\x00\xfc\xff\xff\x00\x00\x00\x00\x00\x00\x00\x00\x00\x00\x00\x00\x00\xc0\xff\xff\x00\x00\x00\x00\x00\x00\x00\x00\x00\x00\x00\x00\x00\x00\xff\xff\x00\x00\x00\x00\x00\x00\x00\x00"
    "\x00\x00\x00\x00\x00\x00\x00\xf8\x00\x00\x00\x00\x00\x00\x00\x00\x9b\xff\xff\xff\xff\xff\xff\xff\x64\x00\x00\x00\x00\x00\x00\x00\x00\x00\x00\x00\x00\x00\x80\xff\x00\x00\x00\x00\x00\x00\x00\x00\x00\x00\x00\x00\x00\x00\x00\xf0\x00\x00\x00\x00\x00\x00\x00\x00"
    "\xff\xff\x07\xe0\xff\xff\xff\xff\x00\x00\x00\x00\x00\x00\x00\x00\xff\xff\xff\x07\xe0\xff\xff\xff\x00\x00\x00\x00\x00\x00\x00\x00\xff\x07\xe0\xff\xff\xff\xff\xff\x00\x00\x00\x00\x00\x00\x00\x00\xff\x07\x00\x00\xc0\xff\xff\xff\x00\x00\x00\x00\x00\x00\x00\x00"
    "\x07\x00\x00\x00\xfc\xff\xff\xff\x00\x00\x00\x00\x00\x00\x00\x00\x03\x00\x00\x00\xff\xff\xff\xff\x00\x00\x00\x00\x00\x00\x00\x00\xc0\xff\xff\xff\xff\xff\xff\xff\x3f\x00\x00\x00\x00\x00\x00\x00\x00\x00\x00\x00\xf8\xff\xff\xff\x03\x00\x00\x00\x00\x00\x00\x00"
    "\x00\x00\xf8\xff\xff\xff\xff\xff\x00\x00\x00\x00\x00\x00\x00\x00\x00\x00\xff\xff\xff\xff\xff\xff\x00\x00\x00\x00\x00\x00\x00\x00\x00\x00\xff\xff\xff\xff\xff\xff\x00\x00\x00\x00\x00\x00\x00\x00\x00\x00\xf0\xff\xff\xff\xff\xff\x00\x00\x00\x00\x00\x00\x00\x00"
    "\x00\x00\x00\x00\x00\x00\xf8\xff\x00\x00\x00\x00\x00\x00\x00\x00\x00\x00\x00\x00\x00\xfe\xff\xff\x00\x00\x00\x00\x00\x00\x00\x00\x00\x00\x00\x00\x00\xfe\xff\xff\x00\x00\x00\x00\x00\x00\x00\x00\x00\x00\x00\x00\x00\x00\xf0\xff\x00\x00\x00\x00\x00\x00\x00\x00"
    "\x00\x00\xe0\xff\xff\xff\xff\xff\x00\x00\x00\x00\x00\x00\x00\x00\x00\x00\x00\x00\x00\xfc\xff\xff\x00\x00\x00\x00\x00\x00\x00\x00\xff\xff\xef\xff\xff\xff\xff\xff\x00\x00\x10\x00\x00\x00\x00\x00\x00\x00\x00\x00\x00\xf8\xff\xff\x00\x00\x00\x00\x00\x00\x00\x00"
    "\x00\x00\x00\x00\xf0\xff\xff\xff\x00\x00\x00\x00\x00\x00\x00\x00\x00\x00\x00\x00\xf8\xff\xff\xff\x00\x00\x00\x00\x00\x00\x00\x00\x00\x00\x00\x00\xf8\xff\xff\xff\x00\x00\x00\x00\x00\x00\x00\x00\x00\x00\x00\x00\xe0\xff\xff\xff\x00\x00\x00\x00\x00\x00\x00\x00"
    "\x00\x00\x00\x00\x00\x00\x00\xff\x00\x00\x00\x00\x00\x00\x00\x00\x00\xff\xff\xff\xff\xff\xff\xff\x00\x00\x00\x00\x00\x00\x00\x00\x00\xff\xff\xff\xff\xff\xff\xff\x00\x00\x00\x00\x00\x00\x00\x00\x00\x00\x00\x00\x00\x00\x00\xfe\x00\x00\x00\x00\x00\x00\x00\x00"
    "\x00\x00\x00\x00\x00\x00\xf0\xff\x00\x00\x00\x00\x00\x00\x00\x00\x00\x00\x00\x00\x00\x00\xf0\xff\x00\x00\x00\x00\x00\x00\x00\x00\xfe\xff\xff\xff\xff\xff\xff\xff\x00\x00\x00\x00\x00\x00\x00\x00\x00\x00\x00\x00\x00\x00\xe0\xff\x00\x00\x00\x00\x00\x00\x00\x00"
    "\x00\x00\x00\x00\x00\x00\xf8\xff\x00\x00\x00\x00\x00\x00\x00\x00\x00\x00\x00\x00\x00\x00\x00\xe0\x00\x00\x00\x00\x00\x00\x00\x00\x07\x00\x00\x00\x00\xff\xff\xff\x00\x00\x00\x00\x00\x00\x00\x00\x00\x00\x00\x00\x00\x00\x00\xc0\x00\x00\x00\x00\x00\x00\x00\x00"
    "\x00\x00\xe0\xff\xff\xff\xff\xff\x00\x00\x00\x00\x00\x00\x00\x00\x07\x00\x00\x00\x00\x00\xfc\xff\x00\x00\x00\x00\x00\x00\x00\x00\x00\x00\x00\x00\x00\xfe\xff\xff\x00\x00\x00\x00\x00\x00\x00\x00\x00\x00\x00\x00\x00\x00\xf8\xff\x00\x00\x00\x00\x00\x00\x00\x00"
    "\x00\xfc\xff\xff\xff\xff\xff\xff\x00\x00\x00\x00\x00\x00\x00\x00\x00\xfc\xff\xff\xff\xff\xff\xff\x00\x00\x00\x00\x00\x00\x00\x00\xfe\xff\xff\xff\xff\xff\xff\xff\x01\x00\x00\x00\x00\x00\x00\x00\x00\xf8\xff\xff\xff\xff\xff\xff\x00\x00\x00\x00\x00\x00\x00\x00"
    "\x00\x00\x00\x00\x00\x80\xff\xff\x00\x00\x00\x00\x00\x00\x00\x00\x00\x00\x00\x00\x00\x00\xff\xff\x00\x00\x00\x00\x00\x00\x00\x00\x03\x00\x00\x00\x00\xe0\xff\xff\x00\x00\x00\x00\x00\x00\x00\x00\x00\x00\x00\x00\x00\x00\xfe\xff\x00\x00\x00\x00\x00\x00\x00\x00"
    "\xfe\xfe\xfe\xfe\xfe\xfe\xfe\xff\x00\x00\x00\x00\x00\x00\x00\x00\xfe\xfe\xfe\xfe\xfe\xfe\xfe\xfe\x00\x00\x00\x00\x00\x00\x00\x00\xfc\xfc\xfc\xfc\xfc\xfe\xff\xff\x00\x00\x00\x00\x00\x00\x00\x00\xf8\xf8\xf8\xf8\xf8\xfc\xfc\xfe\x00\x00\x00\x00\x00\x00\x00\x00"
    "\xf8\xff\xff\xff\xff\xff\xff\xff\x00\x00\x00\x00\x00\x00\x00\x00\xf8\xff\xff\xff\xff\xff\xff\xff\x00\x00\x00\x00\x00\x00\x00\x00\xfe\xff\xff\xff\xff\xff\xff\xff\x01\x00\x00\x00\x00\x00\x00\x00\xf0\xff\xff\xff\xff\xff\xff\xff\x00\x00\x00\x00\x00\x00\x00\x00"
    "\x00\x00\x00\x00\x00\x00\x00\xf0\x00\x00\x00\x00\x00\x00\x00\x00\x00\x00\x00\x00\x00\x00\x00\xf8\x00\x00\x00\x00\x00\x00\x00\x00\x00\x00\x00\x00\x00\x00\x00\xf8\x00\x00\x00\x00\x00\x00\x00\x00\x00\x00\x00\x00\x00\x00\x00\xe0\x00\x00\x00\x00\x00\x00\x00\x00"
    "\x00\xfc\xff\xff\xff\xff\xff\xff\x00\x00\x00\x00\x00\x00\x00\x00\x00\xff\xff\xff\xff\xff\xff\xff\x00\x00\x00\x00\x00\x00\x00\x00\x00\xff\xff\xff\xff\xff\xff\xff\x00\x00\x00\x00\x00\x00\x00\x00\x00\xf8\xff\xff\xff\xff\xff\xff\x00\x00\x00\x00\x00\x00\x00\x00"
    "\xfe\xff\xff\xff\xff\xff\xff\xff\x00\x00\x00\x00\x00\x00\x00\x00\x00\xff\xff\xff\xff\xff\xff\xff\x00\x00\x00\x00\x00\x00\x00\x00\xfd\xff\xff\xff\xff\xff\xff\xff\x00\x00\x00\x00\x00\x00\x00\x00\x00\xfe\xff\xff\xff\xff\xff\xff\x00\x00\x00\x00\x00\x00\x00\x00"
    "\x00\x00\x00\x00\xf8\xff\xff\xff\x00\x00\x00\x00\x00\x00\x00\x00\x00\x00\x00\x00\xff\xff\xff\xff\x00\x00\x00\x00\x00\x00\x00\x00\x00\x00\x00\x00\xff\xff\xff\xff\x00\x00\x00\x00\x00\x00\x00\x00\x00\x00\x00\x00\xf0\xff\xff\xff\x00\x00\x00\x00\x00\x00\x00\x00"
    "\x00\x00\x00\x00\xc0\xff\xff\xff\x00\x00\x00\x00\x00\x00\x00\x00\x00\x00\x00\x80\xff\xff\xff\xff\x00\x00\x00\x00\x00\x00\x00\x00\x00\x00\xff\xff\xff\xff\xff\xff\x00\x00\x00\x00\x00\x00\x00\x00\x00\x00\x00\x00\x80\xff\xff\xff\x00\x00\x00\x00\x00\x00\x00\x00"
    "\x07\x00\x00\x00\xf8\xff\xff\xff\x00\x00\x00\x00\x00\x00\x00\x00\xd7\xff\xff\xff\xff\xff\xff\xff\x28\x00\x00\x00\x00\x00\x00\x00\x03\x00\x00\x00\xfc\xff\xff\xff\x00\x00\x00\x00\x00\x00\x00\x00\x03\x00\x00\x00\xf0\xff\xff\xff\x00\x00\x00\x00\x00\x00\x00\x00"
    "\x00\x00\x00\x00\x00\xfe\xff\xff\x00\x00\x00\x00\x00\x00\x00\x00\x00\xff\xff\xff\xff\xff\xff\xff\x00\x00\x00\x00\x00\x00\x00\x00\x00\xff\xff\xff\xff\xff\xff\xff\x00\x00\x00\x00\x00\x00\x00\x00\x00\x00\x00\x00\x00\xfc\xff\xff\x00\x00\x00\x00\x00\x00\x00\x00"
    "\x00\x00\x00\x00\x00\xfc\xff\xff\x00\x00\x00\x00\x00\x00\x00\x00\x07\x00\x00\x00\x00\xff\xff\xff\x00\x00\x00\x00\x00\x00\x00\x00\x00\x00\x00\x00\x00\xfe\xff\xff\x00\x00\x00\x00\x00\x00\x00\x00\x00\x00\x00\x00\x00\xf8\xff\xff\x00\x00\x00\x00\x00\x00\x00\x00"
    "\x07\x00\x00\x00\xf8\xff\xff\xff\x00\x00\x00\x00\x00\x00\x00\x00\x87\xff\xff\xff\xff\xff\xff\xff\x78\x00\x00\x00\x00\x00\x00\x00\x03\x00\xf0\xff\xff\xff\xff\xff\x00\x00\x00\x00\x00\x00\x00\x00\x03\x00\x00\x00\xf0\xff\xff\xff\x00\x00\x00\x00\x00\x00\x00\x00"
    "\x00\x00\x00\x00\x00\x00\x00\xfc\x00\x00\x00\x00\x00\x00\x00\x00\x00\x00\x00\x00\x00\x00\x00\xfc\x00\x00\x00\x00\x00\x00\x00\x00\xfe\xff\xff\xff\xff\xff\xff\xff\x00\x00\x00\x00\x00\x00\x00\x00\x00\x00\x00\x00\x00\x00\x00\xf8\x00\x00\x00\x00\x00\x00\x00\x00"
    "\x00\x00\x00\x00\x00\xfe\xff\xff\x00\x00\x00\x00\x00\x00\x00\x00\x00\x00\x00\x00\x00\x00\x00\xf0\x00\x00\x00\x00\x00\x00\x00\x00\x07\x00\x00\x00\x00\xff\xff\xff\x00\x00\x00\x00\x00\x00\x00\x00\x00\x00\x00\x00\x00\x00\x00\xe0\x00\x00\x00\x00\x00\x00\x00\x00"
    "\x00\x00\x00\x00\xff\xff\xff\xff\x00\x00\x00\x00\x00\x00\x00\x00\x00\x00\x00\x00\xfc\xff\xff\xff\x00\x00\x00\x00\x00\x00\x00\x00\x00\x00\x00\x00\xff\xff\xff\xff\x00\x00\x00\x00\x00\x00\x00\x00\x00\x00\x00\x00\xf8\xff\xff\xff\x00\x00\x00\x00\x00\x00\x00\x00"
    "\x00\x00\x00\x00\x00\x00\x00\xfc\x00\x00\x00\x00\x00\x00\x00\x00\x9b\xff\xff\xff\xff\xff\xff\xff\x64\x00\x00\x00\x00\x00\x00\x00\x00\x00\x00\x00\x00\x00\x80\xff\x00\x00\x00\x00\x00\x00\x00\x00\x00\x00\x00\x00\x00\x00\x00\xf8\x00\x00\x00\x00\x00\x00\x00\x00"
    "\x00\x00\x00\xe0\xff\xff\xff\xff\x00\x00\x00\x00\x00\x00\x00\x00\xfb\xff\xff\xff\xff\xff\xff\xff\x04\x00\x00\x00\x00\x00\x00\x00\xf8\xff\xff\xff\xff\xff\xff\xff\x00\x00\x00\x00\x00\x00\x00\x00\x00\x00\x00\xc0\xff\xff\xff\xff\x00\x00\x00\x00\x00\x00\x00\x00"
    "\x03\x00\x00\x00\xc0\xff\xff\xff\x00\x00\x00\x00\x00\x00\x00\x00\x0f\x00\x00\x00\x00\xf0\xff\xff\x00\x00\x00\x00\x00\x00\x00\x00\x00\x00\x00\x00\xff\xff\xff\xff\x00\x00\x00\x00\x00\x00\x00\x00\x00\x00\x00\x00\x00\xe0\xff\xff\x00\x00\x00\x00\x00\x00\x00\x00"
    "\x00\xc0\xff\xff\xff\xff\xff\xff\x00\x00\x00\x00\x00\x00\x00\x00\x00\x00\xff\xff\xff\xff\xff\xff\x00\x00\x00\x00\x00\x00\x00\x00\x00\xff\xff\xff\xff\xff\xff\xff\x00\x00\x00\x00\x00\x00\x00\x00\x00\x00\xfe\xff\xff\xff\xff\xff\x00\x00\x00\x00\x00\x00\x00\x00"
    "\x00\x00\x00\x00\x80\xff\xff\xff\x00\x00\x00\x00\x00\x00\x00\x00\xff\xff\x00\x00\xff\xff\xff\xff\x00\x00\x00\x00\x00\x00\x00\x00\x00\x00\xff\xff\xff\xff\xff\xff\x00\x00\x00\x00\x00\x00\x00\x00\x00\x00\x00\x00\x00\xff\xff\xff\x00\x00\x00\x00\x00\x00\x00\x00"
    "\x07\x00\x00\x00\x00\xfe\xff\xff\x00\x00\x00\x00\x00\x00\x00\x00\x72\xfc\xff\xff\xff\xff\xff\xff\x8d\x03\x00\x00\x00\x00\x00\x00\x00\x00\x00\x00\xff\xff\xff\xff\x00\x00\x00\x00\x00\x00\x00\x00\x00\x00\x00\x00\x00\xfc\xff\xff\x00\x00\x00\x00\x00\x00\x00\x00"
    "\x00\x00\xff\xff\xff\xff\xff\xff\x00\x00\x00\x00\x00\x00\x00\x00\x00\x80\xff\xff\xff\xff\xff\xff\x00\x00\x00\x00\x00\x00\x00\x00\x00\x80\xff\xff\xff\xff\xff\xff\x00\x00\x00\x00\x00\x00\x00\x00\x00\x00\xfe\xff\xff\xff\xff\xff\x00\x00\x00\x00\x00\x00\x00\x00"
    "\x00\x00\x00\x00\x00\x80\xff\xff\x00\x00\x00\x00\x00\x00\x00\x00\x00\x00\x00\x00\x00\xc0\xff\xff\x00\x00\x00\x00\x00\x00\x00\x00\x00\x00\x00\x00\x00\xfc\xff\xff\x00\x00\x00\x00\x00\x00\x00\x00\x00\x00\x00\x00\x00\x00\xff\xff\x00\x00\x00\x00\x00\x00\x00\x00"
    "\x00\x00\x00\x00\x00\x00\xff\xff\x00\x00\x00\x00\x00\x00\x00\x00\x00\x00\x00\x00\x00\x00\x00\xfc\x00\x00\x00\x00\x00\x00\x00\x00\x00\x00\x00\x00\xff\xff\xff\xff\x00\x00\x00\x00\x00\x00\x00\x00\x00\x00\x00\x00\x00\x00\x00\xf8\x00\x00\x00\x00\x00\x00\x00\x00"
    "\x00\x00\x00\x00\x00\x00\x00\xf8\x00\x00\x00\x00\x00\x00\x00\x00\x00\x00\x00\x00\x00\x00\x00\xf8\x00\x00\x00\x00\x00\x00\x00\x00\xfe\xff\xff\xff\xff\xff\xff\xff\x01\x00\x00\x00\x00\x00\x00\x00\x00\x00\x00\x00\x00\x00\x00\xf0\x00\x00\x00\x00\x00\x00\x00\x00"
    "\xff\xff\x07\x00\xc0\xff\xff\xff\x00\x00\x00\x00\x00\x00\x00\x00\xff\x07\xe0\xff\xff\xff\xff\xff\x00\x00\x00\x00\x00\x00\x00\x00\x07\xe0\xff\xff\xff\xff\xff\xff\x00\x00\x00\x00\x00\x00\x00\x00\x07\x00\x00\x00\x80\xff\xff\xff\x00\x00\x00\x00\x00\x00\x00\x00"
    "\x7f\x00\x00\x80\xff\xff\xff\xff\x00\x00\x00\x00\x00\x00\x00\x00\x00\xff\xff\xff\xff\xff\xff\xff\x00\x00\x00\x00\x00\x00\x00\x00\xff\xff\xff\xfd\xff\xff\xff\xff\x00\x00\x00\x02\x00\x00\x00\x00\x00\x00\x00\x00\xff\xff\xff\xff\x00\x00\x00\x00\x00\x00\x00\x00"
    "\x00\x00\x00\x00\x00\x00\xf8\xff\x00\x00\x00\x00\x00\x00\x00\x00\x00\x00\x00\x00\x00\x00\xf8\xff\x00\x00\x00\x00\x00\x00\x00\x00\xfe\xff\xff\xff\xff\xff\xff\xff\x00\x00\x00\x00\x00\x00\x00\x00\x00\x00\x00\x00\x00\x00\xf0\xff\x00\x00\x00\x00\x00\x00\x00\x00"
    "\x00\x00\x00\x00\xff\xff\xff\xff\x00\x00\x00\x00\x00\x00\x00\x00\x00\x00\x00\x00\xfe\xff\xff\xff\x00\x00\x00\x00\x00\x00\x00\x00\x00\x00\x00\x00\xff\xff\xff\xff\x00\x00\x00\x00\x00\x00\x00\x00\x00\x00\x00\x00\xfc\xff\xff\xff\x00\x00\x00\x00\x00\x00\x00\x00"
    "\x00\x00\x00\x00\x00\xf8\xff\xff\x00\x00\x00\x00\x00\x00\x00\x00\xff\xff\x0f\x00\x00\x00\xf0\xff\x00\x00\x00\x00\x00\x00\x00\x00\x00\x00\xfc\xff\xff\xff\xff\xff\x00\x00\x00\x00\x00\x00\x00\x00\x00\x00\x00\x00\x00\x00\xe0\xff\x00\x00\x00\x00\x00\x00\x00\x00"
    "\xf8\xff\xff\xff\xff\xff\xff\xff\x00\x00\x00\x00\x00\x00\x00\x00\x00\x80\xff\xff\xff\xff\xff\xff\x00\x00\x00\x00\x00\x00\x00\x00\xfc\xff\xff\xff\xff\xff\xff\xff\x03\x00\x00\x00\x00\x00\x00\x00\x00\x00\xff\xff\xff\xff\xff\xff\x00\x00\x00\x00\x00\x00\x00\x00"
    "\x00\xf8\xff\xff\xff\xff\xff\xff\x00\x00\x00\x00\x00\x00\x00\x00\x00\xfe\xff\xff\xff\xff\xff\xff\x00\x00\x00\x00\x00\x00\x00\x00\x00\xff\xff\xff\xff\xff\xff\xff\x00\x00\x00\x00\x00\x00\x00\x00\x00\xf0\xff\xff\xff\xff\xff\xff\x00\x00\x00\x00\x00\x00\x00\x00"
    "\x00\x00\x00\x00\x00\xfc\xff\xff\x00\x00\x00\x00\x00\x00\x00\x00\xfc\xfc\xfc\xfc\xfc\xfc\xfc\xfe\x00\x00\x00\x00\x00\x00\x00\x00\x00\x00\x00\xf8\xff\xff\xff\xff\x00\x00\x00\x00\x00\x00\x00\x00\x00\x00\x00\x00\x00\xf8\xfc\xfe\x00\x00\x00\x00\x00\x00\x00\x00"
    "\x07\x00\x00\x00\x00\x00\xfc\xff\x00\x00\x00\x00\x00\x00\x00\x00\x00\x00\xe0\xff\xff\xff\xff\xff\x00\x00\x00\x00\x00\x00\x00\x00\x00\x00\x00\x00\x00\xfe\xff\xff\x00\x00\x00\x00\x00\x00\x00\x00\x00\x00\x00\x00\x00\x00\xf8\xff\x00\x00\x00\x00\x00\x00\x00\x00"
    "\x03\x00\x00\x00\xf8\xff\xff\xff\x00\x00\x00\x00\x00\x00\x00\x00\xc0\xff\xff\xff\xff\xff\xff\xff\x3f\x00\x00\x00\x00\x00\x00\x00\x01\x00\x00\x00\xff\xff\xff\xff\x00\x00\x00\x00\x00\x00\x00\x00\x00\x00\x00\x00\xf0\xff\xff\xff\x01\x00\x00\x00\x00\x00\x00\x00"
    "\x01\x00\xff\xff\xff\xff\xff\xff\x00\x00\x00\x00\x00\x00\x00\x00\xfd\xff\xff\xff\xff\xff\xff\xff\x02\x00\x00\x00\x00\x00\x00\x00\x00\x00\xff\xff\xff\xff\xff\xff\x00\x00\x00\x00\x00\x00\x00\x00\x00\x00\xfe\xff\xff\xff\xff\xff\x00\x00\x00\x00\x00\x00\x00\x00"
    "\xff\xff\xe3\xff\xff\xff\xff\xff\x00\x00\x00\x00\x00\x00\x00\x00\xff\xff\x00\xff\xff\xff\xff\xff\x00\x00\xff\x00\x00\x00\x00\x00\xff\x0f\xfc\xff\xff\xff\xff\xff\x00\x00\x00\x00\x00\x00\x00\x00\xff\x0f\x00\xfe\xff\xff\xff\xff\x00\x00\x00\x00\x00\x00\x00\x00"
    "\x3f\x00\x00\x00\xe0\xff\xff\xff\x00\x00\x00\x00\x00\x00\x00\x00\xbf\xff\xff\xff\xff\xff\xff\xff\x40\x00\x00\x00\x00\x00\x00\x00\x1f\x00\x00\x00\xf0\xff\xff\xff\x00\x00\x00\x00\x00\x00\x00\x00\x1f\x00\x00\x00\xc0\xff\xff\xff\x00\x00\x00\x00\x00\x00\x00\x00"
    "\x00\x80\xff\xff\xff\xff\xff\xff\x00\x00\x00\x00\x00\x00\x00\x00\xfe\xff\xff\xff\xff\xff\xff\xff\x00\x00\x00\x00\x00\x00\x00\x00\x00\x80\xff\xff\xff\xff\xff\xff\x00\x00\x00\x00\x00\x00\x00\x00\x00\x00\xff\xff\xff\xff\xff\xff\x00\x00\x00\x00\x00\x00\x00\x00"
    "\x00\x00\x00\xc0\xff\xff\xff\xff\x00\x00\x00\x00\x00\x00\x00\x00\x3f\x00\x00\x00\xc0\xff\xff\xff\x00\x00\x00\x00\x00\x00\x00\x00\x00\x00\x00\x00\xff\xff\xff\xff\x00\x00\x00\x00\x00\x00\x00\x00\x00\x00\x00\x00\x80\xff\xff\xff\x00\x00\x00\x00\x00\x00\x00\x00"
    "\x00\x00\xe0\xff\xff\xff\xff\xff\x00\x00\x00\x00\x00\x00\x00\x00\x00\x00\x00\x00\x00\x00\xf8\xff\x00\x00\x00\x00\x00\x00\x00\x00\x07\x00\x00\x00\x00\xff\xff\xff\x00\x00\x00\x00\x00\x00\x00\x00\x00\x00\x00\x00\x00\x00\xf0\xff\x00\x00\x00\x00\x00\x00\x00\x00"
    "\x0f\x00\x00\x00\x00\x00\xfe\xff\x00\x00\x00\x00\x00\x00\x00\x00\x0f\x00\xf0\xff\xff\xff\xff\xff\x00\x00\x00\x00\x00\x00\x00\x00\xe0\xff\xff\xff\xff\xff\xff\xff\x1f\x00\x00\x00\x00\x00\x00\x00\x00\x00\x00\x00\x00\x00\xfc\xff\x0f\x00\x00\x00\x00\x00\x00\x00"
    "\x00\x00\x00\x00\x00\x00\x00\xfc\x00\x00\x00\x00\x00\x00\x00\x00\xfe\xff\xff\xff\xff\xff\xff\xff\x00\x00\x00\x00\x00\x00\x00\x00\x00\x00\x00\x00\x00\x00\x00\xfe\x00\x00\x00\x00\x00\x00\x00\x00\x00\x00\x00\x00\x00\x00\x00\xf8\x00\x00\x00\x00\x00\x00\x00\x00"
    "\x00\x00\xff\xff\xff\xff\xff\xff\x00\x00\x00\x00\x00\x00\x00\x00\x00\x00\x00\x80\xff\xff\xff\xff\x00\x00\x00\x00\x00\x00\x00\x00\x00\x00\xff\xff\xff\xff\xff\xff\x00\x00\x00\x00\x00\x00\x00\x00\x00\x00\x00\x00\xff\xff\xff\xff\x00\x00\x00\x00\x00\x00\x00\x00"
    "\x03\x00\x00\xfc\xff\xff\xff\xff\x00\x00\x00\x00\x00\x00\x00\x00\x00\x00\x00\x00\xc0\xff\xff\xff\x00\x00\x00\x00\x00\x00\x00\x00\xff\xff\xff\xfd\xff\xff\xff\xff\x00\x00\x00\x02\x00\x00\x00\x00\x00\x00\x00\x00\x80\xff\xff\xff\x00\x00\x00\x00\x00\x00\x00\x00"
    "\x0f\x00\x00\xf0\xff\xff\xff\xff\x00\x00\x00\x00\x00\x00\x00\x00\x00\x00\x00\x00\x80\xff\xff\xff\x00\x00\x00\x00\x00\x00\x00\x00\xff\xff\xff\xfd\xff\xff\xff\xff\x00\x00\x00\x02\x00\x00\x00\x00\x00\x00\x00\x00\x00\xff\xff\xff\x00\x00\x00\x00\x00\x00\x00\x00"
    "\x1f\x00\x00\xe0\xff\xff\xff\xff\x00\x00\x00\x00\x00\x00\x00\x00\x00\x00\x00\x00\x80\xff\xff\xff\x00\x00\x00\x00\x00\x00\x00\x00\xff\xff\xff\xfd\xff\xff\xff\xff\x00\x00\x00\x02\x00\x00\x00\x00\x00\x00\x00\x00\x00\xff\xff\xff\x00\x00\x00\x00\x00\x00\x00\x00"
    "\xfe\xff\xff\xff\xff\xff\xff\xff\x00\x00\x00\x00\x00\x00\x00\x00\x00\x00\x00\x00\xff\xff\xff\xff\x00\x00\x00\x00\x00\x00\x00\x00\x00\x00\x00\x00\xff\xff\xff\xff\x00\x00\x00\x00\x00\x00\x00\x00\x00\x00\x00\x00\xfe\xff\xff\xff\x00\x00\x00\x00\x00\x00\x00\x00"
    "\x00\x00\x00\x00\x00\x00\xe0\xff\x00\x00\x00\x00\x00\x00\x00\x00\x00\x00\x00\x00\x00\xf8\xff\xff\x00\x00\x00\x00\x00\x00\x00\x00\xff\xff\xef\xff\xff\xff\xff\xff\x00\x00\x10\x00\x00\x00\x00\x00\x00\x00\x00\x00\x00\x00\xc0\xff\x00\x00\x00\x00\x00\x00\x00\x00"
    "\x00\x00\xff\xff\xff\xff\xff\xff\x00\x00\x00\x00\x00\x00\x00\x00\x00\x00\x00\xc0\xff\xff\xff\xff\x00\x00\x00\x00\x00\x00\x00\x00\x00\x00\x00\xfe\xff\xff\xff\xff\x00\x00\x00\x00\x00\x00\x00\x00\x00\x00\x00\x80\xff\xff\xff\xff\x00\x00\x00\x00\x00\x00\x00\x00"
    "\x00\x00\x00\x00\xfe\xff\xff\xff\x00\x00\x00\x00\x00\x00\x00\x00\xfe\xff\xff\xff\xff\xff\xff\xff\x00\x00\x00\x00\x00\x00\x00\x00\x00\x00\x00\x00\xfe\xff\xff\xff\x00\x00\x00\x00\x00\x00\x00\x00\x00\x00\x00\x00\xfc\xff\xff\xff\x00\x00\x00\x00\x00\x00\x00\x00"
    "\x07\x00\x00\x00\xf0\xff\xff\xff\x00\x00\x00\x00\x00\x00\x00\x00\x07\x00\x00\x00\xf8\xff\xff\xff\x00\x00\x00\x00\x00\x00\x00\x00\x03\xfc\xff\xff\xff\xff\xff\xff\x00\x00\x00\x00\x00\x00\x00\x00\x03\x00\x00\x00\xe0\xff\xff\xff\x00\x00\x00\x00\x00\x00\x00\x00"
    "\xe0\xff\xff\xff\xff\xff\xff\xff\x00\x00\x00\x00\x00\x00\x00\x00\xe0\xff\xff\xff\xff\xff\xff\xff\x00\x00\x00\x00\x00\x00\x00\x00\xfe\xff\xff\xff\xff\xff\xff\xff\x01\x00\x00\x00\x00\x00\x00\x00\xc0\xff\xff\xff\xff\xff\xff\xff\x00\x00\x00\x00\x00\x00\x00\x00"
    "\x80\xff\xff\xff\xff\xff\xff\xff\x00\x00\x00\x00\x00\x00\x00\x00\x80\xff\xff\xff\xff\xff\xff\xff\x00\x00\x00\x00\x00\x00\x00\x00\xfe\xff\xff\xff\xff\xff\xff\xff\x01\x00\x00\x00\x00\x00\x00\x00\x00\xff\xff\xff\xff\xff\xff\xff\x00\x00\x00\x00\x00\x00\x00\x00"
    "\x0f\x00\x00\xf0\xff\xff\xff\xff\x00\x00\x00\x00\x00\x00\x00\x00\x00\x00\x00\x00\xc0\xff\xff\xff\x00\x00\x00\x00\x00\x00\x00\x00\xff\xff\xff\xfd\xff\xff\xff\xff\x00\x00\x00\x02\x00\x00\x00\x00\x00\x00\x00\x00\x80\xff\xff\xff\x00\x00\x00\x00\x00\x00\x00\x00"
    "\x1f\x00\x00\xe0\xff\xff\xff\xff\x00\x00\x00\x00\x00\x00\x00\x00\x00\x00\x00\x00\xc0\xff\xff\xff\x00\x00\x00\x00\x00\x00\x00\x00\xff\xff\xff\xfd\xff\xff\xff\xff\x00\x00\x00\x02\x00\x00\x00\x00\x00\x00\x00\x00\x80\xff\xff\xff\x00\x00\x00\x00\x00\x00\x00\x00"
    "\x00\xfe\xff\xff\xff\xff\xff\xff\x00\x00\x00\x00\x00\x00\x00\x00\x00\xfe\xff\xff\xff\xff\xff\xff\x00\x00\x00\x00\x00\x00\x00\x00\xfe\xff\xff\xff\xff\xff\xff\xff\x01\x00\x00\x00\x00\x00\x00\x00\x00\xfc\xff\xff\xff\xff\xff\xff\x00\x00\x00\x00\x00\x00\x00\x00"
    "\x03\x00\x00\xfc\xff\xff\xff\xff\x00\x00\x00\x00\x00\x00\x00\x00\x00\x00\x00\x00\x80\xff\xff\xff\x00\x00\x00\x00\x00\x00\x00\x00\xff\xff\xff\xfd\xff\xff\xff\xff\x00\x00\x00\x02\x00\x00\x00\x00\x00\x00\x00\x00\x00\xff\xff\xff\x00\x00\x00\x00\x00\x00\x00\x00"
    "\x00\x00\x00\x00\x00\x00\x00\xe0\x00\x00\x00\x00\x00\x00\x00\x00\x07\x00\x00\x00\x00\xff\xff\xff\x00\x00\x00\x00\x00\x00\x00\x00\x00\x00\xc0\xff\xff\xff\xff\xff\x00\x00\x00\x00\x00\x00\x00\x00\x00\x00\x00\x00\x00\x00\x00\xc0\x00\x00\x00\x00\x00\x00\x00\x00"
    "\x00\x00\x00\x00\x00\x00\x00\xe0\x00\x00\x00\x00\x00\x00\x00\x00\x00\x00\x00\x00\x00\x00\xf8\xff\x00\x00\x00\x00\x00\x00\x00\x00\x07\x00\x00\x00\x00\xff\xff\xff\x00\x00\x00\x00\x00\x00\x00\x00\x00\x00\x00\x00\x00\x00\x00\xc0\x00\x00\x00\x00\x00\x00\x00\x00"
    "\x07\x00\x00\x00\xf8\xff\xff\xff\x00\x00\x00\x00\x00\x00\x00\x00\xf7\xff\xff\xff\xff\xff\xff\xff\x00\x00\x00\x00\x00\x00\x00\x00\x07\x00\x00\x00\xf8\xff\xff\xff\x00\x00\x00\x00\x00\x00\x00\x00\x07\x00\x00\x00\xf0\xff\xff\xff\x00\x00\x00\x00\x00\x00\x00\x00"
    "\x00\x00\x00\xfe\xff\xff\xff\xff\x00\x00\x00\x00\x00\x00\x00\x00\x00\x00\x00\x00\x00\xf0\xff\xff\x00\x00\x00\x00\x00\x00\x00\x00\xfa\xff\xff\xff\xff\xff\xff\xff\x05\x00\x00\x00\x00\x00\x00\x00\x00\x00\x00\x00\x00\xe0\xff\xff\x00\x00\x00\x00\x00\x00\x00\x00"
    "\xfb\xff\xff\xff\xff\xff\xff\xff\x00\x00\x00\x00\x00\x00\x00\x00\xfb\xff\xff\xff\xff\xff\xff\xff\x04\x00\x00\x00\x00\x00\x00\x00\xfb\xff\xff\xff\xff\xff\xff\xff\x00\x00\x00\x00\x00\x00\x00\x00\xf3\xff\xff\xff\xff\xff\xff\xff\x00\x00\x00\x00\x00\x00\x00\x00"
    "\x00\x00\x00\x00\x00\x00\x00\x07\x00\x00\x00\x00\x00\x00\x00\x00\x00\x00\x00\xff\xff\xff\xff\xff\x00\x00\x00\x00\x00\x00\x00\x00\xfe\xff\xff\xff\xff\xff\xff\xff\x01\x00\x00\x00\x00\x00\x00\x00\x00\x00\x00\x00\x00\x00\x00\x06\x00\x00\x00\x00\x00\x00\x00\x00"
    "\x03\x00\x00\x00\x80\xff\xff\xff\x00\x00\x00\x00\x00\x00\x00\x00\x00\x00\x00\x00\xff\xff\xff\xff\x00\x00\x00\x00\x00\x00\x00\x00\x00\x00\x00\x00\xff\xff\xff\xff\x00\x00\x00\x00\x00\x00\x00\x00\x00\x00\x00\x00\x00\xff\xff\xff\x00\x00\x00\x00\x00\x00\x00\x00"
    "\x07\x00\x00\x00\xf0\xff\xff\xff\x00\x00\x00\x00\x00\x00\x00\x00\x03\x00\xf0\xff\xff\xff\xff\xff\x00\x00\x00\x00\x00\x00\x00\x00\x03\x00\x00\x00\xfc\xff\xff\xff\x00\x00\x00\x00\x00\x00\x00\x00\x03\x00\x00\x00\xe0\xff\xff\xff\x00\x00\x00\x00\x00\x00\x00\x00"
    "\xff\xff\x00\xf0\xff\xff\xff\xff\x00\x00\x00\x00\x00\x00\x00\x00\xff\xff\xff\x00\xf0\xff\xff\xff\x00\x00\x00\x00\x00\x00\x00\x00\xff\x00\xf0\xff\xff\xff\xff\xff\x00\x00\x00\x00\x00\x00\x00\x00\xff\x00\x00\x00\xe0\xff\xff\xff\x00\x00\x00\x00\x00\x00\x00\x00"
    "\xff\xff\x0f\x00\x00\x00\xf0\xff\x00\x00\x00\x00\x00\x00\x00\x00\x00\x00\x00\x00\x00\xf8\xff\xff\x00\x00\x00\x00\x00\x00\x00\x00\x00\x00\x00\x00\x00\x00\xf8\xff\x00\x00\x00\x00\x00\x00\x00\x00\x00\x00\x00\x00\x00\x00\xe0\xff\x00\x00\x00\x00\x00\x00\x00\x00"
    "\x03\xfc\xff\xff\xff\xff\xff\xff\x00\x00\x00\x00\x00\x00\x00\x00\xf8\xff\xff\xff\xff\xff\xff\xff\x07\x00\x00\x00\x00\x00\x00\x00\xfb\xff\xff\xff\xff\xff\xff\xff\x00\x00\x00\x00\x00\x00\x00\x00\x00\xf8\xff\xff\xff\xff\xff\xff\x03\x00\x00\x00\x00\x00\x00\x00"
    "\x00\x00\x00\x00\x00\xe0\xff\xff\x00\x00\x00\x00\x00\x00\x00\x00\x00\x00\x00\x00\x00\xf0\xff\xff\x00\x00\x00\x00\x00\x00\x00\x00\xfe\xff\xff\xff\xff\xff\xff\xff\x00\x00\x00\x00\x00\x00\x00\x00\x00\x00\x00\x00\x00\xc0\xff\xff\x00\x00\x00\x00\x00\x00\x00\x00"
    "\x00\xff\xff\xff\xff\xff\xff\xff\x00\x00\x00\x00\x00\x00\x00\x00\xfe\xff\xff\xff\xff\xff\xff\xff\x00\x00\x00\x00\x00\x00\x00\x00\x00\xff\xff\xff\xff\xff\xff\xff\x00\x00\x00\x00\x00\x00\x00\x00\x00\xfe\xff\xff\xff\xff\xff\xff\x00\x00\x00\x00\x00\x00\x00\x00"
    "\xe0\xff\xff\xff\xff\xff\xff\xff\x00\x00\x00\x00\x00\x00\x00\x00\xf0\xff\xff\xff\xff\xff\xff\xff\x00\x00\x00\x00\x00\x00\x00\x00\xf8\xff\xff\xff\xff\xff\xff\xff\x00\x00\x00\x00\x00\x00\x00\x00\xc0\xff\xff\xff\xff\xff\xff\xff\x00\x00\x00\x00\x00\x00\x00\x00"
    "\xe7\xff\xff\xff\xff\xff\xff\xff\x10\x00\x00\x00\x00\x00\x00\x00\xf7\xff\xff\xff\xff\xff\xff\xff\x00\x00\x00\x00\x00\x00\x00\x00\xf7\xff\xff\xff\xff\xff\xff\xff\x00\x00\x00\x00\x00\x00\x00\x00\xc7\xff\xff\xff\xff\xff\xff\xff\x00\x00\x00\x00\x00\x00\x00\x00"
    "\x0f\x00\x00\x00\xf0\xff\xff\xff\x00\x00\x00\x00\x00\x00\x00\x00\xa7\xfe\xff\xff\xff\xff\xff\xff\x58\x01\x00\x00\x00\x00\x00\x00\x07\x00\x00\xc0\xff\xff\xff\xff\x00\x00\x00\x00\x00\x00\x00\x00\x07\x00\x00\x00\xe0\xff\xff\xff\x00\x00\x00\x00\x00\x00\x00\x00"
    "\x00\x00\x00\x00\xff\xff\xff\xff\x00\x00\x00\x00\x00\x00\x00\x00\x00\x00\x00\x00\x00\xf0\xff\xff\x00\x00\x00\x00\x00\x00\x00\x00\xff\xff\xff\xfd\xff\xff\xff\xff\x00\x00\x00\x02\x00\x00\x00\x00\x00\x00\x00\x00\x00\xe0\xff\xff\x00\x00\x00\x00\x00\x00\x00\x00"
    "\x00\x00\x00\x00\x00\x00\x00\xfe\x00\x00\x00\x00\x00\x00\x00\x00\x00\x00\x00\x00\x00\x00\x00\xfe\x00\x00\x00\x00\x00\x00\x00\x00\xfe\xff\xff\xff\xff\xff\xff\xff\x00\x00\x00\x00\x00\x00\x00\x00\x00\x00\x00\x00\x00\x00\x00\xfc\x00\x00\x00\x00\x00\x00\x00\x00"
    "\x07\x00\x00\x00\xe0\xff\xff\xff\x00\x00\x00\x00\x00\x00\x00\x00\x07\x00\x00\x00\xf8\xff\xff\xff\x00\x00\x00\x00\x00\x00\x00\x00\x07\x00\x00\xc0\xff\xff\xff\xff\x00\x00\x00\x00\x00\x00\x00\x00\x07\x00\x00\x00\xc0\xff\xff\xff\x00\x00\x00\x00\x00\x00\x00\x00"
    "\x03\xc0\xff\xff\xff\xff\xff\xff\x00\x00\x00\x00\x00\x00\x00\x00\x0f\x00\xf0\xff\xff\xff\xff\xff\x00\x00\x00\x00\x00\x00\x00\x00\x00\xff\xff\xff\xff\xff\xff\xff\x00\x00\x00\x00\x00\x00\x00\x00\x00\x00\xe0\xff\xff\xff\xff\xff\x00\x00\x00\x00\x00\x00\x00\x00"
    "\xc3\xff\xff\xff\xff\xff\xff\xff\x00\x00\x00\x00\x00\x00\x00\x00\x02\xff\xff\xff\xff\xff\xff\xff\xfd\x00\x00\x00\x00\x00\x00\x00\xfc\xff\xff\xff\xff\xff\xff\xff\x00\x00\x00\x00\x00\x00\x00\x00\x00\xfe\xff\xff\xff\xff\xff\xff\x00\x00\x00\x00\x00\x00\x00\x00"
    "\x02\x00\x00\x00\x00\xfc\xff\xff\x05\x00\x00\x00\x00\x00\x00\x00\x00\x00\x00\x00\xff\xff\xff\xff\x00\x00\x00\x00\x00\x00\x00\x00\x0f\x00\x00\x00\xf0\xff\xff\xff\x00\x00\x00\x00\x00\x00\x00\x00\x00\x00\x00\x00\x00\xf8\xff\xff\x00\x00\x00\x00\x00\x00\x00\x00"
    "\x00\x00\x00\x00\x00\x00\xf0\xff\x00\x00\x00\x00\x00\x00\x00\x00\x07\x00\x00\x00\x00\xff\xff\xff\x00\x00\x00\x00\x00\x00\x00\x00\x00\x00\x00\x00\x00\xfe\xff\xff\x00\x00\x00\x00\x00\x00\x00\x00\x00\x00\x00\x00\x00\x00\xe0\xff\x00\x00\x00\x00\x00\x00\x00\x00"
    "\xff\xff\x00\xf8\xff\xff\xff\xff\x00\x00\x00\x00\x00\x00\x00\x00\xff\xff\xff\x00\xf8\xff\xff\xff\x00\x00\x00\x00\x00\x00\x00\x00\xff\x00\xf8\xff\xff\xff\xff\xff\x00\x00\x00\x00\x00\x00\x00\x00\xff\x00\x00\x00\xf0\xff\xff\xff\x00\x00\x00\x00\x00\x00\x00\x00"
    "\x00\x00\x00\x00\x00\x00\x00\xf8\x00\x00\x00\x00\x00\x00\x00\x00\xc0\xff\xff\xff\xff\xff\xff\xff\x3f\x00\x00\x00\x00\x00\x00\x00\xfe\xff\xff\xff\xff\xff\xff\xff\x00\x00\x00\x00\x00\x00\x00\x00\x00\x00\x00\x00\x00\x00\x00\xf0\x00\x00\x00\x00\x00\x00\x00\x00"
    "\x00\xe0\xff\xff\xff\xff\xff\xff\x00\x00\x00\x00\x00\x00\x00\x00\x00\xf8\xff\xff\xff\xff\xff\xff\x00\x00\x00\x00\x00\x00\x00\x00\x00\xf8\xff\xff\xff\xff\xff\xff\x00\x00\x00\x00\x00\x00\x00\x00\x00\xc0\xff\xff\xff\xff\xff\xff\x00\x00\x00\x00\x00\x00\x00\x00"
    "\xc3\xff\xff\xff\xff\xff\xff\xff\x00\x00\x00\x00\x00\x00\x00\x00\xf5\xff\xff\xff\xff\xff\xff\xff\x0a\x00\x00\x00\x00\x00\x00\x00\xfb\xff\xff\xff\xff\xff\xff\xff\x00\x00\x00\x00\x00\x00\x00\x00\x81\xff\xff\xff\xff\xff\xff\xff\x02\x00\x00\x00\x00\x00\x00\x00"
    "\x0f\x00\x00\x00\xf0\xff\xff\xff\x00\x00\x00\x00\x00\x00\x00\x00\xd7\xff\xff\xff\xff\xff\xff\xff\x28\x00\x00\x00\x00\x00\x00\x00\x07\x00\x00\x00\xf8\xff\xff\xff\x00\x00\x00\x00\x00\x00\x00\x00\x07\x00\x00\x00\xe0\xff\xff\xff\x00\x00\x00\x00\x00\x00\x00\x00"
    "\x00\x00\x00\x00\x00\x00\x80\xff\x00\x00\x00\x00\x00\x00\x00\x00\xfe\xff\xff\xff\xff\xff\xff\xff\x00\x00\x00\x00\x00\x00\x00\x00\xfe\xff\xff\xff\xff\xff\xff\xff\x01\x00\x00\x00\x00\x00\x00\x00\x00\x00\x00\x00\x00\x00\x00\xff\x00\x00\x00\x00\x00\x00\x00\x00"
    "\x00\xc0\xff\xff\xff\xff\xff\xff\x00\x00\x00\x00\x00\x00\x00\x00\x01\x00\xff\xff\xff\xff\xff\xff\x00\x00\x00\x00\x00\x00\x00\x00\x00\x80\xff\xff\xff\xff\xff\xff\x00\x00\x00\x00\x00\x00\x00\x00\x00\x00\xfe\xff\xff\xff\xff\xff\x00\x00\x00\x00\x00\x00\x00\x00"
    "\x00\x80\xff\xff\xff\xff\xff\xff\x00\x00\x00\x00\x00\x00\x00\x00\x01\x00\xff\xff\xff\xff\xff\xff\x00\x00\x00\x00\x00\x00\x00\x00\x00\xe0\xff\xff\xff\xff\xff\xff\x00\x00\x00\x00\x00\x00\x00\x00\x00\x00\xfe\xff\xff\xff\xff\xff\x00\x00\x00\x00\x00\x00\x00\x00"
    "\x00\x00\x00\x00\x00\x00\xe0\xff\x00\x00\x00\x00\x00\x00\x00\x00\x00\x00\x00\x00\x00\xfc\xff\xff\x00\x00\x00\x00\x00\x00\x00\x00\x00\x00\x00\x00\x00\xfc\xff\xff\x00\x00\x00\x00\x00\x00\x00\x00\x00\x00\x00\x00\x00\x00\xc0\xff\x00\x00\x00\x00\x00\x00\x00\x00"
    "\xc0\xff\xff\xff\xff\xff\xff\xff\x00\x00\x00\x00\x00\x00\x00\x00\xf8\xff\xff\xff\xff\xff\xff\xff\x00\x00\x00\x00\x00\x00\x00\x00\xf8\xff\xff\xff\xff\xff\xff\xff\x00\x00\x00\x00\x00\x00\x00\x00\x80\xff\xff\xff\xff\xff\xff\xff\x00\x00\x00\x00\x00\x00\x00\x00"
    "\x07\x00\x00\x00\xf8\xff\xff\xff\x00\x00\x00\x00\x00\x00\x00\x00\xbf\xff\xff\xff\xff\xff\xff\xff\x40\x00\x00\x00\x00\x00\x00\x00\xef\xff\xff\xff\xff\xff\xff\xff\x00\x00\x00\x00\x00\x00\x00\x00\x07\x00\x00\x00\xf0\xff\xff\xff\x00\x00\x00\x00\x00\x00\x00\x00"
    "\x07\x00\x00\x00\xf8\xff\xff\xff\x00\x00\x00\x00\x00\x00\x00\x00\xaf\xff\xff\xff\xff\xff\xff\xff\x50\x00\x00\x00\x00\x00\x00\x00\xef\xff\xff\xff\xff\xff\xff\xff\x00\x00\x00\x00\x00\x00\x00\x00\x07\x00\x00\x00\xf0\xff\xff\xff\x00\x00\x00\x00\x00\x00\x00\x00"
    "\x00\x00\x00\x00\xff\xff\xff\xff\x00\x00\x00\x00\x00\x00\x00\x00\xf8\xff\xff\xff\xff\xff\xff\xff\x00\x00\x00\x00\x00\x00\x00\x00\x07\x00\x00\x00\xff\xff\xff\xff\x00\x00\x00\x00\x00\x00\x00\x00\x00\x00\x00\x00\xfe\xff\xff\xff\x00\x00\x00\x00\x00\x00\x00\x00"
    "\xf8\xff\xff\xff\xff\xff\xff\xff\x00\x00\x00\x00\x00\x00\x00\x00\xfc\xff\xff\xff\xff\xff\xff\xff\x03\x00\x00\x00\x00\x00\x00\x00\xfe\xff\xff\xff\xff\xff\xff\xff\x00\x00\x00\x00\x00\x00\x00\x00\xf0\xff\xff\xff\xff\xff\xff\xff\x00\x00\x00\x00\x00\x00\x00\x00"
    "\x00\x00\x00\x00\x00\x00\xff\xff\x00\x00\x00\x00\x00\x00\x00\x00\x00\xfe\x00\xfe\x00\xfe\x00\xfe\x00\x00\x00\x00\x00\x00\x00\x00\x00\x00\x00\x00\xff\xff\xff\xff\x00\x00\x00\x00\x00\x00\x00\x00\x00\x00\x00\x00\x00\x00\x00\xfc\x00\x00\x00\x00\x00\x00\x00\x00"
    "\x00\x00\xe0\xff\xff\xff\xff\xff\x00\x00\x00\x00\x00\x00\x00\x00\x07\x00\x00\x00\x00\x00\xff\xff\x00\x00\x00\x00\x00\x00\x00\x00\x00\x00\x00\x00\x00\xfe\xff\xff\x00\x00\x00\x00\x00\x00\x00\x00\x00\x00\x00\x00\x00\x00\xfe\xff\x00\x00\x00\x00\x00\x00\x00\x00"
    "\x00\x00\xe0\xff\xff\xff\xff\xff\x00\x00\x00\x00\x00\x00\x00\x00\x00\x00\x00\x00\x00\x00\xfe\xff\x00\x00\x00\x00\x00\x00\x00\x00\x07\x00\x00\x00\x00\xff\xff\xff\x00\x00\x00\x00\x00\x00\x00\x00\x00\x00\x00\x00\x00\x00\xfc\xff\x00\x00\x00\x00\x00\x00\x00\x00"
    "\x03\x00\xf0\xff\xff\xff\xff\xff\x00\x00\x00\x00\x00\x00\x00\x00\xf3\xff\xff\xff\xff\xff\xff\xff\x0c\x00\x00\x00\x00\x00\x00\x00\x07\xfe\xff\xff\xff\xff\xff\xff\x00\x00\x00\x00\x00\x00\x00\x00\x03\x00\xe0\xff\xff\xff\xff\xff\x00\x00\x00\x00\x00\x00\x00\x00"
    "\x03\xfc\xff\xff\xff\xff\xff\xff\x00\x00\x00\x00\x00\x00\x00\x00\x07\x00\x00\x00\xe0\xff\xff\xff\x00\x00\x00\x00\x00\x00\x00\x00\x00\x00\x00\x00\xff\xff\xff\xff\x00\x00\x00\x00\x00\x00\x00\x00\x00\x00\x00\x00\xc0\xff\xff\xff\x00\x00\x00\x00\x00\x00\x00\x00"
    "\x0f\x00\x00\x00\xff\xff\xff\xff\x00\x00\x00\x00\x00\x00\x00\x00\x0f\x00\x00\x00\xc0\xff\xff\xff\x00\x00\x00\x00\x00\x00\x00\x00\x00\x00\x00\x00\xff\xff\xff\xff\x00\x00\x00\x00\x00\x00\x00\x00\x00\x00\x00\x00\x80\xff\xff\xff\x00\x00\x00\x00\x00\x00\x00\x00"
    "\x00\xc0\xff\xff\xff\xff\xff\xff\x00\x00\x00\x00\x00\x00\x00\x00\x00\xf8\xff\xff\xff\xff\xff\xff\x00\x00\x00\x00\x00\x00\x00\x00\x00\xf8\xff\xff\xff\xff\xff\xff\x00\x00\x00\x00\x00\x00\x00\x00\x00\x80\xff\xff\xff\xff\xff\xff\x00\x00\x00\x00\x00\x00\x00\x00"
    "\x03\x00\xfc\xff\xff\xff\xff\xff\x00\x00\x00\x00\x00\x00\x00\x00\x5e\x0a\xff\xff\xff\xff\xff\xff\xa1\xf5\x00\x00\x00\x00\x00\x00\x01\xe0\xff\xff\xff\xff\xff\xff\x00\x00\x00\x00\x00\x00\x00\x00\x00\x00\xf8\xff\xff\xff\xff\xff\x01\x00\x00\x00\x00\x00\x00\x00"
    "\x00\x00\x00\x00\x00\xfc\xff\xff\x00\x00\x00\x00\x00\x00\x00\x00\xff\xff\xff\xff\xff\xfe\xff\xff\x00\x00\x00\x00\x00\x01\x00\x00\x00\x00\x00\x00\x00\xff\xff\xff\x00\x00\x00\x00\x00\x00\x00\x00\x00\x00\x00\x00\x00\xf8\xff\xff\x00\x00\x00\x00\x00\x00\x00\x00"
    "\x00\x00\x00\x00\x00\x00\xff\xff\x00\x00\x00\x00\x00\x00\x00\x00\xfe\xff\xff\xff\xff\xff\xff\xff\x01\x00\x00\x00\x00\x00\x00\x00\xf8\xff\xff\xff\xff\xff\xff\xff\x00\x00\x00\x00\x00\x00\x00\x00\x00\x00\x00\x00\x00\x00\xfe\xff\x00\x00\x00\x00\x00\x00\x00\x00"
    "\x00\x00\x00\x00\x00\x00\xf0\xff\x00\x00\x00\x00\x00\x00\x00\x00\xfe\xff\xff\xff\xff\xff\xff\xff\x01\x00\x00\x00\x00\x00\x00\x00\xf8\xff\xff\xff\xff\xff\xff\xff\x00\x00\x00\x00\x00\x00\x00\x00\x00\x00\x00\x00\x00\x00\xe0\xff\x00\x00\x00\x00\x00\x00\x00\x00"
    "\x03\x00\x00\x80\xff\xff\xff\xff\x00\x00\x00\x00\x00\x00\x00\x00\xf8\xff\xff\xff\xff\xff\xff\xff\x07\x00\x00\x00\x00\x00\x00\x00\xfb\xff\xff\xff\xff\xff\xff\xff\x00\x00\x00\x00\x00\x00\x00\x00\x00\x00\x00\x00\xff\xff\xff\xff\x03\x00\x00\x00\x00\x00\x00\x00"
    "\x0f\x00\x00\x00\xf0\xff\xff\xff\x00\x00\x00\x00\x00\x00\x00\x00\xdf\xff\xff\xff\xff\xff\xff\xff\x20\x00\x00\x00\x00\x00\x00\x00\x07\x00\x00\x00\xf8\xff\xff\xff\x00\x00\x00\x00\x00\x00\x00\x00\x07\x00\x00\x00\xe0\xff\xff\xff\x00\x00\x00\x00\x00\x00\x00\x00"
    "\x00\x00\x00\x00\xf8\xff\xff\xff\x00\x00\x00\x00\x00\x00\x00\x00\x00\x00\x00\x00\xff\xff\xff\xff\x00\x00\x00\x00\x00\x00\x00\x00\x03\x00\x00\x00\xfc\xff\xff\xff\x00\x00\x00\x00\x00\x00\x00\x00\x00\x00\x00\x00\xf0\xff\xff\xff\x00\x00\x00\x00\x00\x00\x00\x00"
    "\x00\x00\x00\x00\xe0\xff\xff\xff\x00\x00\x00\x00\x00\x00\x00\x00\x00\x00\x00\x00\xf8\xff\xff\xff\x00\x00\x00\x00\x00\x00\x00\x00\x00\x00\x00\x00\xff\xff\xff\xff\x00\x00\x00\x00\x00\x00\x00\x00\x00\x00\x00\x00\xc0\xff\xff\xff\x00\x00\x00\x00\x00\x00\x00\x00"
    "\x03\x00\x00\x00\xfe\xff\xff\xff\x00\x00\x00\x00\x00\x00\x00\x00\xed\xff\xff\xff\xff\xff\xff\xff\x12\x00\x00\x00\x00\x00\x00\x00\x03\x00\xf0\xff\xff\xff\xff\xff\x00\x00\x00\x00\x00\x00\x00\x00\x01\x00\x00\x00\xfc\xff\xff\xff\x02\x00\x00\x00\x00\x00\x00\x00"
    "\x00\x00\x00\x80\xff\xff\xff\xff\x00\x00\x00\x00\x00\x00\x00\x00\xfe\xff\xff\xff\xff\xff\xff\xff\x00\x00\x00\x00\x00\x00\x00\x00\x00\x00\x00\x80\xff\xff\xff\xff\x00\x00\x00\x00\x00\x00\x00\x00\x00\x00\x00\x00\xff\xff\xff\xff\x00\x00\x00\x00\x00\x00\x00\x00"
    "\x07\x00\x00\x00\xe0\xff\xff\xff\x00\x00\x00\x00\x00\x00\x00\x00\x07\x00\x00\x00\xf8\xff\xff\xff\x00\x00\x00\x00\x00\x00\x00\x00\x03\xfc\xff\xff\xff\xff\xff\xff\x00\x00\x00\x00\x00\x00\x00\x00\x03\x00\x00\x00\xc0\xff\xff\xff\x00\x00\x00\x00\x00\x00\x00\x00"
    "\xf0\xff\xff\xff\xff\xff\xff\xff\x00\x00\x00\x00\x00\x00\x00\x00\xfe\xff\xff\xff\xff\xff\xff\xff\x01\x00\x00\x00\x00\x00\x00\x00\xf0\xff\xff\xff\xff\xff\xff\xff\x00\x00\x00\x00\x00\x00\x00\x00\xe0\xff\xff\xff\xff\xff\xff\xff\x00\x00\x00\x00\x00\x00\x00\x00"
    "\x00\x00\x00\x00\xfc\xff\xff\xff\x00\x00\x00\x00\x00\x00\x00\x00\x00\x00\x00\x00\xff\xff\xff\xff\x00\x00\x00\x00\x00\x00\x00\x00\x01\x00\x00\x00\xfe\xff\xff\xff\x00\x00\x00\x00\x00\x00\x00\x00\x00\x00\x00\x00\xf8\xff\xff\xff\x00\x00\x00\x00\x00\x00\x00\x00"
    "\xfe\xff\xff\xff\xff\xff\xff\xff\x00\x00\x00\x00\x00\x00\x00\x00\xfc\xff\xff\xff\xff\xff\xff\xff\x00\x00\x00\x00\x00\x00\x00\x00\xfe\xff\xff\xff\xff\xff\xff\xff\x00\x00\x00\x00\x00\x00\x00\x00\xf8\xff\xff\xff\xff\xff\xff\xff\x00\x00\x00\x00\x00\x00\x00\x00"
    "\x00\x00\x00\x00\x00\x00\x00\xe0\x00\x00\x00\x00\x00\x00\x00\x00\xfa\xff\xff\xff\xff\xff\xff\xff\x05\x00\x00\x00\x00\x00\x00\x00\x00\x00\x00\x00\xfe\xff\xff\xff\x00\x00\x00\x00\x00\x00\x00\x00\x00\x00\x00\x00\x00\x00\x00\xc0\x00\x00\x00\x00\x00\x00\x00\x00"
    "\x00\x00\x00\xf8\xff\xff\xff\xff\x00\x00\x00\x00\x00\x00\x00\x00\x00\xf8\xff\xff\xff\xff\xff\xff\x00\x00\x00\x00\x00\x00\x00\x00\xc0\xff\xff\xff\xff\xff\xff\xff\x3f\x00\x00\x00\x00\x00\x00\x00\x00\x00\x00\xf0\xff\xff\xff\xff\x00\x00\x00\x00\x00\x00\x00\x00"
    "\x03\xf0\xff\xff\xff\xff\xff\xff\x00\x00\x00\x00\x00\x00\x00\x00\x0f\x00\xfe\xff\xff\xff\xff\xff\x00\x00\x00\x00\x00\x00\x00\x00\xc0\xff\xff\xff\xff\xff\xff\xff\x00\x00\x00\x00\x00\x00\x00\x00\x00\x00\xfc\xff\xff\xff\xff\xff\x00\x00\x00\x00\x00\x00\x00\x00"
    "\x00\x80\xff\xff\xff\xff\xff\xff\x00\x00\x00\x00\x00\x00\x00\x00\x00\x80\xff\xff\xff\xff\xff\xff\x00\x00\x00\x00\x00\x00\x00\x00\xfe\xff\xff\xff\xff\xff\xff\xff\x00\x00\x00\x00\x00\x00\x00\x00\x00\x00\xff\xff\xff\xff\xff\xff\x00\x00\x00\x00\x00\x00\x00\x00"
    "\x7f\x00\x00\x80\xff\xff\xff\xff\x00\x00\x00\x00\x00\x00\x00\x00\x00\x00\x00\x00\x80\xff\xff\xff\x00\x00\x00\x00\x00\x00\x00\x00\xff\xff\xff\xfd\xff\xff\xff\xff\x00\x00\x00\x02\x00\x00\x00\x00\x00\x00\x00\x00\x00\xff\xff\xff\x00\x00\x00\x00\x00\x00\x00\x00"
    "\x00\x00\x00\x00\x00\x00\xf0\xff\x00\x00\x00\x00\x00\x00\x00\x00\x00\x00\x00\x00\x00\xfe\xff\xff\x00\x00\x00\x00\x00\x00\x00\x00\xff\xff\xef\xff\xff\xff\xff\xff\x00\x00\x10\x00\x00\x00\x00\x00\x00\x00\x00\x00\x00\x00\xe0\xff\x00\x00\x00\x00\x00\x00\x00\x00"
    "\x00\x00\x00\x00\xfe\xff\xff\xff\x00\x00\x00\x00\x00\x00\x00\x00\x0f\x00\x00\x00\xf0\xff\xff\xff\x00\x00\x00\x00\x00\x00\x00\x00\x01\x00\x00\x00\xfe\xff\xff\xff\x00\x00\x00\x00\x00\x00\x00\x00\x00\x00\x00\x00\xe0\xff\xff\xff\x00\x00\x00\x00\x00\x00\x00\x00"
    "\x00\x00\x00\x00\x80\xff\xff\xff\x00\x00\x00\x00\x00\x00\x00\x00\x03\x00\x00\x00\x00\xe0\xff\xff\x00\x00\x00\x00\x00\x00\x00\x00\x00\x00\x00\x00\xff\xff\xff\xff\x00\x00\x00\x00\x00\x00\x00\x00\x00\x00\x00\x00\x00\xc0\xff\xff\x00\x00\x00\x00\x00\x00\x00\x00"
    "\x00\x00\x00\x00\x00\x00\xfc\xff\x00\x00\x00\x00\x00\x00\x00\x00\x07\x00\x00\x00\x00\xff\xff\xff\x00\x00\x00\x00\x00\x00\x00\x00\x00\x00\x00\x00\x00\xfe\xff\xff\x00\x00\x00\x00\x00\x00\x00\x00\x00\x00\x00\x00\x00\x00\xf8\xff\x00\x00\x00\x00\x00\x00\x00\x00"
    "\xc0\xff\xff\xff\xff\xff\xff\xff\x00\x00\x00\x00\x00\x00\x00\x00\xd7\xff\xff\xff\xff\xff\xff\xff\x28\x00\x00\x00\x00\x00\x00\x00\xf3\xff\xff\xff\xff\xff\xff\xff\x04\x00\x00\x00\x00\x00\x00\x00\x80\xff\xff\xff\xff\xff\xff\xff\x00\x00\x00\x00\x00\x00\x00\x00"
    "\x00\xfe\xff\xff\xff\xff\xff\xff\x00\x00\x00\x00\x00\x00\x00\x00\xfe\xff\xff\xff\xff\xff\xff\xff\x01\x00\x00\x00\x00\x00\x00\x00\x00\xfe\xff\xff\xff\xff\xff\xff\x00\x00\x00\x00\x00\x00\x00\x00\x00\xfc\xff\xff\xff\xff\xff\xff\x00\x00\x00\x00\x00\x00\x00\x00"
    "\x00\x00\x00\x00\xff\xff\xff\xff\x00\x00\x00\x00\x00\x00\x00\x00\x07\x00\x00\x00\xf8\xff\xff\xff\x00\x00\x00\x00\x00\x00\x00\x00\x00\x00\x00\x00\xff\xff\xff\xff\x00\x00\x00\x00\x00\x00\x00\x00\x00\x00\x00\x00\xf0\xff\xff\xff\x00\x00\x00\x00\x00\x00\x00\x00"
    "\x03\x80\xff\xff\xff\xff\xff\xff\x00\x00\x00\x00\x00\x00\x00\x00\x01\xff\xff\xff\xff\xff\xff\xff\x00\x00\x00\x00\x00\x00\x00\x00\x80\xff\xff\xff\xff\xff\xff\xff\x00\x00\x00\x00\x00\x00\x00\x00\x00\x00\xff\xff\xff\xff\xff\xff\x00\x00\x00\x00\x00\x00\x00\x00"
    "\x07\x00\x00\x00\xf8\xff\xff\xff\x00\x00\x00\x00\x00\x00\x00\x00\xe7\xff\xff\xff\xff\xff\xff\xff\x18\x00\x00\x00\x00\x00\x00\x00\x07\x00\x00\x00\xfc\xff\xff\xff\x00\x00\x00\x00\x00\x00\x00\x00\x07\x00\x00\x00\xf0\xff\xff\xff\x00\x00\x00\x00\x00\x00\x00\x00"
    "\x07\x00\x00\x00\x00\x00\xff\xff\x00\x00\x00\x00\x00\x00\x00\x00\x00\x00\xe0\xff\xff\xff\xff\xff\x00\x00\x00\x00\x00\x00\x00\x00\x00\x00\x00\x00\x00\xfe\xff\xff\x00\x00\x00\x00\x00\x00\x00\x00\x00\x00\x00\x00\x00\x00\xfe\xff\x00\x00\x00\x00\x00\x00\x00\x00"
    "\x00\x00\x00\x00\x00\x00\xfe\xff\x00\x00\x00\x00\x00\x00\x00\x00\x00\x00\xe0\xff\xff\xff\xff\xff\x00\x00\x00\x00\x00\x00\x00\x00\x07\x00\x00\x00\x00\xff\xff\xff\x00\x00\x00\x00\x00\x00\x00\x00\x00\x00\x00\x00\x00\x00\xfc\xff\x00\x00\x00\x00\x00\x00\x00\x00"
    "\xfc\xfc\xfc\xfc\xfc\xfe\xff\xff\x00\x00\x00\x00\x00\x00\x00\x00\xfc\xfc\xfc\xfc\xfc\xfc\xfc\xfe\x00\x00\x00\x00\x00\x00\x00\x00\x00\xf8\xfc\xfe\xff\xff\xff\xff\x00\x00\x00\x00\x00\x00\x00\x00\x00\xf0\xf0\xf8\xf8\xf8\xfc\xfe\x00\x00\x00\x00\x00\x00\x00\x00"
    "\x00\x00\xff\xff\xff\xff\xff\xff\x00\x00\x00\x00\x00\x00\x00\x00\x00\x00\x00\xe0\xff\xff\xff\xff\x00\x00\x00\x00\x00\x00\x00\x00\x00\x00\x00\xfe\xff\xff\xff\xff\x00\x00\x00\x00\x00\x00\x00\x00\x00\x00\x00\xc0\xff\xff\xff\xff\x00\x00\x00\x00\x00\x00\x00\x00"
    "\x00\x00\x00\x00\x00\x00\x00\xf0\x00\x00\x00\x00\x00\x00\x00\x00\x00\x00\x00\x00\x00\x00\x00\xf0\x00\x00\x00\x00\x00\x00\x00\x00\xfe\xff\xff\xff\xff\xff\xff\xff\x01\x00\x00\x00\x00\x00\x00\x00\x00\x00\x00\x00\x00\x00\x00\xe0\x00\x00\x00\x00\x00\x00\x00\x00"
    "\x03\x00\x00\x00\xfc\xff\xff\xff\x00\x00\x00\x00\x00\x00\x00\x00\xf3\xff\xff\xff\xff\xff\xff\xff\x0c\x00\x00\x00\x00\x00\x00\x00\x97\xff\xff\xff\xff\xff\xff\xff\x00\x00\x00\x00\x00\x00\x00\x00\x03\x00\x00\x00\xf8\xff\xff\xff\x00\x00\x00\x00\x00\x00\x00\x00"
    "\x07\x00\x00\x00\x00\xfe\xff\xff\x00\x00\x00\x00\x00\x00\x00\x00\xc0\xff\xff\xff\xff\xff\xff\xff\x3f\x00\x00\x00\x00\x00\x00\x00\x00\x00\x00\x00\xff\xff\xff\xff\x00\x00\x00\x00\x00\x00\x00\x00\x00\x00\x00\x00\x00\xfc\xff\xff\x00\x00\x00\x00\x00\x00\x00\x00"
    "\x00\x00\x00\x00\x00\xf0\xff\xff\x00\x00\x00\x00\x00\x00\x00\x00\x00\x00\x00\x00\x00\xf8\xff\xff\x00\x00\x00\x00\x00\x00\x00\x00\xff\xff\xef\xff\xff\xff\xff\xff\x00\x00\x10\x00\x00\x00\x00\x00\x00\x00\x00\x00\x00\xe0\xff\xff\x00\x00\x00\x00\x00\x00\x00\x00"
    "\x07\x00\x00\x00\xf8\xff\xff\xff\x00\x00\x00\x00\x00\x00\x00\x00\x07\x00\x00\x00\xf8\xff\xff\xff\x00\x00\x00\x00\x00\x00\x00\x00\xf7\xff\xff\xff\xff\xff\xff\xff\x00\x00\x00\x00\x00\x00\x00\x00\x07\x00\x00\x00\xf0\xff\xff\xff\x00\x00\x00\x00\x00\x00\x00\x00"
    "\x00\x00\x00\x00\x00\x00\x00\xff\x00\x00\x00\x00\x00\x00\x00\x00\xf8\xf8\xf8\xf8\xf8\xf8\xf8\xf8\x00\x00\x00\x00\x00\x00\x00\x00\x00\x00\x00\x00\x00\x00\xff\xff\x00\x00\x00\x00\x00\x00\x00\x00\x00\x00\x00\x00\x00\x00\x00\xf0\x00\x00\x00\x00\x00\x00\x00\x00"
    "\x03\xff\xff\xff\xff\xff\xff\xff\x00\x00\x00\x00\x00\x00\x00\x00\xea\xff\xff\xff\xff\xff\xff\xff\x15\x00\x00\x00\x00\x00\x00\x00\xf2\xff\xff\xff\xff\xff\xff\xff\x01\x00\x00\x00\x00\x00\x00\x00\x01\xfe\xff\xff\xff\xff\xff\xff\x02\x00\x00\x00\x00\x00\x00\x00"
    "\xff\xff\x00\x00\xff\xff\xff\xff\x00\x00\x00\x00\x00\x00\x00\x00\x00\x00\x00\x00\x80\xff\xff\xff\x00\x00\x00\x00\x00\x00\x00\x00\x00\x00\xff\xff\xff\xff\xff\xff\x00\x00\x00\x00\x00\x00\x00\x00\x00\x00\x00\x00\x00\xff\xff\xff\x00\x00\x00\x00\x00\x00\x00\x00"
    "\x07\x00\x00\x00\xe0\xff\xff\xff\x08\x00\x00\x00\x00\x00\x00\x00\x07\x00\x00\xc0\xff\xff\xff\xff\x00\x00\x00\x00\x00\x00\x00\x00\x07\x00\x00\x00\xf0\xff\xff\xff\x00\x00\x00\x00\x00\x00\x00\x00\x07\x00\x00\x00\xc0\xff\xff\xff\x00\x00\x00\x00\x00\x00\x00\x00"
    "\x00\x00\x00\x00\x00\x00\xc0\xff\x00\x00\x00\x00\x00\x00\x00\x00\x00\x00\x00\x00\x00\xfc\xff\xff\x00\x00\x00\x00\x00\x00\x00\x00\x00\x00\x00\x00\x00\xfc\xff\xff\x00\x00\x00\x00\x00\x00\x00\x00\x00\x00\x00\x00\x00\x00\x80\xff\x00\x00\x00\x00\x00\x00\x00\x00"
    "\x00\x00\x00\x00\x00\x00\x00\xe0\x00\x00\x00\x00\x00\x00\x00\x00\xef\xff\xff\xff\xff\xff\xff\xff\x10\x00\x00\x00\x00\x00\x00\x00\x00\x00\x00\x00\xff\xff\xff\xff\x00\x00\x00\x00\x00\x00\x00\x00\x00\x00\x00\x00\x00\x00\x00\xc0\x00\x00\x00\x00\x00\x00\x00\x00"
    "\x00\x00\x00\x00\x80\xff\xff\xff\x00\x00\x00\x00\x00\x00\x00\x00\x00\x00\xff\xff\xff\xff\xff\xff\x00\x00\x00\x00\x00\x00\x00\x00\x00\x00\xff\xff\xff\xff\xff\xff\x00\x00\x00\x00\x00\x00\x00\x00\x00\x00\x00\x00\x00\xff\xff\xff\x00\x00\x00\x00\x00\x00\x00\x00"
    "\x00\x00\x00\x00\x00\xff\xff\xff\x00\x00\x00\x00\x00\x00\x00\x00\x00\xff\xff\xff\xff\xff\xff\xff\x00\x00\x00\x00\x00\x00\x00\x00\x00\xff\xff\xff\xff\xff\xff\xff\x00\x00\x00\x00\x00\x00\x00\x00\x00\x00\x00\x00\x00\xfe\xff\xff\x00\x00\x00\x00\x00\x00\x00\x00"
    "\xef\xff\xff\xff\xff\xff\xff\xff\x00\x00\x00\x00\x00\x00\x00\x00\x00\xff\xff\xff\xff\xff\xff\xff\x00\x00\x00\x00\x00\x00\x00\x00\xf0\xff\xff\xff\xff\xff\xff\xff\x07\x00\x00\x00\x00\x00\x00\x00\x00\xfe\xff\xff\xff\xff\xff\xff\x00\x00\x00\x00\x00\x00\x00\x00"
    "\x07\x00\x00\x00\xf8\xff\xff\xff\x00\x00\x00\x00\x00\x00\x00\x00\x0f\x00\x00\x00\xc0\xff\xff\xff\x00\x00\x00\x00\x00\x00\x00\x00\x0f\x00\xf0\xff\xff\xff\xff\xff\x00\x00\x00\x00\x00\x00\x00\x00\x07\x00\x00\x00\x80\xff\xff\xff\x00\x00\x00\x00\x00\x00\x00\x00"
    "\x0f\x00\x00\x00\x80\xff\xff\xff\x00\x00\x00\x00\x00\x00\x00\x00\x00\x00\x00\x00\xff\xff\xff\xff\x00\x00\x00\x00\x00\x00\x00\x00\x07\x00\x00\x00\xf8\xff\xff\xff\x00\x00\x00\x00\x00\x00\x00\x00\x00\x00\x00\x00\x00\xff\xff\xff\x00\x00\x00\x00\x00\x00\x00\x00"
    "\x0f\x00\x00\x00\x00\x00\xfc\xff\x00\x00\x00\x00\x00\x00\x00\x00\x00\x00\x00\x00\xff\xff\xff\xff\x00\x00\x00\x00\x00\x00\x00\x00\xe0\xff\xff\xff\xff\xff\xff\xff\x1f\x00\x00\x00\x00\x00\x00\x00\x00\x00\x00\x00\x00\x00\xf8\xff\x00\x00\x00\x00\x00\x00\x00\x00"
    "\xf9\xff\x3f\xe0\xff\xff\xff\x7f\x00\x00\x00\x00\x00\x00\x00\x00\xff\xff\x7f\xff\xff\xff\xff\xff\x00\x00\x00\x00\x00\x00\x00\x00\xff\xff\xff\xfd\xff\xff\xff\xff\x00\x00\x00\x00\x00\x00\x00\x00\xf9\xff\x3f\xc0\xff\xff\xff\x7f\x00\x00\x00\x00\x00\x00\x00\x00"
    "\x07\x00\x00\x00\x00\x00\xff\xff\x00\x00\x00\x00\x00\x00\x00\x00\x0f\x00\xf0\xff\xff\xff\xff\xff\x10\x00\x00\x00\x00\x00\x00\x00\x07\x00\xf8\xff\xff\xff\xff\xff\x00\x00\x00\x00\x00\x00\x00\x00\x07\x00\x00\x00\x00\x00\xfe\xff\x00\x00\x00\x00\x00\x00\x00\x00"
    "\xfe\xfe\xfe\xfe\xfe\xfe\xfe\xfe\x00\x00\x00\x00\x00\x00\x00\x00\xfe\xfe\xfe\xfe\xfe\xfe\xfe\xff\x00\x00\x00\x00\x00\x00\x00\x00\xfc\xfc\xfc\xfc\xfc\xfe\xff\xff\x00\x00\x00\x00\x00\x00\x00\x00\xf8\xf8\xf8\xf8\xf8\xfc\xfc\xfe\x00\x00\x00\x00\x00\x00\x00\x00"
    "\xfa\xff\xff\xff\xff\xff\xff\xff\x04\x00\x00\x00\x00\x00\x00\x00\xfe\xff\xff\xff\xff\xff\xff\xff\x00\x00\x00\x00\x00\x00\x00\x00\xfe\xff\xff\xff\xff\xff\xff\xff\x00\x00\x00\x00\x00\x00\x00\x00\xf8\xff\xff\xff\xff\xff\xff\xff\x04\x00\x00\x00\x00\x00\x00\x00"
    "\x00\x00\x00\x00\x00\x00\xfe\xff\x00\x00\x00\x00\x00\x00\x00\x00\x03\x00\x00\x00\x00\xe0\xff\xff\x00\x00\x00\x00\x00\x00\x00\x00\xff\x7f\xff\xff\xff\xff\xff\xff\x00\x80\x00\x00\x00\x00\x00\x00\x00\x00\x00\x00\x00\x00\xfc\xff\x00\x00\x00\x00\x00\x00\x00\x00"
    "\x00\x80\xff\xff\xff\xff\xff\xff\x00\x00\x00\x00\x00\x00\x00\x00\x00\x00\xff\xff\xff\xff\xff\xff\x00\x00\x00\x00\x00\x00\x00\x00\xf8\xff\xff\xff\xff\xff\xff\xff\x04\x00\x00\x00\x00\x00\x00\x00\x00\x00\xfe\xff\xff\xff\xff\xff\x00\x00\x00\x00\x00\x00\x00\x00"
    "\x00\xf8\xff\xff\xff\xff\xff\xff\x00\x00\x00\x00\x00\x00\x00\x00\x00\x00\x00\xf8\xff\xff\xff\xff\x00\x00\x00\x00\x00\x00\x00\x00\xc0\xff\xff\xff\xff\xff\xff\xff\x3f\x00\x00\x00\x00\x00\x00\x00\x00\x00\x00\xf0\xff\xff\xff\xff\x00\x00\x00\x00\x00\x00\x00\x00"
    "\x00\x00\x00\x00\x00\x00\x00\xfe\x00\x00\x00\x00\x00\x00\x00\x00\xfe\xff\xff\xff\xff\xff\xff\xff\x00\x00\x00\x00\x00\x00\x00\x00\xc0\xff\xff\xff\xff\xff\xff\xff\x3f\x00\x00\x00\x00\x00\x00\x00\x00\x00\x00\x00\x00\x00\x00\xfc\x00\x00\x00\x00\x00\x00\x00\x00"
    "\x03\x00\x00\x00\x00\x00\x00\xfc\x00\x00\x00\x00\x00\x00\x00\x00\xf8\xff\xff\xff\xff\xff\xff\xff\x07\x00\x00\x00\x00\x00\x00\x00\x07\x00\x00\x00\x00\x00\x00\xfe\x00\x00\x00\x00\x00\x00\x00\x00\x00\x00\x00\x00\x00\x00\x00\xf8\x03\x00\x00\x00\x00\x00\x00\x00"
    "\x7f\x00\x00\x00\x00\x00\xfc\xff\x00\x00\x00\x00\x00\x00\x00\x00\x0f\x00\x00\x00\xff\xff\xff\xff\x00\x00\x00\x00\x00\x00\x00\x00\x03\x00\x00\x00\xff\xff\xff\xff\x00\x00\x00\x00\x00\x00\x00\x00\x03\x00\x00\x00\x00\x00\xf8\xff\x00\x00\x00\x00\x00\x00\x00\x00"
    "\x00\x00\x00\x00\x00\xfc\xff\xff\x07\x00\x00\x00\x00\x00\x00\x00\x00\x00\x00\x00\xff\xff\xff\xff\x00\x00\x00\x00\x00\x00\x00\x00\x00\x00\x00\x00\xff\xff\xff\xff\x00\x00\x00\x00\x00\x00\x00\x00\x00\x00\x00\x00\x00\xf8\xff\xff\x00\x00\x00\x00\x00\x00\x00\x00"
    "\x07\x00\x00\x00\xff\xff\xff\xff\x00\x00\x00\x00\x00\x00\x00\x00\xf7\xff\xff\xff\xff\xff\xff\xff\x08\x00\x00\x00\x00\x00\x00\x00\x00\x00\x00\x00\xff\xff\xff\xff\x00\x00\x00\x00\x00\x00\x00\x00\x00\x00\x00\x00\xfe\xff\xff\xff\x00\x00\x00\x00\x00\x00\x00\x00"
    "\xe1\xff\xff\xff\xff\xff\xff\xff\x00\x00\x00\x00\x00\x00\x00\x00\xf1\xff\xff\xff\xff\xff\xff\xff\x00\x00\x00\x00\x00\x00\x00\x00\xf1\xff\xff\xff\xff\xff\xff\xff\x00\x00\x00\x00\x00\x00\x00\x00\xc1\xff\xff\xff\xff\xff\xff\xff\x00\x00\x00\x00\x00\x00\x00\x00"
    "\xfe\xff\xff\xff\xff\xff\xff\xff\x00\x00\x00\x00\x00\x00\x00\x00\xf8\xff\xff\xff\xff\xff\xff\xff\x00\x00\x00\x00\x00\x00\x00\x00\xfe\xff\xff\xff\xff\xff\xff\xff\x00\x00\x00\x00\x00\x00\x00\x00\xf0\xff\xff\xff\xff\xff\xff\xff\x00\x00\x00\x00\x00\x00\x00\x00"
    "\xfe\xff\xff\xff\xff\xff\xff\xff\x00\x00\x00\x00\x00\x00\x00\x00\x00\x00\x00\x00\x00\x00\x80\xff\x00\x00\x00\x00\x00\x00\x00\x00\xfe\xff\xff\xff\xff\xff\xff\xff\x01\x00\x00\x00\x00\x00\x00\x00\x00\x00\x00\x00\x00\x00\x00\xff\x00\x00\x00\x00\x00\x00\x00\x00"
    "\x03\x00\x00\x00\xfc\xff\xff\xff\x00\x00\x00\x00\x00\x00\x00\x00\x1f\x00\x00\x00\xe0\xff\xff\xff\x00\x00\x00\x00\x00\x00\x00\x00\xf8\xff\xff\xff\xff\xff\xff\xff\x07\x00\x00\x00\x00\x00\x00\x00\x00\x00\x00\x00\xc0\xff\xff\xff\x03\x00\x00\x00\x00\x00\x00\x00"
    "\x00\x00\x00\x00\x00\x00\xff\xff\x00\x00\x00\x00\x00\x00\x00\x00\x00\x00\x00\x00\x00\x00\xff\xff\x00\x00\x00\x00\x00\x00\x00\x00\xfe\xff\xff\xff\xff\xff\xff\xff\x00\x00\x00\x00\x00\x00\x00\x00\x00\x00\x00\x00\x00\x00\xfe\xff\x00\x00\x00\x00\x00\x00\x00\x00"
    "\x00\x00\x00\x00\x00\xe0\xff\xff\x00\x00\x00\x00\x00\x00\x00\x00\xf3\xff\xff\xff\xff\xff\xff\xff\x00\x00\x00\x00\x00\x00\x00\x00\xfd\xff\xff\xff\xff\xff\xff\xff\x00\x00\x00\x00\x00\x00\x00\x00\x00\x00\x00\x00\x00\xc0\xff\xff\x00\x00\x00\x00\x00\x00\x00\x00"
    "\xfd\xff\xff\xff\xff\xff\xff\xff\x00\x00\x00\x00\x00\x00\x00\x00\xfd\xff\xff\xff\xff\xff\xff\xff\x00\x00\x00\x00\x00\x00\x00\x00\xfd\xff\xff\xff\xff\xff\xff\xff\x00\x00\x00\x00\x00\x00\x00\x00\xf9\xff\xff\xff\xff\xff\xff\xff\x00\x00\x00\x00\x00\x00\x00\x00"
    "\x00\x00\x00\x00\xe0\xff\xff\xff\x00\x00\x00\x00\x00\x00\x00\x00\x00\x00\x00\x00\xff\xff\xff\xff\x00\x00\x00\x00\x00\x00\x00\x00\x03\x00\x00\x00\xf0\xff\xff\xff\x00\x00\x00\x00\x00\x00\x00\x00\x00\x00\x00\x00\xc0\xff\xff\xff\x00\x00\x00\x00\x00\x00\x00\x00"
    "\x00\x00\x00\x00\xf8\xff\xff\xff\x00\x00\x00\x00\x00\x00\x00\x00\x00\x00\x00\x80\xff\xff\xff\xff\x00\x00\x00\x00\x00\x00\x00\x00\x00\x00\x00\x00\xfe\xff\xff\xff\x00\x00\x00\x00\x00\x00\x00\x00\x00\x00\x00\x00\xf0\xff\xff\xff\x00\x00\x00\x00\x00\x00\x00\x00"
    "\xd7\xff\xff\xff\xff\xff\xff\xff\x20\x00\x00\x00\x00\x00\x00\x00\x1f\x00\x00\x00\xe0\xff\xff\xff\x00\x00\x00\x00\x00\x00\x00\x00\xcf\xff\xff\xff\xff\xff\xff\xff\x00\x00\x00\x00\x00\x00\x00\x00\x07\x00\x00\x00\xc0\xff\xff\xff\x00\x00\x00\x00\x00\x00\x00\x00"
    "\xc7\xff\xff\xff\xff\xff\xff\xff\x30\x00\x00\x00\x00\x00\x00\x00\x1f\x00\x00\x00\xe0\xff\xff\xff\x00\x00\x00\x00\x00\x00\x00\x00\xcf\xff\xff\xff\xff\xff\xff\xff\x00\x00\x00\x00\x00\x00\x00\x00\x07\x00\x00\x00\xc0\xff\xff\xff\x00\x00\x00\x00\x00\x00\x00\x00"
    "\xa7\xff\xff\xff\xff\xff\xff\xff\x48\x00\x00\x00\x00\x00\x00\x00\x1f\x00\x00\x00\xe0\xff\xff\xff\x00\x00\x00\x00\x00\x00\x00\x00\xf7\xff\xff\xff\xff\xff\xff\xff\x00\x00\x00\x00\x00\x00\x00\x00\x07\x00\x00\x00\xc0\xff\xff\xff\x00\x00\x00\x00\x00\x00\x00\x00"
    "\xf9\xff\x3f\xc0\xff\xff\xff\x7f\x00\x00\x00\x00\x00\x00\x00\x00\xff\xff\xff\xfd\xff\xff\xff\xff\x00\x00\x00\x00\x00\x00\x00\x00\xff\xff\xff\xf3\xff\xff\xff\xff\x00\x00\x00\x00\x00\x00\x00\x00\xf9\xff\x3f\x80\xff\xff\xff\x7f\x00\x00\x00\x00\x00\x00\x00\x00"
    "\x07\x00\x00\x00\xf0\xff\xff\xff\x00\x00\x00\x00\x00\x00\x00\x00\x0f\x00\x00\x00\xc0\xff\xff\xff\x00\x00\x00\x00\x00\x00\x00\x00\x03\x00\x00\x00\xfc\xff\xff\xff\x00\x00\x00\x00\x00\x00\x00\x00\x03\x00\x00\x00\x80\xff\xff\xff\x00\x00\x00\x00\x00\x00\x00\x00"
    "\xf8\xff\xff\xff\xff\xff\xff\xff\x00\x00\x00\x00\x00\x00\x00\x00\x00\x80\xff\xff\xff\xff\xff\xff\x00\x00\x00\x00\x00\x00\x00\x00\xf8\xff\xff\xff\xff\xff\xff\xff\x04\x00\x00\x00\x00\x00\x00\x00\x00\x00\xff\xff\xff\xff\xff\xff\x00\x00\x00\x00\x00\x00\x00\x00"
    "\xf8\xff\xff\xff\xff\xff\xff\xff\x00\x00\x00\x00\x00\x00\x00\x00\xfe\xff\xff\xff\xff\xff\xff\xff\x00\x00\x00\x00\x00\x00\x00\x00\xfd\xff\xff\xff\xff\xff\xff\xff\x02\x00\x00\x00\x00\x00\x00\x00\xf0\xff\xff\xff\xff\xff\xff\xff\x00\x00\x00\x00\x00\x00\x00\x00"
    "\x03\x00\x00\x00\xfc\xff\xff\xff\x00\x00\x00\x00\x00\x00\x00\x00\x0f\x00\x00\x00\xf0\xff\xff\xff\x00\x00\x00\x00\x00\x00\x00\x00\xf8\xff\xff\xff\xff\xff\xff\xff\x07\x00\x00\x00\x00\x00\x00\x00\x00\x00\x00\x00\xe0\xff\xff\xff\x03\x00\x00\x00\x00\x00\x00\x00"
    "\x80\xff\xff\xff\xff\xff\xff\xff\x00\x00\x00\x00\x00\x00\x00\x00\xef\xff\xff\xff\xff\xff\xff\xff\x10\x00\x00\x00\x00\x00\x00\x00\xf8\xff\xff\xff\xff\xff\xff\xff\x00\x00\x00\x00\x00\x00\x00\x00\x00\xff\xff\xff\xff\xff\xff\xff\x00\x00\x00\x00\x00\x00\x00\x00"
    "\x00\xfe\x00\xfe\x00\xfe\x00\xfe\x00\x00\x00\x00\x00\x00\x00\x00\x00\x00\x00\x00\x00\x00\xff\xff\x00\x00\x00\x00\x00\x00\x00\x00\x00\x00\x00\x00\xff\xff\xff\xff\x00\x00\x00\x00\x00\x00\x00\x00\x00\x00\x00\x00\x00\x00\x00\xfc\x00\x00\x00\x00\x00\x00\x00\x00"
    "\x07\x00\x00\x00\x80\xff\xff\xff\x00\x00\x00\x00\x00\x00\x00\x00\x0f\x00\xf0\xff\xff\xff\xff\xff\x00\x00\x00\x00\x00\x00\x00\x00\x07\x00\x00\x00\xf8\xff\xff\xff\x00\x00\x00\x00\x00\x00\x00\x00\x07\x00\x00\x00\x00\xff\xff\xff\x00\x00\x00\x00\x00\x00\x00\x00"
    "\x00\x00\x00\x00\x00\x00\xff\xff\x00\x00\x00\x00\x00\x00\x00\x00\x00\x00\x00\xfe\xff\xff\xff\xff\x00\x00\x00\x00\x00\x00\x00\x00\xf9\xff\xff\xff\xff\xff\xff\xff\x06\x00\x00\x00\x00\x00\x00\x00\x00\x00\x00\x00\x00\x00\xfe\xff\x00\x00\x00\x00\x00\x00\x00\x00"
    "\x03\x00\x00\xfc\xff\xff\xff\xff\x00\x00\x00\x00\x00\x00\x00\x00\xf8\xff\xff\xff\xff\xff\xff\xff\x00\x00\x00\x00\x00\x00\x00\x00\xff\xff\xff\xfd\xff\xff\xff\xff\x00\x00\x00\x02\x00\x00\x00\x00\x00\x00\x00\xf8\xff\xff\xff\xff\x00\x00\x00\x00\x00\x00\x00\x00"
    "\x0f\x00\x00\xf0\xff\xff\xff\xff\x00\x00\x00\x00\x00\x00\x00\x00\xe0\xff\xff\xff\xff\xff\xff\xff\x00\x00\x00\x00\x00\x00\x00\x00\xff\xff\xff\xfd\xff\xff\xff\xff\x00\x00\x00\x02\x00\x00\x00\x00\x00\x00\x00\xe0\xff\xff\xff\xff\x00\x00\x00\x00\x00\x00\x00\x00"
    "\x1f\x00\x00\xe0\xff\xff\xff\xff\x00\x00\x00\x00\x00\x00\x00\x00\xc0\xff\xff\xff\xff\xff\xff\xff\x00\x00\x00\x00\x00\x00\x00\x00\xff\xff\xff\xfd\xff\xff\xff\xff\x00\x00\x00\x02\x00\x00\x00\x00\x00\x00\x00\xc0\xff\xff\xff\xff\x00\x00\x00\x00\x00\x00\x00\x00"
    "\x01\xff\xff\xff\xff\xff\xff\xff\x00\x00\x00\x00\x00\x00\x00\x00\x03\x80\xff\xff\xff\xff\xff\xff\x00\x00\x00\x00\x00\x00\x00\x00\x80\xff\xff\xff\xff\xff\xff\xff\x00\x00\x00\x00\x00\x00\x00\x00\x00\x00\xff\xff\xff\xff\xff\xff\x00\x00\x00\x00\x00\x00\x00\x00"
    "\x03\x00\x00\x00\xf8\xff\xff\xff\x00\x00\x00\x00\x00\x00\x00\x00\xf3\xff\xff\xff\xff\xff\xff\xff\x0c\x00\x00\x00\x00\x00\x00\x00\x07\xfe\xff\xff\xff\xff\xff\xff\x00\x00\x00\x00\x00\x00\x00\x00\x03\x00\x00\x00\xf0\xff\xff\xff\x00\x00\x00\x00\x00\x00\x00\x00"
    "\x07\x00\x00\x00\xff\xff\xff\xff\x00\x00\x00\x00\x00\x00\x00\x00\xbf\xff\xff\xff\xff\xff\xff\xff\x40\x00\x00\x00\x00\x00\x00\x00\xef\xff\xff\xff\xff\xff\xff\xff\x00\x00\x00\x00\x00\x00\x00\x00\x07\x00\x00\x00\xfe\xff\xff\xff\x00\x00\x00\x00\x00\x00\x00\x00"
    "\x07\x00\x00\x00\xff\xff\xff\xff\x00\x00\x00\x00\x00\x00\x00\x00\xaf\xff\xff\xff\xff\xff\xff\xff\x50\x00\x00\x00\x00\x00\x00\x00\xef\xff\xff\xff\xff\xff\xff\xff\x00\x00\x00\x00\x00\x00\x00\x00\x07\x00\x00\x00\xfe\xff\xff\xff\x00\x00\x00\x00\x00\x00\x00\x00"
    "\x0f\x00\x00\x00\xc0\xff\xff\xff\x00\x00\x00\x00\x00\x00\x00\x00\x07\x00\x00\x00\xf0\xff\xff\xff\x00\x00\x00\x00\x00\x00\x00\x00\x03\x00\x00\x00\xfc\xff\xff\xff\x00\x00\x00\x00\x00\x00\x00\x00\x03\x00\x00\x00\x80\xff\xff\xff\x00\x00\x00\x00\x00\x00\x00\x00"
    "\x03\x00\x00\x00\xf8\xff\xff\xff\x00\x00\x00\x00\x00\x00\x00\x00\x07\x00\x00\x00\xf8\xff\xff\xff\x00\x00\x00\x00\x00\x00\x00\x00\xf8\xff\xff\xff\xff\xff\xff\xff\x07\x00\x00\x00\x00\x00\x00\x00\x00\x00\x00\x00\xf0\xff\xff\xff\x03\x00\x00\x00\x00\x00\x00\x00"
    "\x00\x00\x00\x80\xff\xff\xff\xbf\x00\x00\x00\x00\x00\x00\x00\x00\xbf\xff\xff\xff\xff\xff\xff\xff\x00\x00\x00\x00\x00\x00\x00\x00\xff\xff\xf7\xff\xff\xff\xff\xff\x00\x00\x00\x00\x00\x00\x00\x00\x00\x00\x00\x00\xff\xff\xff\xbf\x00\x00\x00\x00\x00\x00\x00\x00"
    "\xfe\xff\xff\xff\xff\xff\xff\xff\x00\x00\x00\x00\x00\x00\x00\x00\xf0\xff\xff\xff\xff\xff\xff\xff\x00\x00\x00\x00\x00\x00\x00\x00\xfe\xff\xff\xff\xff\xff\xff\xff\x00\x00\x00\x00\x00\x00\x00\x00\xe0\xff\xff\xff\xff\xff\xff\xff\x00\x00\x00\x00\x00\x00\x00\x00"
    "\xff\xff\x7f\x00\x00\x00\x00\xf8\x00\x00\x00\x00\x00\x00\x00\x00\xff\xff\xff\xff\x7f\xff\xff\xff\x00\x00\x00\x00\x00\x00\x00\x00\xff\xff\xff\xff\xff\xfe\xff\xff\x00\x00\x00\x00\x00\x00\x00\x00\xff\xff\x7f\x00\x00\x00\x00\xf0\x00\x00\x00\x00\x00\x00\x00\x00"
    "\x00\x00\x00\x00\x1f\x00\x00\x80\x00\x00\x00\x08\x00\x00\x00\x00\xff\xff\xff\xdf\xff\xff\xff\xff\x00\x00\x00\x00\x00\x00\x00\x00\xff\xff\xff\xbf\xff\xff\xff\xff\x00\x00\x00\x00\x00\x00\x00\x00\x00\x00\x00\x00\x1e\x00\x00\x80\x00\x00\x00\x08\x00\x00\x00\x00"
    "\x00\xe0\xff\xff\xff\xff\xff\xff\x00\x00\x00\x00\x00\x00\x00\x00\xfe\xff\xff\xff\xff\xff\xff\xff\x01\x00\x00\x00\x00\x00\x00\x00\x00\xf0\xff\xff\xff\xff\xff\xff\x00\x00\x00\x00\x00\x00\x00\x00\x00\xc0\xff\xff\xff\xff\xff\xff\x00\x00\x00\x00\x00\x00\x00\x00"
    "\xfc\xff\xff\xff\xff\xff\xff\xff\x02\x00\x00\x00\x00\x00\x00\x00\xfe\xff\xff\xff\xff\xff\xff\xff\x00\x00\x00\x00\x00\x00\x00\x00\xfc\xff\xff\xff\xff\xff\xff\xff\x03\x00\x00\x00\x00\x00\x00\x00\xf8\xff\xff\xff\xff\xff\xff\xff\x04\x00\x00\x00\x00\x00\x00\x00"
    "\xf9\xff\xff\xff\xff\xff\xff\xff\x00\x00\x00\x00\x00\x00\x00\x00\xfd\xff\xff\xff\xff\xff\xff\xff\x00\x00\x00\x00\x00\x00\x00\x00\xfd\xff\xff\xff\xff\xff\xff\xff\x00\x00\x00\x00\x00\x00\x00\x00\xf1\xff\xff\xff\xff\xff\xff\xff\x00\x00\x00\x00\x00\x00\x00\x00"
    "\x0f\x00\xf0\xff\xff\xff\xff\xff\x10\x00\x00\x00\x00\x00\x00\x00\x07\x00\x00\x00\x00\x00\xff\xff\x00\x00\x00\x00\x00\x00\x00\x00\x07\x00\x00\xc0\xff\xff\xff\xff\x00\x00\x00\x00\x00\x00\x00\x00\x07\x00\x00\x00\x00\x00\xfe\xff\x00\x00\x00\x00\x00\x00\x00\x00"
    "\x00\x00\x00\x00\x00\xf0\xff\xff\x00\x00\x00\x00\x00\x00\x00\x00\xf0\xf0\xf0\xf0\xf0\xf0\xf0\xf8\x00\x00\x00\x00\x00\x00\x00\x00\x00\x00\x00\xe0\xff\xff\xff\xff\x00\x00\x00\x00\x00\x00\x00\x00\x00\x00\x00\x00\x00\xe0\xf0\xf8\x00\x00\x00\x00\x00\x00\x00\x00"
    "\x3f\x00\x00\x00\xfc\xff\xff\xff\x00\x00\x00\x00\x00\x00\x00\x00\x3f\x00\xfe\xff\xff\xff\xff\xff\x00\x00\x00\x00\x00\x00\x00\x00\x7f\xff\xff\xff\xff\xff\xff\xff\x80\x00\x00\x00\x00\x00\x00\x00\x3f\x00\x00\x00\xf8\xff\xff\xff\x00\x00\x00\x00\x00\x00\x00\x00"
    "\x07\x00\x00\x00\xfe\xff\xff\xff\x00\x00\x00\x00\x00\x00\x00\x00\xf7\xff\xff\xff\xff\xff\xff\xff\x08\x00\x00\x00\x00\x00\x00\x00\x07\xfc\xff\xff\xff\xff\xff\xff\x00\x00\x00\x00\x00\x00\x00\x00\x07\x00\x00\x00\xfc\xff\xff\xff\x00\x00\x00\x00\x00\x00\x00\x00"
    "\x00\x00\x00\x80\xff\xff\xff\xff\x00\x00\x00\x00\x00\x00\x00\x00\x00\x00\x00\x00\xf8\xff\xff\xff\x00\x00\x00\x00\x00\x00\x00\x00\x00\x00\x00\x80\xff\xff\xff\xff\x00\x00\x00\x00\x00\x00\x00\x00\x00\x00\x00\x00\xf0\xff\xff\xff\x00\x00\x00\x00\x00\x00\x00\x00"
    "\x07\x00\x00\xe0\xff\xff\xff\xff\x00\x00\x00\x00\x00\x00\x00\x00\x00\xfc\xff\xff\xff\xff\xff\xff\xff\x03\x00\x00\x00\x00\x00\x00\xff\xfd\xff\xff\xff\xff\xff\xff\x00\x02\x00\x00\x00\x00\x00\x00\x00\x00\x00\xc0\xff\xff\xff\xff\x07\x00\x00\x00\x00\x00\x00\x00"
    "\xfc\xff\xff\xff\xff\xff\xff\xff\x00\x00\x00\x00\x00\x00\x00\x00\xfe\xff\xff\xff\xff\xff\xff\xff\x01\x00\x00\x00\x00\x00\x00\x00\xfc\xff\xff\xff\xff\xff\xff\xff\x00\x00\x00\x00\x00\x00\x00\x00\xf8\xff\xff\xff\xff\xff\xff\xff\x00\x00\x00\x00\x00\x00\x00\x00"
    "\x07\x00\x00\x00\xf0\xff\xff\xff\x00\x00\x00\x00\x00\x00\x00\x00\x03\x00\x00\x00\xfc\xff\xff\xff\x00\x00\x00\x00\x00\x00\x00\x00\xf8\xff\xff\xff\xff\xff\xff\xff\x07\x00\x00\x00\x00\x00\x00\x00\x00\x00\x00\x00\xe0\xff\xff\xff\x03\x00\x00\x00\x00\x00\x00\x00"
    "\x00\x00\x00\x00\x00\x00\x00\xf0\x00\x00\x00\x00\x00\x00\x00\x00\x00\x00\x00\x00\x00\x00\x00\xe0\x00\x00\x00\x00\x00\x00\x00\x00\xfa\xff\xff\xff\xff\xff\xff\xff\x05\x00\x00\x00\x00\x00\x00\x00\x00\x00\x00\x00\x00\x00\x00\xc0\x00\x00\x00\x00\x00\x00\x00\x00"
    "\x03\xfc\xff\xff\xff\xff\xff\xff\x00\x00\x00\x00\x00\x00\x00\x00\x07\x00\x00\x00\xc0\xff\xff\xff\x00\x00\x00\x00\x00\x00\x00\x00\x00\x00\x00\x00\xff\xff\xff\xff\x00\x00\x00\x00\x00\x00\x00\x00\x00\x00\x00\x00\x80\xff\xff\xff\x00\x00\x00\x00\x00\x00\x00\x00"
    "\x00\x00\x00\x00\xff\xff\xff\xbf\x00\x00\x00\x00\x00\x00\x00\x00\xff\xff\xf7\xff\xff\xff\xff\xff\x00\x00\x00\x00\x00\x00\x00\x00\xff\xff\xff\xfb\xff\xff\xff\xff\x00\x00\x00\x00\x00\x00\x00\x00\x00\x00\x00\x00\xfe\xff\xff\xbf\x00\x00\x00\x00\x00\x00\x00\x00"
    "\x00\x00\x00\x00\xfe\xff\xff\xbf\x00\x00\x00\x00\x00\x00\x00\x00\xff\xff\xff\xfb\xff\xff\xff\xff\x00\x00\x00\x00\x00\x00\x00\x00\xff\xff\xff\xbf\xff\xff\xff\xff\x00\x00\x00\x00\x00\x00\x00\x00\x00\x00\x00\x00\xfc\xff\xff\xbf\x00\x00\x00\x00\x00\x00\x00\x00"
    "\xff\xff\x7f\x00\x00\x00\x00\xf0\x00\x00\x00\x00\x00\x00\x00\x00\xff\xff\xff\xff\xff\xfe\xff\xff\x00\x00\x00\x00\x00\x00\x00\x00\xff\xff\xff\xff\xff\xff\xef\xff\x00\x00\x00\x00\x00\x00\x00\x00\xff\xff\x7f\x00\x00\x00\x00\xe0\x00\x00\x00\x00\x00\x00\x00\x00"
    "\x00\x00\x00\x00\x1e\x00\x00\x80\x00\x00\x00\x08\x00\x00\x00\x00\xff\xff\xff\xbf\xff\xff\xff\xff\x00\x00\x00\x00\x00\x00\x00\x00\xff\xff\xff\xff\xfe\xff\xff\xff\x00\x00\x00\x00\x00\x00\x00\x00\x00\x00\x00\x00\x1c\x00\x00\x80\x00\x00\x00\x08\x00\x00\x00\x00"
    "\x00\x00\x00\x00\xff\xff\xff\xff\x00\x00\x00\x00\x00\x00\x00\x00\x00\x00\x00\x00\x00\x00\x00\xf8\xff\xff\xff\xff\xff\xff\xff\x07\x00\x00\x00\x00\xff\xff\xff\xff\x00\x00\x00\x00\x00\x00\x00\x00\x00\x00\x00\x00\x00\x00\x00\xf0\x00\x00\x00\x00\x00\x00\x00\x00"
    "\xf0\xff\xff\xff\xff\xff\xff\xff\x00\x00\x00\x00\x00\x00\x00\x00\x00\x00\x00\x00\x00\x00\xf0\xff\x00\x00\x00\x00\x00\x00\x00\x00\xf0\xff\xff\xff\xff\xff\xff\xff\x00\x00\x00\x00\x00\x00\x00\x00\x00\x00\x00\x00\x00\x00\xe0\xff\x00\x00\x00\x00\x00\x00\x00\x00"
    "\xf8\xff\xff\xff\xff\xff\xff\xff\x00\x00\x00\x00\x00\x00\x00\x00\xfe\xff\xff\xff\xff\xff\xff\xff\x01\x00\x00\x00\x00\x00\x00\x00\xf8\xff\xff\xff\xff\xff\xff\xff\x00\x00\x00\x00\x00\x00\x00\x00\xf0\xff\xff\xff\xff\xff\xff\xff\x00\x00\x00\x00\x00\x00\x00\x00";
static const unsigned char kBlob_bw128_0[] =
    "\x00\x00\x00\x00\x00\x00\x00\x00\xff\xff\xff\xff\xff\xff\xff\xff\x00\x00\x00\x00\x00\x00\x00\x00\x00\x00\x00\x00\x00\x00\x00\x00\x00\x00\x00\x00\x00\x00\x00\x00\xff\xff\xff\xff\xff\xff\xff\xff\x00\x00\x00\x00\x00\x00\x00\x00\x00\x00\x00\x00\x00\x00\x00\x00\xfe\xff\xff\xff\xff\xff\xff\xff\xff\xff\xff\xff\xff\xff\xff\xff\x00\x00\x00\x00\x00\x00\x00\x00\x00\x00\x00\x00\x00\x00\x00\x00\x00\x00\x00\x00\x00\x00\x00\x00\xfe\xff\xff\xff\xff\xff\xff\xff\x00\x00\x00\x00\x00\x00\x00\x00\x00\x00\x00\x00\x00\x00\x00\x00"
    "\xfe\xff\xff\xff\xff\xff\xff\xff\xff\xff\xff\xff\xff\xff\xff\xff\x00\x00\x00\x00\x00\x00\x00\x00\x00\x00\x00\x00\x00\x00\x00\x00\x00\x00\x00\x00\x00\x00\x00\x00\xff\xff\xff\xff\xff\xff\xff\xff\x00\x00\x00\x00\x00\x00\x00\x00\x00\x00\x00\x00\x00\x00\x00\x00\x00\x00\x00\x00\x00\x00\x00\x00\xff\xff\xff\xff\xff\xff\xff\xff\x00\x00\x00\x00\x00\x00\x00\x00\x00\x00\x00\x00\x00\x00\x00\x00\x00\x00\x00\x00\x00\x00\x00\x00\xfe\xff\xff\xff\xff\xff\xff\xff\x00\x00\x00\x00\x00\x00\x00\x00\x00\x00\x00\x00\x00\x00\x00\x00"
    "\x00\x00\x00\x00\x00\x00\x00\x00\xfe\xff\xff\xff\xff\xff\xff\xff\x00\x00\x00\x00\x00\x00\x00\x00\x00\x00\x00\x00\x00\x00\x00\x00\x00\x00\x00\x00\x00\x00\x00\x00\xff\xff\xff\xff\xff\xff\xff\xff\x00\x00\x00\x00\x00\x00\x00\x00\x00\x00\x00\x00\x00\x00\x00\x00\x00\x00\x00\x00\x00\x00\x00\x00\xff\xff\xff\xff\xff\xff\xff\xff\x00\x00\x00\x00\x00\x00\x00\x00\x00\x00\x00\x00\x00\x00\x00\x00\x00\x00\x00\x00\x00\x00\x00\x00\xfc\xff\xff\xff\xff\xff\xff\xff\x00\x00\x00\x00\x00\x00\x00\x00\x00\x00\x00\x00\x00\x00\x00\x00"
    "\x00\x00\x00\x00\x00\x00\x00\x00\xfc\xff\xff\xff\xff\xff\xff\xff\x00\x00\x00\x00\x00\x00\x00\x00\x00\x00\x00\x00\x00\x00\x00\x00\x00\x00\x00\x00\x00\x00\x00\x00\xff\xff\xff\xff\xff\xff\xff\xff\x00\x00\x00\x00\x00\x00\x00\x00\x00\x00\x00\x00\x00\x00\x00\x00\x00\x00\x00\x00\x00\x00\x00\x00\xff\xff\xff\xff\xff\xff\xff\xff\x00\x00\x00\x00\x00\x00\x00\x00\x00\x00\x00\x00\x00\x00\x00\x00\x00\x00\x00\x00\x00\x00\x00\x00\xf8\xff\xff\xff\xff\xff\xff\xff\x00\x00\x00\x00\x00\x00\x00\x00\x00\x00\x00\x00\x00\x00\x00\x00"
    "\x00\x00\x00\x00\x00\x00\x00\x00\x00\xff\xff\xff\xff\xff\xff\xff\x00\x00\x00\x00\x00\x00\x00\x00\x00\x00\x00\x00\x00\x00\x00\x00\x00\x00\x00\x00\x00\x00\x00\x00\xff\xff\xff\xff\xff\xff\xff\xff\x00\x00\x00\x00\x00\x00\x00\x00\x00\x00\x00\x00\x00\x00\x00\x00\x00\x00\x00\x00\x00\x00\x00\x00\xff\xff\xff\xff\xff\xff\xff\xff\x00\x00\x00\x00\x00\x00\x00\x00\x00\x00\x00\x00\x00\x00\x00\x00\x00\x00\x00\x00\x00\x00\x00\x00\x00\xfe\xff\xff\xff\xff\xff\xff\x00\x00\x00\x00\x00\x00\x00\x00\x00\x00\x00\x00\x00\x00\x00\x00"
    "\x01\x00\x00\x00\x00\x00\x00\x00\x00\x00\x00\x00\x00\x00\xf8\xff\x00\x00\x00\x00\x00\x00\x00\x00\x00\x00\x00\x00\x00\x00\x00\x00\x00\x00\x00\x00\x00\x00\x00\x00\x00\x00\x00\x00\x00\xf8\xff\xff\x00\x00\x00\x00\x00\x00\x00\x00\x00\x00\x00\x00\x00\x00\x00\x00\x01\x00\x00\x00\x00\x00\x00\x00\x00\x00\x00\x00\x00\xe0\xff\xff\x00\x00\x00\x00\x00\x00\x00\x00\x00\x00\x00\x00\x00\x00\x00\x00\x00\x00\x00\x00\x00\x00\x00\x00\x00\x00\x00\x00\x00\x00\xf0\xff\x00\x00\x00\x00\x00\x00\x00\x00\x00\x00\x00\x00\x00\x00\x00\x00"
    "\x00\xff\xff\xff\xff\xff\xff\xff\xff\xff\xff\xff\xff\xff\xff\xff\x00\x00\x00\x00\x00\x00\x00\x00\x00\x00\x00\x00\x00\x00\x00\x00\x00\xff\xff\xff\xff\xff\xff\xff\xff\xff\xff\xff\xff\xff\xff\xff\x00\x00\x00\x00\x00\x00\x00\x00\x00\x00\x00\x00\x00\x00\x00\x00\xfe\xff\xff\xff\xff\xff\xff\xff\xff\xff\xff\xff\xff\xff\xff\xff\x00\x00\x00\x00\x00\x00\x00\x00\x00\x00\x00\x00\x00\x00\x00\x00\x00\xfe\xff\xff\xff\xff\xff\xff\xff\xff\xff\xff\xff\xff\xff\xff\x00\x00\x00\x00\x00\x00\x00\x00\x00\x00\x00\x00\x00\x00\x00\x00"
    "\x00\x00\xff\xff\xff\xff\xff\xff\xff\xff\xff\xff\xff\xff\xff\xff\x00\x00\x00\x00\x00\x00\x00\x00\x00\x00\x00\x00\x00\x00\x00\x00\x00\x00\xff\xff\xff\xff\xff\xff\xff\xff\xff\xff\xff\xff\xff\xff\x00\x00\x00\x00\x00\x00\x00\x00\x00\x00\x00\x00\x00\x00\x00\x00\xfe\xff\xff\xff\xff\xff\xff\xff\xff\xff\xff\xff\xff\xff\xff\xff\x00\x00\x00\x00\x00\x00\x00\x00\x00\x00\x00\x00\x00\x00\x00\x00\x00\x00\xfe\xff\xff\xff\xff\xff\xff\xff\xff\xff\xff\xff\xff\xff\x00\x00\x00\x00\x00\x00\x00\x00\x00\x00\x00\x00\x00\x00\x00\x00"
    "\x00\x00\x00\x00\xff\xff\xff\xff\xff\xff\xff\xff\xff\xff\xff\xff\x00\x00\x00\x00\x00\x00\x00\x00\x00\x00\x00\x00\x00\x00\x00\x00\x00\x00\x00\x00\xff\xff\xff\xff\xff\xff\xff\xff\xff\xff\xff\xff\x00\x00\x00\x00\x00\x00\x00\x00\x00\x00\x00\x00\x00\x00\x00\x00\xfe\xff\xff\xff\xff\xff\xff\xff\xff\xff\xff\xff\xff\xff\xff\xff\x00\x00\x00\x00\x00\x00\x00\x00\x00\x00\x00\x00\x00\x00\x00\x00\x00\x00\x00\x00\xfe\xff\xff\xff\xff\xff\xff\xff\xff\xff\xff\xff\x00\x00\x00\x00\x00\x00\x00\x00\x00\x00\x00\x00\x00\x00\x00\x00"
    "\x00\x00\x00\x00\x00\x00\x00\x00\x00\x00\x00\x00\xc0\xff\xff\xff\x00\x00\x00\x00\x00\x00\x00\x00\x00\x00\x00\x00\x00\x00\x00\x00\x01\x00\x00\x00\x00\x00\x00\x00\x00\x00\x00\x00\x00\xf0\xff\xff\x00\x00\x00\x00\x00\x00\x00\x00\x00\x00\x00\x00\x00\x00\x00\x00\x01\x00\x00\x00\x00\x00\x00\x00\x00\x00\x00\x00\x00\xfe\xff\xff\x00\x00\x00\x00\x00\x00\x00\x00\x00\x00\x00\x00\x00\x00\x00\x00\x00\x00\x00\x00\x00\x00\x00\x00\x00\x00\x00\x00\x00\xe0\xff\xff\x00\x00\x00\x00\x00\x00\x00\x00\x00\x00\x00\x00\x00\x00\x00\x00"
    "\x00\xff\xff\xff\xff\xff\xff\xff\xff\xff\xff\xff\xff\xff\xff\xff\x00\x00\x00\x00\x00\x00\x00\x00\x00\x00\x00\x00\x00\x00\x00\x00\xfe\xff\xff\xff\xff\xff\xff\xff\xff\xff\xff\xff\xff\xff\xff\xff\x00\x00\x00\x00\x00\x00\x00\x00\x00\x00\x00\x00\x00\x00\x00\x00\x00\xff\xff\xff\xff\xff\xff\xff\xff\xff\xff\xff\xff\xff\xff\xff\x00\x00\x00\x00\x00\x00\x00\x00\x00\x00\x00\x00\x00\x00\x00\x00\x00\xfe\xff\xff\xff\xff\xff\xff\xff\xff\xff\xff\xff\xff\xff\xff\x00\x00\x00\x00\x00\x00\x00\x00\x00\x00\x00\x00\x00\x00\x00\x00"
    "\x00\x00\xff\xff\xff\xff\xff\xff\xff\xff\xff\xff\xff\xff\xff\xff\x00\x00\x00\x00\x00\x00\x00\x00\x00\x00\x00\x00\x00\x00\x00\x00\xfe\xff\xff\xff\xff\xff\xff\xff\xff\xff\xff\xff\xff\xff\xff\xff\x00\x00\x00\x00\x00\x00\x00\x00\x00\x00\x00\x00\x00\x00\x00\x00\x00\x00\xff\xff\xff\xff\xff\xff\xff\xff\xff\xff\xff\xff\xff\xff\x00\x00\x00\x00\x00\x00\x00\x00\x00\x00\x00\x00\x00\x00\x00\x00\x00\x00\xfe\xff\xff\xff\xff\xff\xff\xff\xff\xff\xff\xff\xff\xff\x00\x00\x00\x00\x00\x00\x00\x00\x00\x00\x00\x00\x00\x00\x00\x00"
    "\x00\x00\x00\x00\xff\xff\xff\xff\xff\xff\xff\xff\xff\xff\xff\xff\x00\x00\x00\x00\x00\x00\x00\x00\x00\x00\x00\x00\x00\x00\x00\x00\xfe\xff\xff\xff\xff\xff\xff\xff\xff\xff\xff\xff\xff\xff\xff\xff\x00\x00\x00\x00\x00\x00\x00\x00\x00\x00\x00\x00\x00\x00\x00\x00\x00\x00\x00\x00\xff\xff\xff\xff\xff\xff\xff\xff\xff\xff\xff\xff\x00\x00\x00\x00\x00\x00\x00\x00\x00\x00\x00\x00\x00\x00\x00\x00\x00\x00\x00\x00\xfe\xff\xff\xff\xff\xff\xff\xff\xff\xff\xff\xff\x00\x00\x00\x00\x00\x00\x00\x00\x00\x00\x00\x00\x00\x00\x00\x00"
    "\x01\x00\x00\x00\x00\x00\x00\x00\x00\x00\x00\x00\x00\x00\x00\xff\x00\x00\x00\x00\x00\x00\x00\x00\x00\x00\x00\x00\x00\x00\x00\x00\x01\x00\x00\x00\x00\x00\x00\x00\x00\x00\x00\x00\x00\x00\xf8\xff\x00\x00\x00\x00\x00\x00\x00\x00\x00\x00\x00\x00\x00\x00\x00\x00\x00\x00\x00\x00\x00\x00\x00\x00\x00\x00\x00\x00\x00\xf8\xff\xff\x00\x00\x00\x00\x00\x00\x00\x00\x00\x00\x00\x00\x00\x00\x00\x00\x00\x00\x00\x00\x00\x00\x00\x00\x00\x00\x00\x00\x00\x00\x00\xfe\x00\x00\x00\x00\x00\x00\x00\x00\x00\x00\x00\x00\x00\x00\x00\x00"
    "\x00\x00\x00\x00\x00\x00\x00\x00\xfc\xff\xff\xff\xff\xff\xff\xff\x00\x00\x00\x00\x00\x00\x00\x00\x00\x00\x00\x00\x00\x00\x00\x00\x01\x00\x00\x00\x00\x00\x00\x00\xfe\xff\xff\xff\xff\xff\xff\xff\x00\x00\x00\x00\x00\x00\x00\x00\x00\x00\x00\x00\x00\x00\x00\x00\x01\x00\x00\x00\x00\x00\x00\x00\xfe\xff\xff\xff\xff\xff\xff\xff\x00\x00\x00\x00\x00\x00\x00\x00\x00\x00\x00\x00\x00\x00\x00\x00\x00\x00\x00\x00\x00\x00\x00\x00\xf8\xff\xff\xff\xff\xff\xff\xff\x00\x00\x00\x00\x00\x00\x00\x00\x00\x00\x00\x00\x00\x00\x00\x00"
    "\xff\xff\xff\xff\x00\x00\x00\x00\xff\xff\xff\xff\xff\xff\xff\xff\x00\x00\x00\x00\x00\x00\x00\x00\x00\x00\x00\x00\x00\x00\x00\x00\x00\x00\x00\x00\x00\x00\x00\x00\xff\xff\xff\xff\xff\xff\xff\xff\x00\x00\x00\x00\x00\x00\x00\x00\x00\x00\x00\x00\x00\x00\x00\x00\x00\x00\x00\x00\xff\xff\xff\xff\xff\xff\xff\xff\xff\xff\xff\xff\x00\x00\x00\x00\x00\x00\x00\x00\x00\x00\x00\x00\x00\x00\x00\x00\x00\x00\x00\x00\x00\x00\x00\x00\xfe\xff\xff\xff\xff\xff\xff\xff\x00\x00\x00\x00\x00\x00\x00\x00\x00\x00\x00\x00\x00\x00\x00\x00"
    "\x01\x00\x00\x00\x00\x00\x00\x00\x00\x00\x00\x00\x00\x00\x00\xff\x00\x00\x00\x00\x00\x00\x00\x00\x00\x00\x00\x00\x00\x00\x00\x00\x00\x00\x00\x00\x00\x00\x00\x00\x00\x00\x00\x00\x00\x00\xff\xff\x00\x00\x00\x00\x00\x00\x00\x00\x00\x00\x00\x00\x00\x00\x00\x00\x00\x00\x00\x00\x00\x00\x00\x00\x00\x00\x00\x00\x00\xc0\xff\xff\x00\x00\x00\x00\x00\x00\x00\x00\x00\x00\x00\x00\x00\x00\x00\x00\x00\x00\x00\x00\x00\x00\x00\x00\x00\x00\x00\x00\x00\x00\x00\xfe\x00\x00\x00\x00\x00\x00\x00\x00\x00\x00\x00\x00\x00\x00\x00\x00"
    "\x00\x00\x00\x00\x00\x00\x00\x00\xfc\xff\xff\xff\xff\xff\xff\xff\x00\x00\x00\x00\x00\x00\x00\x00\x00\x00\x00\x00\x00\x00\x00\x00\x01\x00\x00\x00\x00\x00\x00\x00\xfe\xff\xff\xff\xff\xff\xff\xff\x00\x00\x00\x00\x00\x00\x00\x00\x00\x00\x00\x00\x00\x00\x00\x00\x00\x00\x00\x00\x00\x00\x00\x00\xff\xff\xff\xff\xff\xff\xff\xff\x00\x00\x00\x00\x00\x00\x00\x00\x00\x00\x00\x00\x00\x00\x00\x00\x00\x00\x00\x00\x00\x00\x00\x00\xf8\xff\xff\xff\xff\xff\xff\xff\x00\x00\x00\x00\x00\x00\x00\x00\x00\x00\x00\x00\x00\x00\x00\x00"
    "\x00\x00\x00\x00\x00\x00\x00\x00\x00\x00\x00\x00\x00\x00\xf0\xff\x00\x00\x00\x00\x00\x00\x00\x00\x00\x00\x00\x00\x00\x00\x00\x00\x01\x00\x00\x00\x00\x00\x00\x00\x00\x00\x00\x00\x00\xf0\xff\xff\x00\x00\x00\x00\x00\x00\x00\x00\x00\x00\x00\x00\x00\x00\x00\x00\x00\x00\x00\x00\x00\x00\x00\x00\x00\xe0\xff\xff\xff\xff\xff\xff\x00\x00\x00\x00\x00\x00\x00\x00\x00\x00\x00\x00\x00\x00\x00\x00\x00\x00\x00\x00\x00\x00\x00\x00\x00\x00\x00\x00\x00\x00\xe0\xff\x00\x00\x00\x00\x00\x00\x00\x00\x00\x00\x00\x00\x00\x00\x00\x00"
    "\x00\x00\x00\x00\x00\x00\x00\x80\xff\xff\xff\xff\xff\xff\xff\xff\x00\x00\x00\x00\x00\x00\x00\x00\x00\x00\x00\x00\x00\x00\x00\x00\x00\x00\x00\x00\x00\x00\x00\x00\xff\xff\xff\xff\xff\xff\xff\xff\x00\x00\x00\x00\x00\x00\x00\x00\x00\x00\x00\x00\x00\x00\x00\x00\xfc\xff\xff\xff\xff\xff\xff\xff\xff\xff\xff\xff\xff\xff\xff\xff\x00\x00\x00\x00\x00\x00\x00\x00\x00\x00\x00\x00\x00\x00\x00\x00\x00\x00\x00\x00\x00\x00\x00\x00\xfe\xff\xff\xff\xff\xff\xff\xff\x00\x00\x00\x00\x00\x00\x00\x00\x00\x00\x00\x00\x00\x00\x00\x00"
    "\x00\x00\x00\x00\x00\x00\x00\x00\xff\xff\xff\xff\xff\xff\xff\xff\x00\x00\x00\x00\x00\x00\x00\x00\x00\x00\x00\x00\x00\x00\x00\x00\xfe\xff\xff\xff\xff\xff\xff\xff\xff\xff\xff\xff\xff\xff\xff\xff\x00\x00\x00\x00\x00\x00\x00\x00\x00\x00\x00\x00\x00\x00\x00\x00\x00\x00\x00\x00\x00\x00\x00\x00\xff\xff\xff\xff\xff\xff\xff\xff\x00\x00\x00\x00\x00\x00\x00\x00\x00\x00\x00\x00\x00\x00\x00\x00\x00\x00\x00\x00\x00\x00\x00\x00\xfe\xff\xff\xff\xff\xff\xff\xff\x00\x00\x00\x00\x00\x00\x00\x00\x00\x00\x00\x00\x00\x00\x00\x00"
    "\x00\x00\x00\x00\x00\x00\x00\x00\xff\xff\xff\xff\xff\xff\xff\xff\x00\x00\x00\x00\x00\x00\x00\x00\x00\x00\x00\x00\x00\x00\x00\x00\xd1\xfd\xdf\xe6\x64\xdf\x0d\x88\xff\xff\xff\xff\xff\xff\xff\xff\x2e\x02\x20\x19\x9b\x20\xf2\x77\x00\x00\x00\x00\x00\x00\x00\x00\xfc\xff\xff\xff\xff\xff\xff\xff\xff\xff\xff\xff\xff\xff\xff\xff\x00\x00\x00\x00\x00\x00\x00\x00\x00\x00\x00\x00\x00\x00\x00\x00\x00\x00\x00\x00\x00\x00\x00\x00\xfe\xff\xff\xff\xff\xff\xff\xff\x00\x00\x00\x00\x00\x00\x00\x00\x00\x00\x00\x00\x00\x00\x00\x00"
    "\x00\x00\x00\x00\x00\x00\x00\x00\x00\x00\x00\x00\x00\x00\xf0\xff\x00\x00\x00\x00\x00\x00\x00\x00\x00\x00\x00\x00\x00\x00\x00\x00\x01\x00\x00\x00\x00\x00\x00\x00\x00\x00\x00\x00\x00\x00\x00\xff\x00\x00\x00\x00\x00\x00\x00\x00\x00\x00\x00\x00\x00\x00\x00\x00\x00\x00\x00\x00\x00\x00\x00\x00\x00\xf0\xff\xff\xff\xff\xff\xff\x00\x00\x00\x00\x00\x00\x00\x00\x00\x00\x00\x00\x00\x00\x00\x00\x00\x00\x00\x00\x00\x00\x00\x00\x00\x00\x00\x00\x00\x00\x00\xfe\x00\x00\x00\x00\x00\x00\x00\x00\x00\x00\x00\x00\x00\x00\x00\x00"
    "\x00\x00\x00\x00\x00\x00\x00\x00\xff\xff\xff\xff\xff\xff\xff\xff\x00\x00\x00\x00\x00\x00\x00\x00\x00\x00\x00\x00\x00\x00\x00\x00\x1d\x75\x6c\x6b\x11\xb4\xc8\x1c\xff\xff\xff\xff\xff\xff\xff\xff\xe2\x8a\x93\x94\xee\x4b\x37\xe3\x00\x00\x00\x00\x00\x00\x00\x00\xfc\xff\xff\xff\xff\xff\xff\xff\xff\xff\xff\xff\xff\xff\xff\xff\x00\x00\x00\x00\x00\x00\x00\x00\x00\x00\x00\x00\x00\x00\x00\x00\x00\x00\x00\x00\x00\x00\x00\x00\xfe\xff\xff\xff\xff\xff\xff\xff\x00\x00\x00\x00\x00\x00\x00\x00\x00\x00\x00\x00\x00\x00\x00\x00"
    "\x00\x00\x00\x00\x00\x00\x00\x00\xff\xff\xff\xff\xff\xff\xff\xff\x00\x00\x00\x00\x00\x00\x00\x00\x00\x00\x00\x00\x00\x00\x00\x00\x6b\xdf\xfd\xe0\x0b\xde\xd4\x49\xff\xff\xff\xff\xff\xff\xff\xff\x94\x20\x02\x1f\xf4\x21\x2b\xb6\x00\x00\x00\x00\x00\x00\x00\x00\xfc\xff\xff\xff\xff\xff\xff\xff\xff\xff\xff\xff\xff\xff\xff\xff\x00\x00\x00\x00\x00\x00\x00\x00\x00\x00\x00\x00\x00\x00\x00\x00\x00\x00\x00\x00\x00\x00\x00\x00\xfe\xff\xff\xff\xff\xff\xff\xff\x00\x00\x00\x00\x00\x00\x00\x00\x00\x00\x00\x00\x00\x00\x00\x00"
    "\x00\x00\x00\x00\x00\x00\x00\x00\xff\xff\xff\xff\xff\xff\xff\xff\x00\x00\x00\x00\x00\x00\x00\x00\x00\x00\x00\x00\x00\x00\x00\x00\x00\x00\x00\x00\x00\x00\x00\x00\xfe\xff\xff\xff\xff\xff\xff\xff\x00\x00\x00\x00\x00\x00\x00\x00\x00\x00\x00\x00\x00\x00\x00\x00\x00\x00\x00\x00\x00\x00\x00\x00\xff\xff\xff\xff\xff\xff\xff\xff\x00\x00\x00\x00\x00\x00\x00\x00\x00\x00\x00\x00\x00\x00\x00\x00\x00\x00\x00\x00\x00\x00\x00\x00\xfc\xff\xff\xff\xff\xff\xff\xff\x00\x00\x00\x00\x00\x00\x00\x00\x00\x00\x00\x00\x00\x00\x00\x00"
    "\x00\x00\x00\x00\x00\x00\x00\x00\xff\xff\xff\xff\xff\xff\xff\xff\x00\x00\x00\x00\x00\x00\x00\x00\x00\x00\x00\x00\x00\x00\x00\x00\x06\x40\xb0\x9f\xb4\xee\xf7\x32\xff\xff\xff\xff\xff\xff\xff\xff\xf9\xbf\x4f\x60\x4b\x11\x08\xcd\x00\x00\x00\x00\x00\x00\x00\x00\xfc\xff\xff\xff\xff\xff\xff\xff\xff\xff\xff\xff\xff\xff\xff\xff\x00\x00\x00\x00\x00\x00\x00\x00\x00\x00\x00\x00\x00\x00\x00\x00\x00\x00\x00\x00\x00\x00\x00\x00\xfe\xff\xff\xff\xff\xff\xff\xff\x00\x00\x00\x00\x00\x00\x00\x00\x00\x00\x00\x00\x00\x00\x00\x00"
    "\x01\x00\x00\x00\x00\x00\x00\x00\x00\x00\x00\x00\x00\x00\x00\xfe\x00\x00\x00\x00\x00\x00\x00\x00\x00\x00\x00\x00\x00\x00\x00\x00\x00\x00\x00\x00\x00\x00\x00\x00\x00\x00\x00\x00\x00\x00\x00\xff\x00\x00\x00\x00\x00\x00\x00\x00\x00\x00\x00\x00\x00\x00\x00\x00\x01\x00\x00\x00\x00\x00\x00\x00\x00\x00\x00\x00\x00\x00\xf0\xff\x00\x00\x00\x00\x00\x00\x00\x00\x00\x00\x00\x00\x00\x00\x00\x00\x00\x00\x00\x00\x00\x00\x00\x00\x00\x00\x00\x00\x00\x00\x00\xfc\x00\x00\x00\x00\x00\x00\x00\x00\x00\x00\x00\x00\x00\x00\x00\x00"
    "\x00\x00\x00\x00\x00\x00\x00\x00\xf8\xff\xff\xff\xff\xff\xff\xff\x00\x00\x00\x00\x00\x00\x00\x00\x00\x00\x00\x00\x00\x00\x00\x00\x00\x00\x00\x00\x00\x00\x00\x00\xff\xff\xff\xff\xff\xff\xff\xff\x00\x00\x00\x00\x00\x00\x00\x00\x00\x00\x00\x00\x00\x00\x00\x00\x00\x00\x00\x00\x00\x00\x00\x00\xff\xff\xff\xff\xff\xff\xff\xff\x00\x00\x00\x00\x00\x00\x00\x00\x00\x00\x00\x00\x00\x00\x00\x00\x00\x00\x00\x00\x00\x00\x00\x00\xf0\xff\xff\xff\xff\xff\xff\xff\x00\x00\x00\x00\x00\x00\x00\x00\x00\x00\x00\x00\x00\x00\x00\x00"
    "\x00\x00\x00\x00\x00\x00\x00\x00\x00\x00\x00\x00\x00\xe0\xff\xff\x00\x00\x00\x00\x00\x00\x00\x00\x00\x00\x00\x00\x00\x00\x00\x00\x01\x00\x00\x00\x00\x00\x00\x00\x00\x00\x00\x00\x00\xff\xff\xff\x00\x00\x00\x00\x00\x00\x00\x00\x00\x00\x00\x00\x00\x00\x00\x00\x00\x00\x00\x00\x00\x00\x00\x00\x00\xe0\xff\xff\xff\xff\xff\xff\x00\x00\x00\x00\x00\x00\x00\x00\x00\x00\x00\x00\x00\x00\x00\x00\x00\x00\x00\x00\x00\x00\x00\x00\x00\x00\x00\x00\x00\xc0\xff\xff\x00\x00\x00\x00\x00\x00\x00\x00\x00\x00\x00\x00\x00\x00\x00\x00"
    "\x00\x00\x00\x00\x00\x00\xf8\xff\xff\xff\xff\xff\xff\xff\xff\xff\x00\x00\x00\x00\x00\x00\x00\x00\x00\x00\x00\x00\x00\x00\x00\x00\xec\xff\xff\xff\xff\xff\xff\xff\xff\xff\xff\xff\xff\xff\xff\xff\x13\x00\x00\x00\x00\x00\x00\x00\x00\x00\x00\x00\x00\x00\x00\x00\x00\x00\x00\x00\xff\xff\xff\xff\xff\xff\xff\xff\xff\xff\xff\xff\x00\x00\x00\x00\x00\x00\x00\x00\x00\x00\x00\x00\x00\x00\x00\x00\x00\x00\x00\x00\x00\x00\xf0\xff\xff\xff\xff\xff\xff\xff\xff\xff\x00\x00\x00\x00\x00\x00\x00\x00\x00\x00\x00\x00\x00\x00\x00\x00"
    "\x01\x00\x00\x00\x00\x00\x00\x00\x00\x00\x00\x00\x00\x00\x00\xfe\x00\x00\x00\x00\x00\x00\x00\x00\x00\x00\x00\x00\x00\x00\x00\x00\x00\x00\x00\x00\x00\x00\x00\x00\x00\x00\x00\x00\x00\x00\xff\xff\x00\x00\x00\x00\x00\x00\x00\x00\x00\x00\x00\x00\x00\x00\x00\x00\x00\x00\x00\x00\x00\x00\x00\x00\x00\x00\x00\x00\x00\x00\xff\xff\x00\x00\x00\x00\x00\x00\x00\x00\x00\x00\x00\x00\x00\x00\x00\x00\x00\x00\x00\x00\x00\x00\x00\x00\x00\x00\x00\x00\x00\x00\x00\xfc\x00\x00\x00\x00\x00\x00\x00\x00\x00\x00\x00\x00\x00\x00\x00\x00"
    "\x00\x00\x00\x00\x00\x00\x00\x00\x00\x00\x00\x00\x00\x00\x00\xff\x00\x00\x00\x00\x00\x00\x00\x00\x00\x00\x00\x00\x00\x00\x00\x00\x01\x00\x00\x00\x00\x00\x00\x00\x00\x00\x00\x00\x00\x00\xf0\xff\x00\x00\x00\x00\x00\x00\x00\x00\x00\x00\x00\x00\x00\x00\x00\x00\x01\x00\x00\x00\x00\x00\x00\x00\x00\x00\x00\x00\x00\x00\xf0\xff\x00\x00\x00\x00\x00\x00\x00\x00\x00\x00\x00\x00\x00\x00\x00\x00\x00\x00\x00\x00\x00\x00\x00\x00\x00\x00\x00\x00\x00\x00\x00\xfe\x00\x00\x00\x00\x00\x00\x00\x00\x00\x00\x00\x00\x00\x00\x00\x00"
    "\x00\x00\x00\x00\x00\x00\x00\x00\xfe\xff\xff\xff\xff\xff\xff\xff\x00\x00\x00\x00\x00\x00\x00\x00\x00\x00\x00\x00\x00\x00\x00\x00\x00\x00\x00\x00\x00\x00\x00\x00\xff\xff\xff\xff\xff\xff\xff\xff\x00\x00\x00\x00\x00\x00\x00\x00\x00\x00\x00\x00\x00\x00\x00\x00\xff\xff\xff\xff\xff\xfe\xff\xff\xbf\xff\xff\xff\xff\xff\xff\xff\x00\x00\x00\x00\x00\x01\x00\x00\x40\x00\x00\x00\x00\x00\x00\x00\x00\x00\x00\x00\x00\x00\x00\x00\xbc\xff\xff\xff\xff\xff\xff\xff\x00\x00\x00\x00\x00\x00\x00\x00\x40\x00\x00\x00\x00\x00\x00\x00"
    "\x01\x00\x00\x00\x00\x00\x00\x00\x00\x00\x00\x00\x80\xff\xff\xff\x00\x00\x00\x00\x00\x00\x00\x00\x00\x00\x00\x00\x00\x00\x00\x00\x00\x00\x00\x00\x00\x00\x00\x00\x00\x00\x00\x00\x00\xf8\xff\xff\x00\x00\x00\x00\x00\x00\x00\x00\x00\x00\x00\x00\x00\x00\x00\x00\x01\x00\x00\x00\x00\x00\x00\x00\x00\x00\x00\x00\x00\xff\xff\xff\x00\x00\x00\x00\x00\x00\x00\x00\x00\x00\x00\x00\x00\x00\x00\x00\x00\x00\x00\x00\x00\x00\x00\x00\x00\x00\x00\x00\x00\xf0\xff\xff\x00\x00\x00\x00\x00\x00\x00\x00\x00\x00\x00\x00\x00\x00\x00\x00"
    "\x01\x00\x00\x00\x00\x00\x00\x00\x00\x00\x00\x00\x00\x00\x80\xff\x00\x00\x00\x00\x00\x00\x00\x00\x00\x00\x00\x00\x00\x00\x00\x00\xff\xff\xff\xff\xff\x00\x00\xff\xff\xff\xff\xff\xff\xff\xff\xff\x00\x00\x00\x00\x00\x00\x00\x00\x00\x00\x00\x00\x00\x00\x00\x00\x00\x00\x00\x00\x00\x00\x00\x00\x00\x00\x00\x00\x00\x80\xff\xff\x00\x00\x00\x00\x00\x00\x00\x00\x00\x00\x00\x00\x00\x00\x00\x00\x00\x00\x00\x00\x00\x00\x00\x00\x00\x00\x00\x00\x00\x00\x00\xff\x00\x00\x00\x00\x00\x00\x00\x00\x00\x00\x00\x00\x00\x00\x00\x00"
    "\x01\x00\x00\x00\x00\x00\x00\x00\x00\x00\x00\x00\x00\x00\xf0\xff\x00\x00\x00\x00\x00\x00\x00\x00\x00\x00\x00\x00\x00\x00\x00\x00\x00\x00\x00\x00\x00\x00\x00\x00\x00\x00\x00\x00\x00\xf8\xff\xff\x00\x00\x00\x00\x00\x00\x00\x00\x00\x00\x00\x00\x00\x00\x00\x00\x00\x00\x00\x00\x00\x00\x00\x00\x00\xe0\xff\xff\xff\xff\xff\xff\x00\x00\x00\x00\x00\x00\x00\x00\x00\x00\x00\x00\x00\x00\x00\x00\x00\x00\x00\x00\x00\x00\x00\x00\x00\x00\x00\x00\x00\x00\xe0\xff\x00\x00\x00\x00\x00\x00\x00\x00\x00\x00\x00\x00\x00\x00\x00\x00"
    "\x00\x00\x00\x00\x00\x00\x00\x00\xf8\xff\xff\xff\xff\xff\xff\xff\x00\x00\x00\x00\x00\x00\x00\x00\x00\x00\x00\x00\x00\x00\x00\x00\x01\x00\x00\x00\x00\x00\x00\x00\xfe\xff\xff\xff\xff\xff\xff\xff\x00\x00\x00\x00\x00\x00\x00\x00\x00\x00\x00\x00\x00\x00\x00\x00\x00\x00\x00\x00\x00\x00\x00\x00\xff\xff\xff\xff\xff\xff\xff\xff\x00\x00\x00\x00\x00\x00\x00\x00\x00\x00\x00\x00\x00\x00\x00\x00\x00\x00\x00\x00\x00\x00\x00\x00\xf0\xff\xff\xff\xff\xff\xff\xff\x00\x00\x00\x00\x00\x00\x00\x00\x00\x00\x00\x00\x00\x00\x00\x00"
    "\x00\x00\x00\x00\x00\x00\x00\x00\x00\x00\x00\x00\x00\xff\xff\xff\x00\x00\x00\x00\x00\x00\x00\x00\x00\x00\x00\x00\x00\x00\x00\x00\x01\x00\x00\x00\x00\x00\x00\x00\x00\x00\x00\x00\x80\xff\xff\xff\x00\x00\x00\x00\x00\x00\x00\x00\x00\x00\x00\x00\x00\x00\x00\x00\x01\x00\x00\x00\x00\x00\x00\x00\x00\x00\x00\x00\x80\xff\xff\xff\x00\x00\x00\x00\x00\x00\x00\x00\x00\x00\x00\x00\x00\x00\x00\x00\x00\x00\x00\x00\x00\x00\x00\x00\x00\x00\x00\x00\x00\xfe\xff\xff\x00\x00\x00\x00\x00\x00\x00\x00\x00\x00\x00\x00\x00\x00\x00\x00"
    "\x00\x00\x00\x00\x00\x00\x00\x00\x00\x00\x00\x00\x00\x00\x00\xfc\x00\x00\x00\x00\x00\x00\x00\x00\x00\x00\x00\x00\x00\x00\x00\x00\x01\x00\x00\x00\x00\x00\x00\x00\x00\x00\x00\x00\x00\x00\xf0\xff\x00\x00\x00\x00\x00\x00\x00\x00\x00\x00\x00\x00\x00\x00\x00\x00\x00\x00\x00\x00\x00\x00\x00\x00\x00\xe0\xff\xff\xff\xff\xff\xff\x00\x00\x00\x00\x00\x00\x00\x00\x00\x00\x00\x00\x00\x00\x00\x00\x00\x00\x00\x00\x00\x00\x00\x00\x00\x00\x00\x00\x00\x00\x00\xf8\x00\x00\x00\x00\x00\x00\x00\x00\x00\x00\x00\x00\x00\x00\x00\x00"
    "\x00\x00\x00\x00\x00\x00\x00\x00\x00\x00\x00\x00\x00\x00\x00\xff\x00\x00\x00\x00\x00\x00\x00\x00\x00\x00\x00\x00\x00\x00\x00\x00\x01\x00\x00\x00\x00\x00\x00\x00\x00\x00\x00\x00\x00\x00\x00\xfe\x00\x00\x00\x00\x00\x00\x00\x00\x00\x00\x00\x00\x00\x00\x00\x00\x01\x00\x00\x00\x00\x00\x00\x00\x00\x00\x00\x00\x00\x00\xf0\xff\x00\x00\x00\x00\x00\x00\x00\x00\x00\x00\x00\x00\x00\x00\x00\x00\x00\x00\x00\x00\x00\x00\x00\x00\x00\x00\x00\x00\x00\x00\x00\xfc\x00\x00\x00\x00\x00\x00\x00\x00\x00\x00\x00\x00\x00\x00\x00\x00"
    "\x00\x00\x00\x00\x00\x00\x00\x00\xfc\xff\xff\xff\xff\xff\xff\xff\x00\x00\x00\x00\x00\x00\x00\x00\x00\x00\x00\x00\x00\x00\x00\x00\x00\x00\x00\x00\x00\x00\x00\x00\xff\xff\xff\xff\xff\xff\xff\xff\x00\x00\x00\x00\x00\x00\x00\x00\x00\x00\x00\x00\x00\x00\x00\x00\x01\x00\x00\x00\x00\x00\x00\x00\xfe\xff\xff\xff\xff\xff\xff\xff\x00\x00\x00\x00\x00\x00\x00\x00\x00\x00\x00\x00\x00\x00\x00\x00\x00\x00\x00\x00\x00\x00\x00\x00\xf8\xff\xff\xff\xff\xff\xff\xff\x00\x00\x00\x00\x00\x00\x00\x00\x00\x00\x00\x00\x00\x00\x00\x00"
    "\x00\x00\x00\x00\x00\x00\x00\x00\x00\x00\x00\x00\x00\x00\xe0\xff\x00\x00\x00\x00\x00\x00\x00\x00\x00\x00\x00\x00\x00\x00\x00\x00\x01\x00\x00\x00\x00\x00\x00\x00\x00\x00\x00\x00\x00\x00\xf0\xff\x00\x00\x00\x00\x00\x00\x00\x00\x00\x00\x00\x00\x00\x00\x00\x00\x00\x00\x00\x00\x00\x00\x00\x00\x00\xe0\xff\xff\xff\xff\xff\xff\x00\x00\x00\x00\x00\x00\x00\x00\x00\x00\x00\x00\x00\x00\x00\x00\x00\x00\x00\x00\x00\x00\x00\x00\x00\x00\x00\x00\x00\x00\xc0\xff\x00\x00\x00\x00\x00\x00\x00\x00\x00\x00\x00\x00\x00\x00\x00\x00"
    "\x00\x00\x00\x00\x00\x00\x00\x00\x00\x00\x00\x00\x00\x00\x00\xfe\x00\x00\x00\x00\x00\x00\x00\x00\x00\x00\x00\x00\x00\x00\x00\x00\x01\x00\x00\x00\x00\x00\x00\x00\x00\x00\x00\x00\x00\x00\xf0\xff\x00\x00\x00\x00\x00\x00\x00\x00\x00\x00\x00\x00\x00\x00\x00\x00\x00\x00\x00\x00\x00\x00\x00\x00\x00\xe0\xff\xff\xff\xff\xff\xff\x00\x00\x00\x00\x00\x00\x00\x00\x00\x00\x00\x00\x00\x00\x00\x00\x00\x00\x00\x00\x00\x00\x00\x00\x00\x00\x00\x00\x00\x00\x00\xfc\x00\x00\x00\x00\x00\x00\x00\x00\x00\x00\x00\x00\x00\x00\x00\x00"
    "\x00\x00\x00\x00\x00\x00\x00\x00\x00\x00\x00\x00\xc0\xff\xff\xff\x00\x00\x00\x00\x00\x00\x00\x00\x00\x00\x00\x00\x00\x00\x00\x00\x01\x00\x00\x00\x00\x00\x00\x00\x00\x00\x00\x00\x00\x00\x00\xff\x00\x00\x00\x00\x00\x00\x00\x00\x00\x00\x00\x00\x00\x00\x00\x00\x01\x00\x00\x00\x00\x00\x00\x00\x00\x00\x00\x00\x00\x00\xf8\xff\x00\x00\x00\x00\x00\x00\x00\x00\x00\x00\x00\x00\x00\x00\x00\x00\x00\x00\x00\x00\x00\x00\x00\x00\x00\x00\x00\x00\x00\x00\x00\xfe\x00\x00\x00\x00\x00\x00\x00\x00\x00\x00\x00\x00\x00\x00\x00\x00"
    "\x00\x00\x00\x00\x00\x00\x00\x00\x00\xe0\xff\xff\xff\xff\xff\xff\x00\x00\x00\x00\x00\x00\x00\x00\x00\x00\x00\x00\x00\x00\x00\x00\x00\x00\x00\x00\x00\x00\xf8\xff\xff\xff\xff\xff\xff\xff\xff\xff\x00\x00\x00\x00\x00\x00\x00\x00\x00\x00\x00\x00\x00\x00\x00\x00\x00\x00\x00\x00\x00\x00\xf8\xff\xff\xff\xff\xff\xff\xff\xff\xff\xff\xff\xff\xff\xff\xff\x07\x00\x00\x00\x00\x00\x00\x00\x00\x00\x00\x00\x00\x00\x00\x00\x00\x00\x00\xc0\xff\xff\xff\xff\xff\xff\x00\x00\x00\x00\x00\x00\x00\x00\x00\x00\x00\x00\x00\x00\x00\x00"
    "\x01\x00\x00\x00\x00\x00\x00\x00\x00\x00\x00\x00\x00\x00\x00\xff\x00\x00\x00\x00\x00\x00\x00\x00\x00\x00\x00\x00\x00\x00\x00\x00\x00\x00\x00\x00\x00\x00\x00\x00\x00\x00\x00\x00\x00\x00\x80\xff\x00\x00\x00\x00\x00\x00\x00\x00\x00\x00\x00\x00\x00\x00\x00\x00\x01\x00\x00\x00\x00\x00\x00\x00\x00\x00\x00\x00\x80\xff\xff\xff\x00\x00\x00\x00\x00\x00\x00\x00\x00\x00\x00\x00\x00\x00\x00\x00\x00\x00\x00\x00\x00\x00\x00\x00\x00\x00\x00\x00\x00\x00\x00\xfe\x00\x00\x00\x00\x00\x00\x00\x00\x00\x00\x00\x00\x00\x00\x00\x00"
    "\x01\x00\x00\x00\x00\x00\x00\x00\x00\x00\x00\x00\x00\x00\x00\xfe\x00\x00\x00\x00\x00\x00\x00\x00\x00\x00\x00\x00\x00\x00\x00\x00\x01\x00\x00\x00\x00\x00\x00\x00\x00\x00\x00\x00\x00\x00\xf0\xff\x00\x00\x00\x00\x00\x00\x00\x00\x00\x00\x00\x00\x00\x00\x00\x00\x00\x00\x00\x00\x00\x00\x00\x00\x00\x00\x00\x00\x00\xe0\xff\xff\x00\x00\x00\x00\x00\x00\x00\x00\x00\x00\x00\x00\x00\x00\x00\x00\x00\x00\x00\x00\x00\x00\x00\x00\x00\x00\x00\x00\x00\x00\x00\xfc\x00\x00\x00\x00\x00\x00\x00\x00\x00\x00\x00\x00\x00\x00\x00\x00"
    "\x01\x00\x00\x00\x00\x00\x00\x00\x00\x00\x00\x00\x00\x00\xfe\xff\x00\x00\x00\x00\x00\x00\x00\x00\x00\x00\x00\x00\x00\x00\x00\x00\xff\xff\xff\xff\xff\x00\x00\xff\xff\xff\xff\xff\xff\xff\xff\xff\x00\x00\x00\x00\x00\x00\x00\x00\x00\x00\x00\x00\x00\x00\x00\x00\x00\x00\x00\x00\x00\x00\x00\x00\x00\x00\x00\x00\x00\xff\xff\xff\x00\x00\x00\x00\x00\x00\x00\x00\x00\x00\x00\x00\x00\x00\x00\x00\x00\x00\x00\x00\x00\x00\x00\x00\x00\x00\x00\x00\x00\x00\xfc\xff\x00\x00\x00\x00\x00\x00\x00\x00\x00\x00\x00\x00\x00\x00\x00\x00"
    "\x00\x00\x00\x00\x00\x00\x00\x00\xff\xff\xff\xff\xff\xff\xff\xff\x00\x00\x00\x00\x00\x00\x00\x00\x00\x00\x00\x00\x00\x00\x00\x00\x00\x00\x00\x00\x00\x00\x00\x00\xfc\xff\xff\xff\xff\xff\xff\xff\x00\x00\x00\x00\x00\x00\x00\x00\x00\x00\x00\x00\x00\x00\x00\x00\x00\x00\x00\x00\x00\x00\x00\x00\xff\xff\xff\xff\xff\xff\xff\xff\x00\x00\x00\x00\x00\x00\x00\x00\x00\x00\x00\x00\x00\x00\x00\x00\x00\x00\x00\x00\x00\x00\x00\x00\xf8\xff\xff\xff\xff\xff\xff\xff\x00\x00\x00\x00\x00\x00\x00\x00\x00\x00\x00\x00\x00\x00\x00\x00"
    "\x01\x00\x00\x00\x00\x00\x00\x00\x00\x00\x00\x00\x00\xf0\xff\xff\x00\x00\x00\x00\x00\x00\x00\x00\x00\x00\x00\x00\x00\x00\x00\x00\x01\x00\x00\x00\x00\x00\x00\x00\x00\x00\x00\x00\x80\xff\xff\xff\x00\x00\x00\x00\x00\x00\x00\x00\x00\x00\x00\x00\x00\x00\x00\x00\x00\x00\x00\x00\x00\x00\x00\x00\x00\x00\x00\x00\x00\xf8\xff\xff\x00\x00\x00\x00\x00\x00\x00\x00\x00\x00\x00\x00\x00\x00\x00\x00\x00\x00\x00\x00\x00\x00\x00\x00\x00\x00\x00\x00\x00\xe0\xff\xff\x00\x00\x00\x00\x00\x00\x00\x00\x00\x00\x00\x00\x00\x00\x00\x00"
    "\x00\x00\x00\x00\x00\x00\xf8\xff\xff\xff\xff\xff\xff\xff\xff\xff\x00\x00\x00\x00\x00\x00\x00\x00\x00\x00\x00\x00\x00\x00\x00\x00\x00\x00\x00\x00\x00\x00\x00\x00\x00\x00\xfc\xff\xff\xff\xff\xff\x00\x00\x00\x00\x00\x00\x00\x00\x00\x00\x00\x00\x00\x00\x00\x00\xec\xff\xff\xff\xff\xff\xff\xff\xff\xff\xff\xff\xff\xff\xff\xff\x13\x00\x00\x00\x00\x00\x00\x00\x00\x00\x00\x00\x00\x00\x00\x00\x00\x00\x00\x00\x00\x00\x00\x00\x00\x00\xf8\xff\xff\xff\xff\xff\x00\x00\x00\x00\x00\x00\x00\x00\x00\x00\x00\x00\x00\x00\x00\x00"
    "\x00\x00\x00\x00\x00\x00\x00\x00\xff\xff\xff\xff\xff\xff\xff\xff\x00\x00\x00\x00\x00\x00\x00\x00\x00\x00\x00\x00\x00\x00\x00\x00\x00\x00\x00\x00\x00\x00\x00\x00\xfe\xff\xff\xff\xff\xff\xff\xff\x00\x00\x00\x00\x00\x00\x00\x00\x00\x00\x00\x00\x00\x00\x00\x00\xff\xff\xff\xff\xff\xfe\xff\xff\xbf\xff\xff\xff\xff\xff\xff\xff\x00\x00\x00\x00\x00\x01\x00\x00\x40\x00\x00\x00\x00\x00\x00\x00\x00\x00\x00\x00\x00\x00\x00\x00\xbc\xff\xff\xff\xff\xff\xff\xff\x00\x00\x00\x00\x00\x00\x00\x00\x40\x00\x00\x00\x00\x00\x00\x00"
    "\x00\x00\x00\x00\x00\x00\xf8\xff\xff\xff\xff\xff\xff\xff\xff\xff\x00\x00\x00\x00\x00\x00\x00\x00\x00\x00\x00\x00\x00\x00\x00\x00\x00\x00\x00\x00\x00\x00\x00\x00\x00\x00\xfc\xff\xff\xff\xff\xff\x00\x00\x00\x00\x00\x00\x00\x00\x00\x00\x00\x00\x00\x00\x00\x00\x12\x00\x00\x00\x00\x00\xf8\xff\xff\xff\xff\xff\xff\xff\xff\xff\xed\xff\xff\xff\xff\xff\x07\x00\x00\x00\x00\x00\x00\x00\x00\x00\x00\x00\x00\x00\x00\x00\x00\x00\x00\x00\xf8\xff\xff\xff\xff\xff\x00\x00\x00\x00\x00\x00\x00\x00\x00\x00\x00\x00\x00\x00\x00\x00"
    "\x01\x00\x00\x00\x00\x00\x00\x00\x00\x00\x00\x00\x00\x00\xf0\xff\x00\x00\x00\x00\x00\x00\x00\x00\x00\x00\x00\x00\x00\x00\x00\x00\x00\x00\x00\x00\x00\x00\x00\x00\x00\x00\x00\x00\x00\xff\xff\xff\x00\x00\x00\x00\x00\x00\x00\x00\x00\x00\x00\x00\x00\x00\x00\x00\x01\x00\x00\x00\x00\x00\x00\x00\x00\x00\x00\x00\x00\xc0\xff\xff\x00\x00\x00\x00\x00\x00\x00\x00\x00\x00\x00\x00\x00\x00\x00\x00\x00\x00\x00\x00\x00\x00\x00\x00\x00\x00\x00\x00\x00\x00\xe0\xff\x00\x00\x00\x00\x00\x00\x00\x00\x00\x00\x00\x00\x00\x00\x00\x00"
    "\x01\x00\x00\x00\x00\x00\x00\x00\x00\x00\x00\x00\x00\xf8\xff\xff\x00\x00\x00\x00\x00\x00\x00\x00\x00\x00\x00\x00\x00\x00\x00\x00\x00\x00\x00\x00\x00\x00\x00\x00\x00\x00\x00\xff\xff\xff\xff\xff\x00\x00\x00\x00\x00\x00\x00\x00\x00\x00\x00\x00\x00\x00\x00\x00\x00\x00\x00\x00\x00\x00\x00\x00\x00\x00\xf8\xff\xff\xff\xff\xff\x00\x00\x00\x00\x00\x00\x00\x00\x00\x00\x00\x00\x00\x00\x00\x00\x00\x00\x00\x00\x00\x00\x00\x00\x00\x00\x00\x00\x00\xf0\xff\xff\x00\x00\x00\x00\x00\x00\x00\x00\x00\x00\x00\x00\x00\x00\x00\x00"
    "\x03\x00\x00\x00\x00\x00\x00\x00\x00\x00\x00\x00\x00\x00\xff\xff\x00\x00\x00\x00\x00\x00\x00\x00\x00\x00\x00\x00\x00\x00\x00\x00\x00\x00\x00\x00\x00\x00\x00\x00\x00\x00\x00\x00\x00\xf8\xff\xff\x00\x00\x00\x00\x00\x00\x00\x00\x00\x00\x00\x00\x00\x00\x00\x00\x03\x00\x00\x00\x00\x00\x00\x00\x00\x00\x00\x00\x00\xfe\xff\xff\x00\x00\x00\x00\x00\x00\x00\x00\x00\x00\x00\x00\x00\x00\x00\x00\x00\x00\x00\x00\x00\x00\x00\x00\x00\x00\x00\x00\x00\x00\xfe\xff\x00\x00\x00\x00\x00\x00\x00\x00\x00\x00\x00\x00\x00\x00\x00\x00"
    "\x00\x00\x00\x00\x00\x00\x00\x00\xf8\xff\xff\xff\xff\xff\xff\xff\x00\x00\x00\x00\x00\x00\x00\x00\x00\x00\x00\x00\x00\x00\x00\x00\x01\x00\x00\x00\x00\x00\x00\x00\xfe\xff\xff\xff\xff\xff\xff\xff\x00\x00\x00\x00\x00\x00\x00\x00\x00\x00\x00\x00\x00\x00\x00\x00\x01\x00\x00\x00\x00\x00\x00\x00\xfe\xff\xff\xff\xff\xff\xff\xff\x00\x00\x00\x00\x00\x00\x00\x00\x00\x00\x00\x00\x00\x00\x00\x00\x00\x00\x00\x00\x00\x00\x00\x00\xf0\xff\xff\xff\xff\xff\xff\xff\x00\x00\x00\x00\x00\x00\x00\x00\x00\x00\x00\x00\x00\x00\x00\x00"
    "\x01\x00\x00\x00\x00\x00\x00\x00\x00\x00\x00\x00\x80\xff\xff\xff\x00\x00\x00\x00\x00\x00\x00\x00\x00\x00\x00\x00\x00\x00\x00\x00\x00\x00\x00\x00\x00\x00\x00\x00\x00\x00\x00\x00\x00\xff\xff\xff\x00\x00\x00\x00\x00\x00\x00\x00\x00\x00\x00\x00\x00\x00\x00\x00\x01\x00\x00\x00\x00\x00\x00\x00\x00\x00\x00\x00\x80\xff\xff\xff\x00\x00\x00\x00\x00\x00\x00\x00\x00\x00\x00\x00\x00\x00\x00\x00\x00\x00\x00\x00\x00\x00\x00\x00\x00\x00\x00\x00\x00\xfe\xff\xff\x00\x00\x00\x00\x00\x00\x00\x00\x00\x00\x00\x00\x00\x00\x00\x00"
    "\x00\x00\x00\x00\x00\x00\x00\x00\x00\x00\x00\x00\x00\xe0\xff\xff\x00\x00\x00\x00\x00\x00\x00\x00\x00\x00\x00\x00\x00\x00\x00\x00\x01\x00\x00\x00\x00\x00\x00\x00\x00\x00\x00\x00\x00\x00\xf0\xff\x00\x00\x00\x00\x00\x00\x00\x00\x00\x00\x00\x00\x00\x00\x00\x00\x00\x00\x00\x00\x00\x00\x00\x00\x00\xe0\xff\xff\xff\xff\xff\xff\x00\x00\x00\x00\x00\x00\x00\x00\x00\x00\x00\x00\x00\x00\x00\x00\x00\x00\x00\x00\x00\x00\x00\x00\x00\x00\x00\x00\x00\x00\xe0\xff\x00\x00\x00\x00\x00\x00\x00\x00\x00\x00\x00\x00\x00\x00\x00\x00"
    "\x00\x00\x00\x00\x00\x00\x00\x00\x00\x00\x00\x00\x00\xf0\xff\xff\x00\x00\x00\x00\x00\x00\x00\x00\x00\x00\x00\x00\x00\x00\x00\x00\x00\x00\x00\x00\x00\x00\x00\x00\x00\x00\x00\x00\x00\xf8\xff\xff\x00\x00\x00\x00\x00\x00\x00\x00\x00\x00\x00\x00\x00\x00\x00\x00\x00\x00\x00\x00\x00\x00\x00\x00\x00\x00\xf0\xff\xff\xff\xff\xff\x00\x00\x00\x00\x00\x00\x00\x00\x00\x00\x00\x00\x00\x00\x00\x00\x00\x00\x00\x00\x00\x00\x00\x00\x00\x00\x00\x00\x00\xe0\xff\xff\x00\x00\x00\x00\x00\x00\x00\x00\x00\x00\x00\x00\x00\x00\x00\x00"
    "\x00\x00\x00\x00\x00\x00\x00\x00\x00\xc0\xff\xff\xff\xff\xff\xff\x00\x00\x00\x00\x00\x00\x00\x00\x00\x00\x00\x00\x00\x00\x00\x00\x00\x00\x00\x00\x00\x00\xf8\xff\xff\xff\xff\xff\xff\xff\xff\xff\xff\xff\xff\xff\xff\xff\x07\x00\x00\x00\x00\x00\x00\x00\x00\x00\x00\x00\x00\x00\x00\x00\x00\x00\x00\xe0\xff\xff\xff\xff\xff\xff\x00\x00\x00\x00\x00\x00\x00\x00\x00\x00\x00\x00\x00\x00\x00\x00\x00\x00\x00\x00\x00\x00\x00\x00\x00\x80\xff\xff\xff\xff\xff\xff\x00\x00\x00\x00\x00\x00\x00\x00\x00\x00\x00\x00\x00\x00\x00\x00"
    "\x01\x00\x00\x00\x00\x00\x00\x00\x00\x00\x00\x00\x00\x00\x00\xfe\x00\x00\x00\x00\x00\x00\x00\x00\x00\x00\x00\x00\x00\x00\x00\x00\x01\x00\x00\x00\x00\x00\x00\x00\x00\x00\x00\x00\x00\x00\xfe\xff\x00\x00\x00\x00\x00\x00\x00\x00\x00\x00\x00\x00\x00\x00\x00\x00\xff\xff\xff\xff\xff\x00\x00\xff\xff\xff\xff\xff\xff\xff\xff\xff\x00\x00\x00\x00\x00\x00\x00\x00\x00\x00\x00\x00\x00\x00\x00\x00\x01\x00\x00\x00\x00\x00\x00\x00\x00\x00\x00\x00\x00\x00\x00\xfc\x00\x00\x00\x00\x00\x00\x00\x00\x00\x00\x00\x00\x00\x00\x00\x00"
    "\xfc\xff\xff\xff\xff\xff\xff\xff\xff\xff\xff\xff\xff\xff\xff\xff\x00\x00\x00\x00\x00\x00\x00\x00\x00\x00\x00\x00\x00\x00\x00\x00\x01\x00\x00\x00\x00\x00\x00\x00\xfe\xff\xff\xff\xff\xff\xff\xff\x00\x00\x00\x00\x00\x00\x00\x00\x00\x00\x00\x00\x00\x00\x00\x00\x01\x00\x00\x00\x00\x00\x00\x00\xfe\xff\xff\xff\xff\xff\xff\xff\x00\x00\x00\x00\x00\x00\x00\x00\x00\x00\x00\x00\x00\x00\x00\x00\x00\x00\x00\x00\x00\x00\x00\x00\xfc\xff\xff\xff\xff\xff\xff\xff\x00\x00\x00\x00\x00\x00\x00\x00\x00\x00\x00\x00\x00\x00\x00\x00"
    "\x00\x00\x00\x00\x00\x00\x00\x00\x00\x00\x00\xff\xff\xff\xff\xff\x00\x00\x00\x00\x00\x00\x00\x00\x00\x00\x00\x00\x00\x00\x00\x00\x01\x00\x00\x00\x00\x00\x00\x00\x00\x00\x00\x00\x00\xf8\xff\xff\x00\x00\x00\x00\x00\x00\x00\x00\x00\x00\x00\x00\x00\x00\x00\x00\x00\x00\x00\x00\x00\x00\x00\x00\xff\xff\xff\xff\xff\xff\xff\xff\x00\x00\x00\x00\x00\x00\x00\x00\x00\x00\x00\x00\x00\x00\x00\x00\x00\x00\x00\x00\x00\x00\x00\x00\x00\x00\x00\x00\x00\xf0\xff\xff\x00\x00\x00\x00\x00\x00\x00\x00\x00\x00\x00\x00\x00\x00\x00\x00"
    "\x01\x00\x00\x00\x00\x00\x00\x00\x00\x00\x00\x00\x00\x00\x80\xff\x00\x00\x00\x00\x00\x00\x00\x00\x00\x00\x00\x00\x00\x00\x00\x00\x00\x00\x00\x00\x00\x00\x00\x00\x00\x00\x00\x00\x00\x00\xff\xff\x00\x00\x00\x00\x00\x00\x00\x00\x00\x00\x00\x00\x00\x00\x00\x00\x00\x00\x00\x00\x00\x00\x00\x00\x00\x00\x00\x00\xff\xff\xff\xff\x00\x00\x00\x00\x00\x00\x00\x00\x00\x00\x00\x00\x00\x00\x00\x00\x00\x00\x00\x00\x00\x00\x00\x00\x00\x00\x00\x00\x00\x00\x00\xff\x00\x00\x00\x00\x00\x00\x00\x00\x00\x00\x00\x00\x00\x00\x00\x00"
    "\xff\xff\xff\xff\xff\x00\x00\xff\xff\xff\xff\xff\xff\xff\xff\xff\x00\x00\x00\x00\x00\x00\x00\x00\x00\x00\x00\x00\x00\x00\x00\x00\x01\x00\x00\x00\x00\x00\x00\x00\x00\x00\x00\x00\x00\x00\x80\xff\x00\x00\x00\x00\x00\x00\x00\x00\x00\x00\x00\x00\x00\x00\x00\x00\x00\x00\x00\x00\x00\x00\x00\x00\x00\x00\x00\x00\x80\xff\xff\xff\x00\x00\x00\x00\x00\x00\x00\x00\x00\x00\x00\x00\x00\x00\x00\x00\x00\x00\x00\x00\x00\x00\x00\x00\x00\x00\x00\x00\x00\x00\x00\xff\x00\x00\x00\x00\x00\x00\x00\x00\x00\x00\x00\x00\x00\x00\x00\x00"
    "\x00\x00\x00\x00\x00\x00\x00\x00\x00\x00\x00\x00\x00\x00\x00\xfe\x00\x00\x00\x00\x00\x00\x00\x00\x00\x00\x00\x00\x00\x00\x00\x00\x00\x00\x00\x00\x00\x00\x00\x00\x00\x00\x00\x00\x00\x00\x00\xff\x00\x00\x00\x00\x00\x00\x00\x00\x00\x00\x00\x00\x00\x00\x00\x00\xff\xff\xff\xff\xff\xff\xff\xff\x80\x00\x00\x00\x00\x00\x00\x7f\x00\x00\x00\x00\x00\x00\x00\x00\x7f\xff\xff\xff\xff\xff\xff\x80\x00\x00\x00\x00\x00\x00\x00\x00\x00\x00\x00\x00\x00\x00\x00\x7c\x00\x00\x00\x00\x00\x00\x00\x00\x00\x00\x00\x00\x00\x00\x00\x80"
    "\x00\x00\x00\x00\x00\x00\x00\x00\x00\x00\x00\x00\x00\xff\xff\xff\x00\x00\x00\x00\x00\x00\x00\x00\x00\x00\x00\x00\x00\x00\x00\x00\x01\x00\x00\x00\x00\x00\x00\x00\x00\x00\x00\x00\x00\x00\xf8\xff\x00\x00\x00\x00\x00\x00\x00\x00\x00\x00\x00\x00\x00\x00\x00\x00\x01\x00\x00\x00\x00\x00\x00\x00\x00\x00\x00\x00\x80\xff\xff\xff\x00\x00\x00\x00\x00\x00\x00\x00\x00\x00\x00\x00\x00\x00\x00\x00\x00\x00\x00\x00\x00\x00\x00\x00\x00\x00\x00\x00\x00\x00\xf0\xff\x00\x00\x00\x00\x00\x00\x00\x00\x00\x00\x00\x00\x00\x00\x00\x00"
    "\x00\x00\x00\x00\x00\x00\x00\x00\x00\x00\x00\x00\x00\x00\x00\xfe\x00\x00\x00\x00\x00\x00\x00\x00\x00\x00\x00\x00\x00\x00\x00\x00\x00\x00\x00\x00\x00\x00\x00\x00\x00\x00\x00\x00\x00\x00\x00\xff\x00\x00\x00\x00\x00\x00\x00\x00\x00\x00\x00\x00\x00\x00\x00\x00\xff\xff\xff\xff\xff\x00\x00\xff\xff\xff\xff\xff\xff\xff\xff\xff\x00\x00\x00\x00\x00\x00\x00\x00\x00\x00\x00\x00\x00\x00\x00\x00\x00\x00\x00\x00\x00\x00\x00\x00\x00\x00\x00\x00\x00\x00\x00\xfc\x00\x00\x00\x00\x00\x00\x00\x00\x00\x00\x00\x00\x00\x00\x00\x00"
    "\x00\x00\x00\x00\x00\x00\x00\x00\x00\x00\x00\x00\x00\x00\x00\xfe\x00\x00\x00\x00\x00\x00\x00\x00\x00\x00\x00\x00\x00\x00\x00\x00\x00\x00\x00\x00\x00\x00\x00\x00\x00\x00\x00\x00\x00\x00\x00\xff\x00\x00\x00\x00\x00\x00\x00\x00\x00\x00\x00\x00\x00\x00\x00\x00\xff\x00\x00\x00\x00\x00\x00\x00\xff\xff\xff\xff\xff\xff\xff\xff\x00\xff\xff\xff\xff\xff\xff\xff\x00\x00\x00\x00\x00\x00\x00\x00\x00\x00\x00\x00\x00\x00\x00\x00\x00\x00\x00\x00\x00\x00\x00\xfc\x00\x00\x00\x00\x00\x00\x00\x00\x00\x00\x00\x00\x00\x00\x00\x00"
    "\x00\x00\x00\x00\x00\x00\x00\x00\x00\x00\x00\x00\x00\x00\x00\xfe\x00\x00\x00\x00\x00\x00\x00\x00\x00\x00\x00\x00\x00\x00\x00\x00\x00\x00\x00\x00\x00\x00\x00\x00\x00\x00\x00\x00\x00\x00\x00\xff\x00\x00\x00\x00\x00\x00\x00\x00\x00\x00\x00\x00\x00\x00\x00\x00\xff\xff\xff\xff\xff\xff\xff\xff\x00\x00\x00\x00\x00\x00\x00\xff\x00\x00\x00\x00\x00\x00\x00\x00\xff\xff\xff\xff\xff\xff\xff\x00\x00\x00\x00\x00\x00\x00\x00\x00\x00\x00\x00\x00\x00\x00\x00\xfc\x00\x00\x00\x00\x00\x00\x00\x00\x00\x00\x00\x00\x00\x00\x00\x00"
    "\x01\x00\x00\x00\x00\x00\x00\x00\x00\x00\x00\x00\x00\x00\xe0\xff\x00\x00\x00\x00\x00\x00\x00\x00\x00\x00\x00\x00\x00\x00\x00\x00\x00\x00\x00\x00\x00\x00\x00\x00\x00\x00\x00\x00\x00\xe0\xff\xff\x00\x00\x00\x00\x00\x00\x00\x00\x00\x00\x00\x00\x00\x00\x00\x00\x00\x00\x00\x00\x00\x00\x00\x00\x00\xe0\xff\xff\xff\xff\xff\xff\x00\x00\x00\x00\x00\x00\x00\x00\x00\x00\x00\x00\x00\x00\x00\x00\x00\x00\x00\x00\x00\x00\x00\x00\x00\x00\x00\x00\x00\x00\xc0\xff\x00\x00\x00\x00\x00\x00\x00\x00\x00\x00\x00\x00\x00\x00\x00\x00"
    "\x01\x00\x00\x00\x00\x00\x00\x00\x00\x00\x00\x00\x00\x00\x00\xfc\x00\x00\x00\x00\x00\x00\x00\x00\x00\x00\x00\x00\x00\x00\x00\x00\x00\x00\x00\x00\x00\x00\x00\x00\x00\x00\x00\x00\x00\xe0\xff\xff\x00\x00\x00\x00\x00\x00\x00\x00\x00\x00\x00\x00\x00\x00\x00\x00\x00\x00\x00\x00\x00\x00\x00\x00\x00\xf0\xff\xff\xff\xff\xff\xff\x00\x00\x00\x00\x00\x00\x00\x00\x00\x00\x00\x00\x00\x00\x00\x00\x00\x00\x00\x00\x00\x00\x00\x00\x00\x00\x00\x00\x00\x00\x00\xf8\x00\x00\x00\x00\x00\x00\x00\x00\x00\x00\x00\x00\x00\x00\x00\x00"
    "\x00\x00\x00\x00\x00\x00\xf8\xff\xff\xff\xff\xff\xff\xff\xff\xff\x00\x00\x00\x00\x00\x00\x00\x00\x00\x00\x00\x00\x00\x00\x00\x00\x00\x00\x00\x00\xff\xff\xff\xff\xff\xff\xff\xff\xff\xff\xff\xff\x00\x00\x00\x00\x00\x00\x00\x00\x00\x00\x00\x00\x00\x00\x00\x00\xec\xff\xff\xff\xff\xff\xff\xff\xff\xff\xff\xff\xff\xff\xff\xff\x13\x00\x00\x00\x00\x00\x00\x00\x00\x00\x00\x00\x00\x00\x00\x00\x00\x00\x00\x00\x00\x00\xf0\xff\xff\xff\xff\xff\xff\xff\xff\xff\x00\x00\x00\x00\x00\x00\x00\x00\x00\x00\x00\x00\x00\x00\x00\x00"
    "\x01\x00\x00\x00\x00\x00\x00\x00\x00\x00\x00\x00\x00\x00\xf8\xff\x00\x00\x00\x00\x00\x00\x00\x00\x00\x00\x00\x00\x00\x00\x00\x00\x01\x00\x00\x00\x00\x00\x00\x00\x00\x00\x00\x00\x00\xff\xff\xff\x00\x00\x00\x00\x00\x00\x00\x00\x00\x00\x00\x00\x00\x00\x00\x00\x00\x00\x00\x00\x00\x00\x00\x00\x00\x00\x00\x00\x00\xf8\xff\xff\x00\x00\x00\x00\x00\x00\x00\x00\x00\x00\x00\x00\x00\x00\x00\x00\x00\x00\x00\x00\x00\x00\x00\x00\x00\x00\x00\x00\x00\x00\xf0\xff\x00\x00\x00\x00\x00\x00\x00\x00\x00\x00\x00\x00\x00\x00\x00\x00"
    "\x07\x00\x00\x00\x00\x00\x00\x00\x00\xfc\xff\xff\xff\xff\xff\xff\x00\x00\x00\x00\x00\x00\x00\x00\x00\x00\x00\x00\x00\x00\x00\x00\x00\xe0\xff\xff\xff\xff\xff\xff\xff\xff\xff\xff\xff\xff\xff\xff\x00\x00\x00\x00\x00\x00\x00\x00\x00\x00\x00\x00\x00\x00\x00\x00\xf6\xff\xff\xff\xff\xff\xff\xff\xff\xff\xff\xff\xff\xff\xff\xff\x09\x00\x00\x00\x00\x00\x00\x00\x00\x00\x00\x00\x00\x00\x00\x00\x00\x00\x00\x00\x00\x00\x00\x00\x00\xf8\xff\xff\xff\xff\xff\xff\x00\x00\x00\x00\x00\x00\x00\x00\x00\x00\x00\x00\x00\x00\x00\x00"
    "\x01\x00\x00\x00\x00\x00\x00\x00\x00\x00\x00\x00\x00\x00\xfe\xff\x00\x00\x00\x00\x00\x00\x00\x00\x00\x00\x00\x00\x00\x00\x00\x00\x00\x00\x00\x00\x00\x00\x00\x00\x00\x00\x00\x00\x00\x00\xff\xff\x00\x00\x00\x00\x00\x00\x00\x00\x00\x00\x00\x00\x00\x00\x00\x00\xff\x00\x00\x00\x00\x00\x00\x00\xff\xff\xff\xff\xff\xff\xff\xff\x00\xff\xff\xff\xff\xff\xff\xff\x00\x00\x00\x00\x00\x00\x00\x00\x00\x00\x00\x00\x00\x00\x00\x00\x00\x00\x00\x00\x00\x00\xfc\xff\x00\x00\x00\x00\x00\x00\x00\x00\x00\x00\x00\x00\x00\x00\x00\x00"
    "\x01\x00\x00\x00\x00\x00\x00\x00\x00\x00\x00\x00\x00\x00\xfe\xff\x00\x00\x00\x00\x00\x00\x00\x00\x00\x00\x00\x00\x00\x00\x00\x00\x00\x00\x00\x00\x00\x00\x00\x00\x00\x00\x00\x00\x00\x00\xff\xff\x00\x00\x00\x00\x00\x00\x00\x00\x00\x00\x00\x00\x00\x00\x00\x00\xff\x01\x00\x00\x00\x00\x00\x00\xfe\xff\xff\xff\xff\xff\xff\xff\x00\xfe\xff\xff\xff\xff\xff\xff\x01\x00\x00\x00\x00\x00\x00\x00\x00\x00\x00\x00\x00\x00\x00\x00\x00\x00\x00\x00\x00\x00\xfc\xff\x00\x00\x00\x00\x00\x00\x00\x00\x00\x00\x00\x00\x00\x00\x00\x00"
    "\x00\x00\x00\x00\x00\x00\xf0\xff\xff\xff\xff\xff\xff\xff\xff\xff\x00\x00\x00\x00\x00\x00\x00\x00\x00\x00\x00\x00\x00\x00\x00\x00\x00\x00\x00\x00\x00\x00\xf8\xff\xff\xff\xff\xff\xff\xff\xff\xff\xff\xff\xff\xff\xff\xff\x07\x00\x00\x00\x00\x00\x00\x00\x00\x00\x00\x00\x00\xf8\xff\xff\xff\xff\xff\xff\xff\xff\xff\xff\xff\xff\x00\x00\x00\x00\x00\x00\x00\x00\x00\x00\x00\x00\x00\x00\x00\x00\x00\x00\x00\x00\x00\x00\xe0\xff\xff\xff\xff\xff\xff\xff\xff\xff\x00\x00\x00\x00\x00\x00\x00\x00\x00\x00\x00\x00\x00\x00\x00\x00"
    "\x01\x00\x00\x00\x00\x00\x00\x00\x00\x00\x00\x00\x00\xc0\xff\xff\x00\x00\x00\x00\x00\x00\x00\x00\x00\x00\x00\x00\x00\x00\x00\x00\x01\x00\x00\x00\x00\x00\x00\x00\x00\x00\x00\x00\x00\x00\xf0\xff\x00\x00\x00\x00\x00\x00\x00\x00\x00\x00\x00\x00\x00\x00\x00\x00\x00\x00\x00\x00\x00\x00\x00\x00\x00\x00\x00\x00\x00\xe0\xff\xff\x00\x00\x00\x00\x00\x00\x00\x00\x00\x00\x00\x00\x00\x00\x00\x00\x00\x00\x00\x00\x00\x00\x00\x00\x00\x00\x00\x00\x00\x00\xe0\xff\x00\x00\x00\x00\x00\x00\x00\x00\x00\x00\x00\x00\x00\x00\x00\x00"
    "\x01\x00\x00\x00\x00\x00\x00\x00\x00\x00\x00\x00\x00\x00\xf0\xff\x00\x00\x00\x00\x00\x00\x00\x00\x00\x00\x00\x00\x00\x00\x00\x00\x01\x00\x00\x00\x00\x00\x00\x00\x00\x00\x00\x00\x00\xfe\xff\xff\x00\x00\x00\x00\x00\x00\x00\x00\x00\x00\x00\x00\x00\x00\x00\x00\x00\x00\x00\x00\x00\x00\x00\x00\x00\x00\x00\x00\x00\xe0\xff\xff\x00\x00\x00\x00\x00\x00\x00\x00\x00\x00\x00\x00\x00\x00\x00\x00\x00\x00\x00\x00\x00\x00\x00\x00\x00\x00\x00\x00\x00\x00\xe0\xff\x00\x00\x00\x00\x00\x00\x00\x00\x00\x00\x00\x00\x00\x00\x00\x00";

static const ::KnownBitsPatterns::BwTable kTables[] = {
  {8u, 15u, kBlob_bw8_0},
  {16u, 42u, kBlob_bw16_0},
  {24u, 2u, kBlob_bw24_0},
  {32u, 296u, kBlob_bw32_0},
  {64u, 276u, kBlob_bw64_0},
  {128u, 82u, kBlob_bw128_0},
};
} // namespace

std::array<APInt, 2> solution(unsigned bw, std::array<APInt, 2> ssa_0, std::array<APInt, 2> ssa_1, std::array<APInt, 2> ssa_2) {
  const std::array<APInt, 2> args[3] = {ssa_0, ssa_1, ssa_2};
  return ::KnownBitsPatterns::lookupKB<3>(bw, args, kTables, std::size(kTables));
}
}
